variant,display,full_name,LV_dice,MYO_dice,MI_dice,MI_path_dice,MVO_dice,LV_hd95,MYO_hd95,MI_hd95,MI_recall,LV_iou,MYO_iou,MI_iou,params_M,inference_ms
M1,Baseline 3D U-Net,3D U-Net baseline,0.9154990945904558,0.7275726217683869,0.3210411089196191,0.4494575524874668,,5.5022191654255455,8.159405257681447,99.35905405392445,0.5493843390407046,0.845337712315679,0.5811671573960202,0.21650061629069967,46.579736,56.56935373942057
M2,AFDD-Net-F,AFDD-Net-F (factorized conv),0.9048335067071245,0.7298446879130895,0.3251263637138227,0.4551769091993518,,5.760144385599164,8.7751419814943,99.62450836132506,0.5247488196583829,0.8286731178730361,0.5812608006389592,0.2226391751504274,11.521496,37.70019213358561
M3,AFDD-Net-D,AFDD-Net-D (dual decoder),0.9069533659129558,0.7582870030689389,0.3173532563458492,0.41255923324960386,0.03760463824650671,5.65975599833185,7.226539208700342,81.83544635936686,0.5079630575940999,0.8316867298280493,0.6156758608682408,0.20731636246979737,16.058893,58.106088638305664
M4,AFDD-Net-T,AFDD-Net-T (Focal Tversky),0.9061546942634694,0.7611440011948499,0.3365150763274069,0.4038180915928883,0.038323901859823546,5.441062124199062,7.126425003081232,59.548545312541975,0.5120545611046848,0.8300305817529581,0.6183539003815769,0.21982862723441296,16.058893,70.74602444966634
M5,AFDD-Net,AFDD-Net (full proposed),0.9053854373059125,0.7734933804274451,0.32531696086786466,0.4554437452150105,0.2398014440433213,5.443879222057486,7.127370247217289,96.61488607635991,0.5139839551643789,0.8284929055431968,0.6344634069207125,0.22354053611049543,16.058893,59.319051106770836
