variant,display,full_name,LV_dice,MYO_dice,MI_dice,MVO_dice,LV_hd95,MYO_hd95,MI_hd95,MI_recall,LV_iou,MYO_iou,MI_iou,params_M,inference_ms
M1,Baseline 3D U-Net,3D U-Net baseline,0.9220373048743149,0.7672021133063923,0.4068310569614829,,5.515387307210603,7.717731234764825,77.22033479634423,0.5459911624854611,0.8564251596122928,0.6283017761433999,0.28897118166080693,46.579736,135.8243147532145
M5,AFDD-Net,AFDD-Net (full proposed),0.918784295342279,0.7836434593892313,0.36717064875080224,0.09112060334904923,5.5711665383379145,6.942899472389341,76.15205116105122,0.5961995162037211,0.850681825875279,0.6472600336128073,0.25048165473251155,16.058893,114.83155886332194
