variant,display,protocol,LV,LV_std,MYO,MYO_std,MI_path,MI_path_std,MI,MI_std,MVO,MVO_std,params_M,inference_ms
M1,Baseline 3D U-Net,5-fold-cv,0.9092347560986005,0.012089107503135042,0.7430059383655381,0.025621836466332207,0.4584461201983305,0.05686333237005317,0.5199457180711249,0.12565553109846897,,,46.579736,43.34206030183567
M2,AFDD-Net-F,5-fold-cv,0.9072641889912942,0.008344101817723918,0.7361143606060011,0.018702241678440215,0.4508301319161891,0.049523617077154906,0.5416398942277441,0.07417588750615926,,,11.521496,24.776647479313063
M3,AFDD-Net-D,5-fold-cv,0.8813018550763771,0.021328084135530823,0.743631453993068,0.0353430501105523,0.32125674811464056,0.11238563206698558,0.46653397421132786,0.06043462609976519,0.4279470403702502,0.11982235634298653,16.09179,42.44131994127929
M4,AFDD-Net-T,5-fold-cv,0.8895041893087843,0.020943414045690615,0.7486899869257724,0.026464139145700175,0.322423970742176,0.09037846298351122,0.405959676025896,0.03721564267498156,0.4412715867191096,0.0414638029920011,16.09179,44.0020573766608
M5,AFDD-Net,5-fold-cv,0.895300413292723,0.007303318792693636,0.7636317353557349,0.017196338930453282,0.3771192544157388,0.053785558391825326,0.4806230293581256,0.07403940311473427,0.5151446410882253,0.09831305259505138,16.09179,43.744518111522936
