variant,display,protocol,LV,LV_std,MYO,MYO_std,MI_path,MI_path_std,MI,MI_std,MVO,MVO_std,params_M,inference_ms
UNET,UNet,5-fold-cv,0.8946365955218285,0.013049133806103327,0.6883424229487387,0.014005714471107229,0.31496395869129606,0.08494346123202699,0.4703583363106224,0.0344699104496667,,,19.220713,11.387698871450016
SEGRESNET,SegResNet,5-fold-cv,0.727925832077073,0.4069779277427287,0.5633004567303949,0.31513864667311975,0.3189248968714689,0.19291857561828699,0.5127985957694304,0.10444968615163526,,,4.700948,16.3585158697047
SWINUNETR,SwinUNETR,5-fold-cv,0.8946483641512956,0.012911768308989343,0.7099228802090415,0.01870729053219799,0.39514671546183433,0.06159946611999819,0.44467552604488925,0.06668535994818663,,,15.703054,87.57754594759832
NNUNET,nnU-Net,5-fold-cv,0.8990772256981028,0.008138802345593114,0.687727396127305,0.014831889085277565,0.37152304139837244,0.04056060193022243,0.4476937158737506,0.08419322999988182,,,16.663556,22.945488521030974
DYNUNET,DynUNet,5-fold-cv,0.9013096144615869,0.010952022676679591,0.6761640757178903,0.025699791146107723,0.38684402820682245,0.044681523760665184,0.5087717438133489,0.09057880761267853,,,22.572004,21.46609951678972
