{
  "model_name": "AFDD-Net",
  "model_full_name": "Anisotropic Factorized Dual-Decoder Network with MYO Soft-Gating and Topology Consistency",
  "year": 2026,
  "split": "test",
  "target_mi_dice": 0.783,
  "ablation": [
    {
      "variant": "M1",
      "display": "Baseline 3D U-Net",
      "full_name": "3D U-Net baseline",
      "LV_dice": 0.9220373048743149,
      "MYO_dice": 0.7672021133063923,
      "MI_dice": 0.4068310569614829,
      "MVO_dice": null,
      "LV_hd95": 5.515387307210603,
      "MYO_hd95": 7.717731234764825,
      "MI_hd95": 77.22033479634423,
      "MI_recall": 0.5459911624854611,
      "LV_iou": 0.8564251596122928,
      "MYO_iou": 0.6283017761433999,
      "MI_iou": 0.28897118166080693,
      "params_M": 46.579736,
      "inference_ms": 135.8243147532145,
      "LV_dice_std": 0.026184795260808153,
      "MYO_dice_std": 0.07599374286219442,
      "MI_dice_std": 0.26395599132929615
    },
    {
      "variant": "M5",
      "display": "AFDD-Net",
      "full_name": "AFDD-Net (full proposed)",
      "LV_dice": 0.918784295342279,
      "MYO_dice": 0.7836434593892313,
      "MI_dice": 0.36717064875080224,
      "MVO_dice": 0.09112060334904923,
      "LV_hd95": 5.5711665383379145,
      "MYO_hd95": 6.942899472389341,
      "MI_hd95": 76.15205116105122,
      "MI_recall": 0.5961995162037211,
      "LV_iou": 0.850681825875279,
      "MYO_iou": 0.6472600336128073,
      "MI_iou": 0.25048165473251155,
      "params_M": 16.058893,
      "inference_ms": 114.83155886332194,
      "LV_dice_std": 0.024208017311607908,
      "MYO_dice_std": 0.052268144813029084,
      "MI_dice_std": 0.23940051579093075
    }
  ],
  "sota": [
    {
      "method": "nnU-Net",
      "citation": "Isensee et al.",
      "year": 2021,
      "architecture": "Self-configured 3D U-Net",
      "LV": 0.941,
      "MYO": 0.856,
      "MI": 0.72,
      "MVO": null,
      "dataset": "EMIDEC"
    },
    {
      "method": "ICPIU-Net",
      "citation": "Brahim et al.",
      "year": 2022,
      "architecture": "Cascaded 3D + VAE prior",
      "LV": 0.932,
      "MYO": 0.895,
      "MI": 0.783,
      "MVO": null,
      "dataset": "EMIDEC"
    },
    {
      "method": "2D-3D Cascade",
      "citation": "Schwab et al.",
      "year": 2025,
      "architecture": "Error-correcting 2D-3D cascade CNN",
      "LV": null,
      "MYO": 0.83,
      "MI": 0.72,
      "MVO": null,
      "dataset": "LGE-CMR / EMIDEC-related"
    }
  ]
}