{
  "model_name": "AFDD-Net",
  "model_full_name": "Anisotropic Factorized Dual-Decoder Network with MYO Soft-Gating and Topology Consistency",
  "year": 2026,
  "split": "test",
  "target_mi_dice": 0.76,
  "target_mi_dice_label": "Schwab 2025 (EMIDEC best)",
  "ablation": [
    {
      "variant": "M1",
      "display": "Baseline 3D U-Net",
      "full_name": "3D U-Net baseline",
      "LV_dice": 0.9154990945904558,
      "MYO_dice": 0.7275726217683869,
      "MI_dice": 0.3210411089196191,
      "MI_path_dice": 0.4494575524874668,
      "MVO_dice": null,
      "LV_hd95": 5.5022191654255455,
      "MYO_hd95": 8.159405257681447,
      "MI_hd95": 99.35905405392445,
      "MI_recall": 0.5493843390407046,
      "LV_iou": 0.845337712315679,
      "MYO_iou": 0.5811671573960202,
      "MI_iou": 0.21650061629069967,
      "params_M": 46.579736,
      "inference_ms": 56.56935373942057,
      "LV_dice_std": 0.027635967547628402,
      "MYO_dice_std": 0.10159459040553209,
      "MI_dice_std": 0.2435163289834094
    },
    {
      "variant": "M2",
      "display": "AFDD-Net-F",
      "full_name": "AFDD-Net-F (factorized conv)",
      "LV_dice": 0.9048335067071245,
      "MYO_dice": 0.7298446879130895,
      "MI_dice": 0.3251263637138227,
      "MI_path_dice": 0.4551769091993518,
      "MVO_dice": null,
      "LV_hd95": 5.760144385599164,
      "MYO_hd95": 8.7751419814943,
      "MI_hd95": 99.62450836132506,
      "MI_recall": 0.5247488196583829,
      "LV_iou": 0.8286731178730361,
      "MYO_iou": 0.5812608006389592,
      "MI_iou": 0.2226391751504274,
      "params_M": 11.521496,
      "inference_ms": 37.70019213358561,
      "LV_dice_std": 0.04190509329672651,
      "MYO_dice_std": 0.0830728528648594,
      "MI_dice_std": 0.25621223953777184
    },
    {
      "variant": "M3",
      "display": "AFDD-Net-D",
      "full_name": "AFDD-Net-D (dual decoder)",
      "LV_dice": 0.9069533659129558,
      "MYO_dice": 0.7582870030689389,
      "MI_dice": 0.3173532563458492,
      "MI_path_dice": 0.41255923324960386,
      "MVO_dice": 0.03760463824650671,
      "LV_hd95": 5.65975599833185,
      "MYO_hd95": 7.226539208700342,
      "MI_hd95": 81.83544635936686,
      "MI_recall": 0.5079630575940999,
      "LV_iou": 0.8316867298280493,
      "MYO_iou": 0.6156758608682408,
      "MI_iou": 0.20731636246979737,
      "params_M": 16.058893,
      "inference_ms": 58.106088638305664,
      "LV_dice_std": 0.03655334228539406,
      "MYO_dice_std": 0.0702810406269204,
      "MI_dice_std": 0.21263833961350967
    },
    {
      "variant": "M4",
      "display": "AFDD-Net-T",
      "full_name": "AFDD-Net-T (Focal Tversky)",
      "LV_dice": 0.9061546942634694,
      "MYO_dice": 0.7611440011948499,
      "MI_dice": 0.3365150763274069,
      "MI_path_dice": 0.4038180915928883,
      "MVO_dice": 0.038323901859823546,
      "LV_hd95": 5.441062124199062,
      "MYO_hd95": 7.126425003081232,
      "MI_hd95": 59.548545312541975,
      "MI_recall": 0.5120545611046848,
      "LV_iou": 0.8300305817529581,
      "MYO_iou": 0.6183539003815769,
      "MI_iou": 0.21982862723441296,
      "params_M": 16.058893,
      "inference_ms": 70.74602444966634,
      "LV_dice_std": 0.0333423314263248,
      "MYO_dice_std": 0.06271015688025007,
      "MI_dice_std": 0.20281396911246932
    },
    {
      "variant": "M5",
      "display": "AFDD-Net",
      "full_name": "AFDD-Net (full proposed)",
      "LV_dice": 0.9053854373059125,
      "MYO_dice": 0.7734933804274451,
      "MI_dice": 0.32531696086786466,
      "MI_path_dice": 0.4554437452150105,
      "MVO_dice": 0.2398014440433213,
      "LV_hd95": 5.443879222057486,
      "MYO_hd95": 7.127370247217289,
      "MI_hd95": 96.61488607635991,
      "MI_recall": 0.5139839551643789,
      "LV_iou": 0.8284929055431968,
      "MYO_iou": 0.6344634069207125,
      "MI_iou": 0.22354053611049543,
      "params_M": 16.058893,
      "inference_ms": 59.319051106770836,
      "LV_dice_std": 0.03059145493253984,
      "MYO_dice_std": 0.06106919613801285,
      "MI_dice_std": 0.2562621395253556
    }
  ],
  "sota": [
    {
      "method": "Zhang (cascaded nnU-Net)",
      "citation": "Zhang et al.",
      "year": 2021,
      "architecture": "2D-3D cascaded nnU-Net",
      "LV": null,
      "MYO": 0.879,
      "MI": 0.712,
      "MVO": 0.785,
      "dataset": "EMIDEC",
      "protocol": "Official test (50 cases)"
    },
    {
      "method": "ICPIU-Net",
      "citation": "Brahim et al.",
      "year": 2022,
      "architecture": "Cascaded 3D + VAE prior",
      "LV": null,
      "MYO": 0.877,
      "MI": 0.734,
      "MVO": null,
      "dataset": "EMIDEC",
      "protocol": "Official test (50 cases)"
    },
    {
      "method": "ICPIU-Net (5-fold)",
      "citation": "Brahim et al.",
      "year": 2022,
      "architecture": "Cascaded 3D + VAE prior",
      "LV": 0.932,
      "MYO": 0.895,
      "MI": 0.783,
      "MVO": null,
      "dataset": "EMIDEC",
      "protocol": "5-fold CV (100 cases)"
    },
    {
      "method": "3D nnU-Net (EMIDEC)",
      "citation": "nnU-Net baseline",
      "year": 2021,
      "architecture": "nnU-Net 3D",
      "LV": null,
      "MYO": 0.872,
      "MI": 0.688,
      "MVO": null,
      "dataset": "EMIDEC",
      "protocol": "5-fold CV"
    },
    {
      "method": "2D nnU-Net (EMIDEC)",
      "citation": "nnU-Net baseline",
      "year": 2021,
      "architecture": "nnU-Net 2D",
      "LV": null,
      "MYO": 0.851,
      "MI": 0.509,
      "MVO": null,
      "dataset": "EMIDEC",
      "protocol": "5-fold CV"
    },
    {
      "method": "GAN-aug. cascade",
      "citation": "Lustermans et al.",
      "year": 2022,
      "architecture": "Cascaded nnU-Net + cGAN",
      "LV": null,
      "MYO": 0.84,
      "MI": 0.72,
      "MVO": null,
      "dataset": "EMIDEC",
      "protocol": "Test / per-slice (see paper)"
    },
    {
      "method": "CLAIM",
      "citation": "Ramzan et al.",
      "year": 2025,
      "architecture": "Diffusion augmentation + nnU-Net",
      "LV": null,
      "MYO": null,
      "MI": 0.635,
      "MVO": null,
      "dataset": "EMIDEC",
      "protocol": "10 held-out cases"
    },
    {
      "method": "2D-3D Cascade (EcorC)",
      "citation": "Schwab et al.",
      "year": 2025,
      "architecture": "Error-correcting 2D-3D cascade CNN",
      "LV": null,
      "MYO": 0.86,
      "MI": 0.76,
      "MVO": null,
      "dataset": "EMIDEC",
      "protocol": "5-fold CV (100 cases)"
    },
    {
      "method": "Expert (inter-observer)",
      "citation": "Lalande et al.",
      "year": 2020,
      "architecture": "Human expert ceiling",
      "LV": null,
      "MYO": 0.83,
      "MI": 0.69,
      "MVO": null,
      "dataset": "EMIDEC",
      "protocol": "Inter-observer (Data 2020)"
    }
  ],
  "note": "EMIDEC-only SOTA table. Removed Isensee 2021 (private dataset). Schwab MYO/MI corrected to 0.860/0.760 (5-fold). ICPIU listed as 0.734 (test) and 0.783 (5-fold)."
}