{
  "UNET": {
    "LV": {
      "dice": {
        "mean": 0.891096195678254,
        "std": 0.03513084875793082,
        "n": 15
      },
      "iou": {
        "mean": 0.8053475762568965,
        "std": 0.055786220183700934,
        "n": 15
      },
      "precision": {
        "mean": 0.9293415349415741,
        "std": 0.06461527459341045,
        "n": 15
      },
      "recall": {
        "mean": 0.8649506291836545,
        "std": 0.07710282407724849,
        "n": 15
      },
      "hd95": {
        "mean": 5.556199002039329,
        "std": 0.7024548838907735,
        "n": 15
      }
    },
    "MYO": {
      "dice": {
        "mean": 0.6842405371302286,
        "std": 0.11830642842754563,
        "n": 15
      },
      "iou": {
        "mean": 0.531579004392455,
        "std": 0.1290734175506771,
        "n": 15
      },
      "precision": {
        "mean": 0.6171479387508817,
        "std": 0.13974160227414562,
        "n": 15
      },
      "recall": {
        "mean": 0.7863566355984442,
        "std": 0.09114677731210692,
        "n": 15
      },
      "hd95": {
        "mean": 9.399813534628045,
        "std": 2.527878747319104,
        "n": 15
      }
    },
    "Infarct": {
      "dice": {
        "mean": 0.26586050696257685,
        "std": 0.24409218294844087,
        "n": 13
      },
      "iou": {
        "mean": 0.17814807056716717,
        "std": 0.17743554270366454,
        "n": 13
      },
      "precision": {
        "mean": 0.2534169671119733,
        "std": 0.20345663760123386,
        "n": 13
      },
      "recall": {
        "mean": 0.40937884993273144,
        "std": 0.30041403102276404,
        "n": 10
      },
      "hd95": {
        "mean": 79.7523296624756,
        "std": 119.56160293437313,
        "n": 15
      }
    },
    "Infarct_pathological": {
      "dice": {
        "mean": 0.34561865905134986,
        "std": 0.2233593211311323,
        "n": 10
      },
      "iou": {
        "mean": 0.23159249173731727,
        "std": 0.16897057936414092,
        "n": 10
      },
      "precision": {
        "mean": 0.3294420572455653,
        "std": 0.16960873298067433,
        "n": 10
      },
      "recall": {
        "mean": 0.40937884993273144,
        "std": 0.3004140310227641,
        "n": 10
      },
      "hd95": {
        "mean": 25.079459596470794,
        "std": 23.57407857355877,
        "n": 10
      }
    },
    "params_M": 19.220713,
    "inference_ms_mean": 18.16412607828776,
    "inference_ms_std": 40.5390739644765,
    "variant": "UNET",
    "split": "test",
    "checkpoint": "E:\\Thesis Dataset 3\\checkpoints\\UNET_best.pth",
    "hard_myo_mask": true
  },
  "SEGRESNET": {
    "LV": {
      "dice": {
        "mean": 0.9016011578682643,
        "std": 0.0380300648272644,
        "n": 15
      },
      "iou": {
        "mean": 0.8228886753558223,
        "std": 0.05945539633545974,
        "n": 15
      },
      "precision": {
        "mean": 0.9388212066906529,
        "std": 0.05364300232218528,
        "n": 15
      },
      "recall": {
        "mean": 0.8748554086174894,
        "std": 0.07667205102368273,
        "n": 15
      },
      "hd95": {
        "mean": 5.543897564086079,
        "std": 0.8910608369390359,
        "n": 15
      }
    },
    "MYO": {
      "dice": {
        "mean": 0.6804857718671158,
        "std": 0.12614104545318786,
        "n": 15
      },
      "iou": {
        "mean": 0.5288896295376225,
        "std": 0.13884807202378022,
        "n": 15
      },
      "precision": {
        "mean": 0.5745576939500503,
        "std": 0.14718831491909593,
        "n": 15
      },
      "recall": {
        "mean": 0.8595975540611642,
        "std": 0.09991036448327181,
        "n": 15
      },
      "hd95": {
        "mean": 8.926615036070285,
        "std": 2.3207145796459416,
        "n": 15
      }
    },
    "Infarct": {
      "dice": {
        "mean": 0.36484782561957413,
        "std": 0.17745780653208534,
        "n": 11
      },
      "iou": {
        "mean": 0.23737464042176298,
        "std": 0.13248666623782165,
        "n": 11
      },
      "precision": {
        "mean": 0.4115133051093393,
        "std": 0.17590159800417549,
        "n": 11
      },
      "recall": {
        "mean": 0.49767819181622475,
        "std": 0.27137738239578707,
        "n": 10
      },
      "hd95": {
        "mean": 35.08966859344572,
        "std": 76.75343552396856,
        "n": 15
      }
    },
    "Infarct_pathological": {
      "dice": {
        "mean": 0.40133260818153155,
        "std": 0.14141381638500003,
        "n": 10
      },
      "iou": {
        "mean": 0.2611121044639393,
        "std": 0.11449824982594013,
        "n": 10
      },
      "precision": {
        "mean": 0.45266463562027326,
        "std": 0.12412798784900798,
        "n": 10
      },
      "recall": {
        "mean": 0.49767819181622475,
        "std": 0.27137738239578707,
        "n": 10
      },
      "hd95": {
        "mean": 21.11815792442105,
        "std": 17.458106024823717,
        "n": 10
      }
    },
    "params_M": 4.700948,
    "inference_ms_mean": 54.37715848286947,
    "inference_ms_std": 30.8824944612397,
    "variant": "SEGRESNET",
    "split": "test",
    "checkpoint": "E:\\Thesis Dataset 3\\checkpoints\\SEGRESNET_best.pth",
    "hard_myo_mask": true
  },
  "SWINUNETR": {
    "LV": {
      "dice": {
        "mean": 0.9106248300255694,
        "std": 0.040895423488339855,
        "n": 15
      },
      "iou": {
        "mean": 0.8383986245914421,
        "std": 0.06619973151328512,
        "n": 15
      },
      "precision": {
        "mean": 0.9220179953691134,
        "std": 0.0808791853917905,
        "n": 15
      },
      "recall": {
        "mean": 0.909431644267968,
        "std": 0.06690446333756842,
        "n": 15
      },
      "hd95": {
        "mean": 5.566025314406176,
        "std": 0.8311158896875016,
        "n": 15
      }
    },
    "MYO": {
      "dice": {
        "mean": 0.7260526786946978,
        "std": 0.09774978416121079,
        "n": 15
      },
      "iou": {
        "mean": 0.5787035887983373,
        "std": 0.11467759844786882,
        "n": 15
      },
      "precision": {
        "mean": 0.6692820607475415,
        "std": 0.1061882510939161,
        "n": 15
      },
      "recall": {
        "mean": 0.8049559816154276,
        "std": 0.11428070450006793,
        "n": 15
      },
      "hd95": {
        "mean": 8.040603810634305,
        "std": 1.5416978014236078,
        "n": 15
      }
    },
    "Infarct": {
      "dice": {
        "mean": 0.3725202685867674,
        "std": 0.2871701234075086,
        "n": 14
      },
      "iou": {
        "mean": 0.26715489152442207,
        "std": 0.2180777195852661,
        "n": 14
      },
      "precision": {
        "mean": 0.35464627999196924,
        "std": 0.25647432221633754,
        "n": 14
      },
      "recall": {
        "mean": 0.593004088617965,
        "std": 0.24471805051815693,
        "n": 10
      },
      "hd95": {
        "mean": 99.99888163531851,
        "std": 132.08954873440996,
        "n": 15
      }
    },
    "Infarct_pathological": {
      "dice": {
        "mean": 0.5215283760214744,
        "std": 0.19427144773378582,
        "n": 10
      },
      "iou": {
        "mean": 0.3740168481341909,
        "std": 0.16313453434106315,
        "n": 10
      },
      "precision": {
        "mean": 0.4965047919887569,
        "std": 0.1471641197713016,
        "n": 10
      },
      "recall": {
        "mean": 0.593004088617965,
        "std": 0.24471805051815693,
        "n": 10
      },
      "hd95": {
        "mean": 23.93294258998767,
        "std": 29.447446047936392,
        "n": 10
      }
    },
    "params_M": 15.703054,
    "inference_ms_mean": 102.96812057495117,
    "inference_ms_std": 80.91403959482263,
    "variant": "SWINUNETR",
    "split": "test",
    "checkpoint": "E:\\Thesis Dataset 3\\checkpoints\\SWINUNETR_best.pth",
    "hard_myo_mask": true
  },