{
  "M5": {
    "LV": {
      "dice": {
        "mean": 0.918784295342279,
        "std": 0.024208017311607908,
        "n": 15
      },
      "iou": {
        "mean": 0.850681825875279,
        "std": 0.04075579450259333,
        "n": 15
      },
      "precision": {
        "mean": 0.9319697440725111,
        "std": 0.05356866386756595,
        "n": 15
      },
      "recall": {
        "mean": 0.9110277177931668,
        "std": 0.0521088125758497,
        "n": 15
      },
      "hd95": {
        "mean": 5.5711665383379145,
        "std": 0.8051082010747154,
        "n": 15
      }
    },
    "MYO": {
      "dice": {
        "mean": 0.7836434593892313,
        "std": 0.052268144813029084,
        "n": 15
      },
      "iou": {
        "mean": 0.6472600336128073,
        "std": 0.06998521343420833,
        "n": 15
      },
      "precision": {
        "mean": 0.7097423072001878,
        "std": 0.0659903893190086,
        "n": 15
      },
      "recall": {
        "mean": 0.8790950169883406,
        "std": 0.055898484115584526,
        "n": 15
      },
      "hd95": {
        "mean": 6.942899472389341,
        "std": 1.084210774706757,
        "n": 15
      }
    },
    "MI": {
      "dice": {
        "mean": 0.36717064875080224,
        "std": 0.23940051579093075,
        "n": 13
      },
      "iou": {
        "mean": 0.25048165473251155,
        "std": 0.17579821652903127,
        "n": 13
      },
      "precision": {
        "mean": 0.38322693131971464,
        "std": 0.2633459474330148,
        "n": 13
      },
      "recall": {
        "mean": 0.5961995162037211,
        "std": 0.24180182409528614,
        "n": 10
      },
      "hd95": {
        "mean": 76.15205116105122,
        "std": 121.05744860896165,
        "n": 15
      }
    },
    "MVO": {
      "dice": {
        "mean": 0.09112060334904923,
        "std": 0.13252582598468518,
        "n": 10
      },
      "iou": {
        "mean": 0.053257652525256695,
        "std": 0.07962220123440622,
        "n": 10
      },
      "precision": {
        "mean": 0.060040703031508616,
        "std": 0.09182802308808033,
        "n": 10
      },
      "recall": {
        "mean": 0.45749481103412337,
        "std": 0.3066886749445354,
        "n": 5
      },
      "hd95": {
        "mean": 136.1968757547779,
        "std": 148.0832691690416,
        "n": 15
      }
    },
    "params_M": 16.058893,
    "inference_ms_mean": 114.83155886332194,
    "inference_ms_std": 108.74409791436307,
    "variant": "M5",
    "split": "test",
    "checkpoint": "E:\\Thesis Dataset 3\\checkpoints\\M5_best.pth"
  }
}