{
  "M1": {
    "LV": {
      "dice": {
        "mean": 0.9220373048743149,
        "std": 0.026184795260808153,
        "n": 15
      },
      "iou": {
        "mean": 0.8564251596122928,
        "std": 0.044194732133716066,
        "n": 15
      },
      "precision": {
        "mean": 0.936908328323172,
        "std": 0.054334062536051234,
        "n": 15
      },
      "recall": {
        "mean": 0.9124993626967176,
        "std": 0.051648381494175166,
        "n": 15
      },
      "hd95": {
        "mean": 5.515387307210603,
        "std": 0.7940420967808829,
        "n": 15
      }
    },
    "MYO": {
      "dice": {
        "mean": 0.7672021133063923,
        "std": 0.07599374286219442,
        "n": 15
      },
      "iou": {
        "mean": 0.6283017761433999,
        "std": 0.0971858116973343,
        "n": 15
      },
      "precision": {
        "mean": 0.7115274745938417,
        "std": 0.07368198127861345,
        "n": 15
      },
      "recall": {
        "mean": 0.8382436349154335,
        "std": 0.09848392398781423,
        "n": 15
      },
      "hd95": {
        "mean": 7.717731234764825,
        "std": 1.387471306350027,
        "n": 15
      }
    },
    "Infarct": {
      "dice": {
        "mean": 0.4068310569614829,
        "std": 0.26395599132929615,
        "n": 13
      },
      "iou": {
        "mean": 0.28897118166080693,
        "std": 0.20471214331214682,
        "n": 13
      },
      "precision": {
        "mean": 0.4431297095302951,
        "std": 0.27074110449771227,
        "n": 13
      },
      "recall": {
        "mean": 0.5459911624854611,
        "std": 0.22316020161836914,
        "n": 10
      },
      "hd95": {
        "mean": 77.22033479634423,
        "std": 120.54568598013657,
        "n": 15
      }
    },
    "params_M": 46.579736,
    "inference_ms_mean": 135.8243147532145,
    "inference_ms_std": 73.77044417289777,
    "variant": "M1",
    "split": "test",
    "checkpoint": "E:\\Thesis Dataset 3\\checkpoints\\M1_best.pth"
  }
}