{
  "summary": {
    "LV": {
      "dice": {
        "mean": 0.9136043251402866,
        "std": 0.02835034825366894,
        "n": 19
      },
      "iou": {
        "mean": 0.8421926961396786,
        "std": 0.047636167025834834,
        "n": 19
      },
      "precision": {
        "mean": 0.895732088861115,
        "std": 0.06840515383142802,
        "n": 19
      },
      "recall": {
        "mean": 0.938044097516164,
        "std": 0.03942663686451317,
        "n": 19
      },
      "hd95": {
        "mean": 5.389940910071608,
        "std": 0.6811340113055385,
        "n": 19
      }
    },
    "MYO": {
      "dice": {
        "mean": 0.7072122943746146,
        "std": 0.10091190815844062,
        "n": 19
      },
      "iou": {
        "mean": 0.5562866328563946,
        "std": 0.11887830861415613,
        "n": 19
      },
      "precision": {
        "mean": 0.6603306314450209,
        "std": 0.13765105407837058,
        "n": 19
      },
      "recall": {
        "mean": 0.7823255573463107,
        "std": 0.10350870971271456,
        "n": 19
      },
      "hd95": {
        "mean": 9.460122242190705,
        "std": 3.482425799002965,
        "n": 19
      }
    },
    "Infarct": {
      "dice": {
        "mean": 0.3491104908878676,
        "std": 0.2918265227735867,
        "n": 19
      },
      "iou": {
        "mean": 0.25479390513822364,
        "std": 0.252239256723083,
        "n": 19
      },
      "precision": {
        "mean": 0.3353087400629082,
        "std": 0.2790639435558502,
        "n": 19
      },
      "recall": {
        "mean": 0.5702547312062423,
        "std": 0.2873003791765606,
        "n": 14
      },
      "hd95": {
        "mean": 111.17130515959862,
        "std": 139.36855330628825,
        "n": 19
      }
    },
    "Infarct_pathological": {
      "dice": {
        "mean": 0.43331533283611423,
        "std": 0.19471239557522946,
        "n": 13
      },
      "iou": {
        "mean": 0.2954680152020191,
        "std": 0.1537804213135185,
        "n": 13
      },
      "precision": {
        "mean": 0.4131435431688658,
        "std": 0.17473616264071187,
        "n": 13
      },
      "recall": {
        "mean": 0.5371974028374915,
        "std": 0.2712781546868433,
        "n": 13
      },
      "hd95": {
        "mean": 41.26442690346134,
        "std": 80.90574479470897,
        "n": 13
      }
    },
    "params_M": 16.663556,
    "inference_ms_mean": 22.583359166195518,
    "inference_ms_std": 0.6699491175044965,
    "variant": "NNUNET",
    "split": "fold4_test",
    "fold": 4,
    "n_cases": 19,
    "checkpoint": "E:\\Thesis Dataset 3\\checkpoints\\NNUNET_fold4_best.pth",
    "hard_myo_mask": true,
    "mi_voxel_suppression": true,
    "primary_metric": "MI_pathological",
    "protocol": "5-fold-cv"
  },
  "per_case": [
    {
      "case": "Case_N014",
      "fold": 4,
      "LV": {
        "dice": 0.8681626928471248,
        "iou": 0.7670384138785625,
        "precision": 0.7813683413279475,
        "recall": 0.9766487851057116,
        "hd95": 5.408326913195984
      },
      "MYO": {
        "dice": 0.8297417631344612,
        "iou": 0.7090245015979303,
        "precision": 0.8539222873900293,
        "recall": 0.8068929684793904,
        "hd95": 7.648529270389178
      },
      "Infarct": {
        "dice": 0.0,
        "iou": 0.0,
        "precision": 0.0,
        "recall": NaN,
        "hd95": 315.1634496574753
      },
      "pathological": false
    },
    {
      "case": "Case_N024",
      "fold": 4,
      "LV": {
        "dice": 0.9038324208521781,
        "iou": 0.8245385450597177,
        "precision": 0.8934117647058823,
        "recall": 0.9144990366088632,
        "hd95": 5.437910567536158
      },
      "MYO": {
        "dice": 0.6840701754385965,
        "iou": 0.5198378839590444,
        "precision": 0.6146279949558638,
        "recall": 0.7712025316455696,
        "hd95": 7.669990167404787
      },
      "Infarct": {
        "dice": 0.0,
        "iou": 0.0,
        "precision": 0.0,
        "recall": NaN,
        "hd95": 315.1634496574753
      },
      "pathological": false
    },
    {
      "case": "Case_N033",
      "fold": 4,
      "LV": {
        "dice": 0.8963221833915793,
        "iou": 0.8121230398069964,
        "precision": 0.8402496099843993,
        "recall": 0.9604136947218259,
        "hd95": 4.743416490252569
      },
      "MYO": {
        "dice": 0.765511684125705,
        "iou": 0.6201044386422977,
        "precision": 0.8629639242148975,
        "recall": 0.6878361605295821,
        "hd95": 7.648529270389178
      },
      "Infarct": {
        "dice": 0.0,
        "iou": 0.0,
        "precision": 0.0,
        "recall": NaN,
        "hd95": 315.1634496574753
      },
      "pathological": false
    },
    {
      "case": "Case_N034",
      "fold": 4,
      "LV": {
        "dice": 0.8574682720468597,
        "iou": 0.7504984334947309,
        "precision": 0.7695677570093458,
        "recall": 0.9680382072005878,
        "hd95": 5.408326913195984
      },
      "MYO": {
        "dice": 0.8325303803839793,
        "iou": 0.7131066765213107,
        "precision": 0.8325902488134618,
        "recall": 0.8324705205637043,
        "hd95": 9.006207189772361
      },
      "Infarct": {
        "dice": 0.0,
        "iou": 0.0,
        "precision": 0.0,
        "recall": NaN,
        "hd95": 315.1634496574753
      },
      "pathological": false
    },
    {
      "case": "Case_N058",
      "fold": 4,
      "LV": {
        "dice": 0.9386396067861107,
        "iou": 0.8843740663280549,
        "precision": 0.9226932668329177,
        "recall": 0.9551468215553405,
        "hd95": 4.743416490252569
      },
      "MYO": {
        "dice": 0.761030349400663,
        "iou": 0.6142445450802799,
        "precision": 0.6620812070113158,
        "recall": 0.8947526236881559,
        "hd95": 6.363961030678928
      },
      "Infarct": {
        "dice": 0.0,
        "iou": 0.0,
        "precision": 0.0,
        "recall": NaN,
        "hd95": 315.1634496574753
      },
      "pathological": false
    },
    {
      "case": "Case_N068",
      "fold": 4,
      "LV": {
        "dice": 0.945102571511124,
        "iou": 0.8959189263215558,
        "precision": 0.9643278301886793,
        "recall": 0.9266288951841359,
        "hd95": 4.743416490252569
      },
      "MYO": {
        "dice": 0.8721162062090573,
        "iou": 0.7732323232323233,
        "precision": 0.8481994459833795,
        "recall": 0.8974208675263775,
        "hd95": 6.363961030678928
      },
      "Infarct": {
        "dice": 1.0,
        "iou": 1.0,
        "precision": 1.0,
        "recall": 1.0,
        "hd95": 0.0
      },
      "pathological": false
    },
    {
      "case": "Case_P004",
      "fold": 4,
      "LV": {
        "dice": 0.9153820924893408,
        "iou": 0.8439673420018143,
        "precision": 0.8798865069356873,
        "recall": 0.9538619275461381,
        "hd95": 5.408326913195984
      },
      "MYO": {
        "dice": 0.684043229497775,
        "iou": 0.5198067632850242,
        "precision": 0.6711018711018711,
        "recall": 0.6974935177182369,
        "hd95": 9.512491331479858
      },
      "Infarct": {
        "dice": 0.4155440414507772,
        "iou": 0.2622629169391759,
        "precision": 0.3244336569579288,
        "recall": 0.5778097982708934,
        "hd95": 10.111874208078342
      },
      "pathological": true
    },
    {
      "case": "Case_P017",
      "fold": 4,
      "LV": {
        "dice": 0.88031800601633,
        "iou": 0.786221454615237,
        "precision": 0.8153233830845771,
        "recall": 0.9565724959140789,
        "hd95": 6.193623568039104
      },
      "MYO": {
        "dice": 0.6488599348534202,
        "iou": 0.4802314368370299,
        "precision": 0.6191462909241608,
        "recall": 0.6815693430656934,
        "hd95": 10.062305898749054
      },
      "Infarct": {
        "dice": 0.24846796657381615,
        "iou": 0.14185750636132316,