{
  "summary": {
    "LV": {
      "dice": {
        "mean": 0.9127564422839771,
        "std": 0.0268574156913878,
        "n": 19
      },
      "iou": {
        "mean": 0.8406287542128762,
        "std": 0.045124626179376785,
        "n": 19
      },
      "precision": {
        "mean": 0.9102226154888424,
        "std": 0.061092763919903,
        "n": 19
      },
      "recall": {
        "mean": 0.9206534294204917,
        "std": 0.0464506964465906,
        "n": 19
      },
      "hd95": {
        "mean": 5.4241764997638,
        "std": 0.8280013119665237,
        "n": 19
      }
    },
    "MYO": {
      "dice": {
        "mean": 0.673124060501271,
        "std": 0.09219134316959685,
        "n": 19
      },
      "iou": {
        "mean": 0.5147196355497273,
        "std": 0.10713202890089726,
        "n": 19
      },
      "precision": {
        "mean": 0.5758933413485481,
        "std": 0.11998976059673887,
        "n": 19
      },
      "recall": {
        "mean": 0.831611301693283,
        "std": 0.07090470458942282,
        "n": 19
      },
      "hd95": {
        "mean": 9.47180340064943,
        "std": 1.8838482083603343,
        "n": 19
      }
    },
    "Infarct": {
      "dice": {
        "mean": 0.44095155709090056,
        "std": 0.34107722336166274,
        "n": 19
      },
      "iou": {
        "mean": 0.3535334608852922,
        "std": 0.33173468923814825,
        "n": 19
      },
      "precision": {
        "mean": 0.443864245433469,
        "std": 0.3479391343444735,
        "n": 19
      },
      "recall": {
        "mean": 0.5884821350876379,
        "std": 0.35040836491712024,
        "n": 16
      },
      "hd95": {
        "mean": 89.89445805516334,
        "std": 134.7616491612435,
        "n": 19
      }
    },
    "Infarct_pathological": {
      "dice": {
        "mean": 0.4136984295943932,
        "std": 0.2286690476359572,
        "n": 13
      },
      "iou": {
        "mean": 0.285933519755427,
        "std": 0.17602200863776363,
        "n": 13
      },
      "precision": {
        "mean": 0.4179554356335316,
        "std": 0.2437743884109122,
        "n": 13
      },
      "recall": {
        "mean": 0.4935164739540159,
        "std": 0.3209715177283649,
        "n": 13
      },
      "hd95": {
        "mean": 58.65418108274441,
        "std": 109.5039617617578,
        "n": 13
      }
    },
    "params_M": 22.572004,
    "inference_ms_mean": 21.164831362272565,
    "inference_ms_std": 0.7340803813431676,
    "variant": "DYNUNET",
    "split": "fold4_test",
    "fold": 4,
    "n_cases": 19,
    "checkpoint": "E:\\Thesis Dataset 3\\checkpoints\\DYNUNET_fold4_best.pth",
    "hard_myo_mask": true,
    "mi_voxel_suppression": true,
    "primary_metric": "MI_pathological",
    "protocol": "5-fold-cv"
  },
  "per_case": [
    {
      "case": "Case_N014",
      "fold": 4,
      "LV": {
        "dice": 0.8752672843905915,
        "iou": 0.7782002534854245,
        "precision": 0.7982319292771711,
        "recall": 0.9687598611549385,
        "hd95": 5.408326913195984
      },
      "MYO": {
        "dice": 0.8023622684248847,
        "iou": 0.6699540664685221,
        "precision": 0.7528465158645817,
        "recall": 0.8588500173190163,
        "hd95": 9.0
      },
      "Infarct": {
        "dice": 1.0,
        "iou": 1.0,
        "precision": 1.0,
        "recall": 1.0,
        "hd95": 0.0
      },
      "pathological": false
    },
    {
      "case": "Case_N024",
      "fold": 4,
      "LV": {
        "dice": 0.8796081464294921,
        "iou": 0.7850897376898297,
        "precision": 0.9462007764836384,
        "recall": 0.8217726396917149,
        "hd95": 6.009232921921316
      },
      "MYO": {
        "dice": 0.6670211351854314,
        "iou": 0.5003988831272437,
        "precision": 0.575063030025212,
        "recall": 0.7939873417721519,
        "hd95": 9.51808504188377
      },
      "Infarct": {
        "dice": 0.0,
        "iou": 0.0,
        "precision": 0.0,
        "recall": NaN,
        "hd95": 315.1634496574753
      },
      "pathological": false
    },
    {
      "case": "Case_N033",
      "fold": 4,
      "LV": {
        "dice": 0.8896492728828058,
        "iou": 0.8012326656394453,
        "precision": 0.8549819138441302,
        "recall": 0.927246790299572,
        "hd95": 4.743416490252569
      },
      "MYO": {
        "dice": 0.7131598240469208,
        "iou": 0.554194559179604,
        "precision": 0.640177690029615,
        "recall": 0.8049234588332643,
        "hd95": 10.550466063011177
      },
      "Infarct": {
        "dice": 0.0,
        "iou": 0.0,
        "precision": 0.0,
        "recall": NaN,
        "hd95": 315.1634496574753
      },
      "pathological": false
    },
    {
      "case": "Case_N034",
      "fold": 4,
      "LV": {
        "dice": 0.8677779575983169,
        "iou": 0.7664379645511721,
        "precision": 0.7755279143766272,
        "recall": 0.9849375459221161,
        "hd95": 4.743416490252569
      },
      "MYO": {
        "dice": 0.8292213593567452,
        "iou": 0.7082648509039681,
        "precision": 0.794129261550612,
        "recall": 0.8675582398619499,
        "hd95": 8.75910645015454
      },
      "Infarct": {
        "dice": 1.0,
        "iou": 1.0,
        "precision": 1.0,
        "recall": 1.0,
        "hd95": 0.0
      },
      "pathological": false
    },
    {
      "case": "Case_N058",
      "fold": 4,
      "LV": {
        "dice": 0.9275131432212841,
        "iou": 0.8648247177658942,
        "precision": 0.9159848961611076,
        "recall": 0.9393352694417554,
        "hd95": 4.743416490252569
      },
      "MYO": {
        "dice": 0.6585800133541064,
        "iou": 0.49095735855317735,
        "precision": 0.5236241373208281,
        "recall": 0.887256371814093,
        "hd95": 7.669990167404787
      },
      "Infarct": {
        "dice": 0.0,
        "iou": 0.0,
        "precision": 0.0,
        "recall": NaN,
        "hd95": 315.1634496574753
      },
      "pathological": false
    },
    {
      "case": "Case_N068",
      "fold": 4,
      "LV": {
        "dice": 0.9435044450817321,
        "iou": 0.8930510314875135,
        "precision": 0.9552845528455285,
        "recall": 0.9320113314447592,
        "hd95": 4.743416490252569
      },
      "MYO": {
        "dice": 0.8411288215312255,
        "iou": 0.7258173618940248,
        "precision": 0.7588401697312589,
        "recall": 0.9434349355216881,
        "hd95": 6.18465843842649
      },
      "Infarct": {
        "dice": 1.0,
        "iou": 1.0,
        "precision": 1.0,
        "recall": 1.0,
        "hd95": 0.0
      },
      "pathological": false
    },
    {
      "case": "Case_P004",
      "fold": 4,
      "LV": {
        "dice": 0.9204022498721663,
        "iou": 0.8525418377012945,
        "precision": 0.9180550833049983,
        "recall": 0.9227614490772386,
        "hd95": 4.743416490252569
      },
      "MYO": {
        "dice": 0.6761012557305163,
        "iou": 0.5106895513399579,
        "precision": 0.6274509803921569,
        "recall": 0.7329299913569577,
        "hd95": 9.604686356149273
      },
      "Infarct": {
        "dice": 0.42573726541554957,
        "iou": 0.27043596730245234,
        "precision": 0.3390264730999146,
        "recall": 0.5720461095100865,
        "hd95": 12.093386622447824
      },
      "pathological": true
    },
    {
      "case": "Case_P017",
      "fold": 4,
      "LV": {
        "dice": 0.88,
        "iou": 0.7857142857142857,
        "precision": 0.8252248569092395,
        "recall": 0.9425636236282979,
        "hd95": 6.708203932499369
      },
      "MYO": {
        "dice": 0.6674570243034973,
        "iou": 0.5008896797153025,
        "precision": 0.5887068665040084,
        "recall": 0.770529197080292,
        "hd95": 9.006207189772361
      },
      "Infarct": {
        "dice": 0.24366197183098592,
        "iou": 0.13873295910184444,
        "precision": 0.23763736263736263,
        "recall": 0.25,