{
  "variant": "NNUNET",
  "protocol": "5-fold stratified CV (same folds for all models)",
  "n_folds_requested": 5,
  "n_folds_evaluated": 5,
  "seed": 42,
  "primary_metric": "MI_pathological",
  "folds": [
    {
      "fold": 0,
      "summary": {
        "LV": {
          "dice": {
            "mean": 0.8951923022745314,
            "std": 0.03626443652154002,
            "n": 21
          },
          "iou": {
            "mean": 0.8122042386933144,
            "std": 0.05894710137062266,
            "n": 21
          },
          "precision": {
            "mean": 0.8929871237295588,
            "std": 0.06676419393075664,
            "n": 21
          },
          "recall": {
            "mean": 0.9051563285252286,
            "std": 0.06590041093491687,
            "n": 21
          },
          "hd95": {
            "mean": 5.373456957750483,
            "std": 0.9909015286545532,
            "n": 21
          }
        },
        "MYO": {
          "dice": {
            "mean": 0.6769651014519616,
            "std": 0.08388678209290568,
            "n": 21
          },
          "iou": {
            "mean": 0.5178646123164635,
            "std": 0.09779047847693541,
            "n": 21
          },
          "precision": {
            "mean": 0.5710387239518642,
            "std": 0.09851755811349937,
            "n": 21
          },
          "recall": {
            "mean": 0.8414637561420736,
            "std": 0.07078476375245782,
            "n": 21
          },
          "hd95": {
            "mean": 8.766675070968505,
            "std": 2.3381362967672104,
            "n": 21
          }
        },
        "Infarct": {
          "dice": {
            "mean": 0.38688189407210594,
            "std": 0.32489544328352665,
            "n": 21
          },
          "iou": {
            "mean": 0.3020124871472569,
            "std": 0.31761890017355626,
            "n": 21
          },
          "precision": {
            "mean": 0.38386805931064927,
            "std": 0.32516545302003524,
            "n": 21
          },
          "recall": {
            "mean": 0.5100509970131736,
            "std": 0.3187330557522921,
            "n": 17
          },
          "hd95": {
            "mean": 78.19937602798883,
            "std": 116.06112326855474,
            "n": 21
          }
        },
        "Infarct_pathological": {
          "dice": {
            "mean": 0.3660371268224446,
            "std": 0.18596526837741645,
            "n": 14
          },
          "iou": {
            "mean": 0.23873301643517117,
            "std": 0.1298491231720389,
            "n": 14
          },
          "precision": {
            "mean": 0.36151637468025954,
            "std": 0.1861480183813441,
            "n": 14
          },
          "recall": {
            "mean": 0.40506192494456794,
            "std": 0.2467756331973528,
            "n": 14
          },
          "hd95": {
            "mean": 27.25236413984743,
            "std": 15.995943099697634,
            "n": 14
          }
        },
        "params_M": 16.663556,
        "inference_ms_mean": 23.312001001267205,
        "inference_ms_std": 2.0567456654620386,
        "variant": "NNUNET",
        "split": "fold0_test",
        "fold": 0,
        "n_cases": 21,
        "checkpoint": "E:\\Thesis Dataset 3\\checkpoints\\NNUNET_fold0_best.pth",
        "hard_myo_mask": true,
        "mi_voxel_suppression": true,
        "primary_metric": "MI_pathological",
        "protocol": "5-fold-cv"
      }
    },
    {
      "fold": 1,
      "summary": {
        "LV": {
          "dice": {
            "mean": 0.8963711238301754,
            "std": 0.03075154296972131,
            "n": 21
          },
          "iou": {
            "mean": 0.8135778906949488,
            "std": 0.0493527061075728,
            "n": 21
          },
          "precision": {
            "mean": 0.881860410381275,
            "std": 0.07706689392577906,
            "n": 21
          },
          "recall": {
            "mean": 0.9208582004963255,
            "std": 0.05735444647288345,
            "n": 21
          },
          "hd95": {
            "mean": 5.3119127911288855,
            "std": 1.0870048332880802,
            "n": 21
          }
        },
        "MYO": {
          "dice": {
            "mean": 0.6693511040325026,
            "std": 0.09336973527904047,
            "n": 21
          },
          "iou": {
            "mean": 0.5104841117506882,
            "std": 0.1064460606086502,
            "n": 21
          },
          "precision": {
            "mean": 0.5733962424718753,
            "std": 0.12538882290732573,
            "n": 21
          },
          "recall": {
            "mean": 0.8286159251851931,
            "std": 0.07129015895348705,
            "n": 21
          },
          "hd95": {
            "mean": 8.802197573886783,
            "std": 2.4896418063763464,
            "n": 21
          }
        },
        "Infarct": {
          "dice": {
            "mean": 0.5464880513393086,
            "std": 0.3481934695400523,
            "n": 21
          },
          "iou": {
            "mean": 0.46741842906947834,
            "std": 0.3871606806262122,
            "n": 21
          },
          "precision": {
            "mean": 0.566808009469853,
            "std": 0.3383920874653794,
            "n": 21
          },
          "recall": {
            "mean": 0.5880453595960465,
            "std": 0.37266620595189365,
            "n": 21
          },
          "hd95": {
            "mean": 27.72393471263032,
            "std": 65.50856164570389,
            "n": 21
          }
        },
        "Infarct_pathological": {
          "dice": {
            "mean": 0.31973207700896283,
            "std": 0.1661421760480938,
            "n": 14
          },
          "iou": {
            "mean": 0.2011276436042173,
            "std": 0.11003518375188429,
            "n": 14
          },
          "precision": {
            "mean": 0.3502120142047796,
            "std": 0.17613157523329614,
            "n": 14
          },
          "recall": {
            "mean": 0.3820680393940699,
            "std": 0.2846755737240303,
            "n": 14
          },
          "hd95": {
            "mean": 41.58590206894548,
            "std": 76.55452342200844,
            "n": 14
          }
        },
        "params_M": 16.663556,
        "inference_ms_mean": 22.705543608892533,
        "inference_ms_std": 0.9202373985122763,
        "variant": "NNUNET",
        "split": "fold1_test",
        "fold": 1,
        "n_cases": 21,
        "checkpoint": "E:\\Thesis Dataset 3\\checkpoints\\NNUNET_fold1_best.pth",
        "hard_myo_mask": true,
        "mi_voxel_suppression": true,
        "primary_metric": "MI_pathological",
        "protocol": "5-fold-cv"
      }
    },
    {
      "fold": 2,
      "summary": {
        "LV": {
          "dice": {
            "mean": 0.8950155336970129,
            "std": 0.04063436957952208,
            "n": 20
          },
          "iou": {
            "mean": 0.8122670478866418,
            "std": 0.06230007239949564,
            "n": 20
          },
          "precision": {
            "mean": 0.9340579289258597,
            "std": 0.04901137946822783,
            "n": 20
          },
          "recall": {
            "mean": 0.8679500408391256,
            "std": 0.08744470239009973,
            "n": 20
          },
          "hd95": {
            "mean": 5.609632098409923,
            "std": 1.042860148143356,
            "n": 20
          }
        },
        "MYO": {
          "dice": {
            "mean": 0.6928427943381883,
            "std": 0.08386002484244502,
            "n": 20
          },
          "iou": {
            "mean": 0.5363002892288631,
            "std": 0.09784916301260022,
            "n": 20
          },
          "precision": {
            "mean": 0.6162743063917976,
            "std": 0.11029559972189507,
            "n": 20
          },