{
  "summary": {
    "LV": {
      "dice": {
        "mean": 0.9018117881509953,
        "std": 0.0244892241789215,
        "n": 21
      },
      "iou": {
        "mean": 0.8220723942992563,
        "std": 0.03997505002080801,
        "n": 21
      },
      "precision": {
        "mean": 0.9063660717632226,
        "std": 0.06750400613993478,
        "n": 21
      },
      "recall": {
        "mean": 0.9040245655201078,
        "std": 0.047858021865642135,
        "n": 21
      },
      "hd95": {
        "mean": 5.190458514496126,
        "std": 0.9053353861967608,
        "n": 21
      }
    },
    "MYO": {
      "dice": {
        "mean": 0.6948345270215157,
        "std": 0.09529615415966305,
        "n": 21
      },
      "iou": {
        "mean": 0.5403200121693958,
        "std": 0.1090844773508177,
        "n": 21
      },
      "precision": {
        "mean": 0.5978421737411534,
        "std": 0.12491942082279775,
        "n": 21
      },
      "recall": {
        "mean": 0.8507665785798241,
        "std": 0.06726544920769052,
        "n": 21
      },
      "hd95": {
        "mean": 8.37651649602693,
        "std": 2.3711654027294107,
        "n": 21
      }
    },
    "Infarct": {
      "dice": {
        "mean": 0.5051787908752076,
        "std": 0.31565424954741245,
        "n": 21
      },
      "iou": {
        "mean": 0.4096169683447868,
        "std": 0.3462244608024169,
        "n": 21
      },
      "precision": {
        "mean": 0.518602323394888,
        "std": 0.3265493907056394,
        "n": 21
      },
      "recall": {
        "mean": 0.6139607277886574,
        "std": 0.3107992927046302,
        "n": 19
      },
      "hd95": {
        "mean": 44.50669730509673,
        "std": 89.68913482696492,
        "n": 21
      }
    },
    "Infarct_pathological": {
      "dice": {
        "mean": 0.4006253291699542,
        "std": 0.12091861930994735,
        "n": 14
      },
      "iou": {
        "mean": 0.25728259537432313,
        "std": 0.09027162342310473,
        "n": 14
      },
      "precision": {
        "mean": 0.42076062794947483,
        "std": 0.17085651414536965,
        "n": 14
      },
      "recall": {
        "mean": 0.4760895591417494,
        "std": 0.24261636090515648,
        "n": 14
      },
      "hd95": {
        "mean": 21.73669600657721,
        "std": 19.37220373444551,
        "n": 14
      }
    },
    "params_M": 22.572004,
    "inference_ms_mean": 21.321557817004976,
    "inference_ms_std": 1.1155663657206483,
    "variant": "DYNUNET",
    "split": "fold1_test",
    "fold": 1,
    "n_cases": 21,
    "checkpoint": "E:\\Thesis Dataset 3\\checkpoints\\DYNUNET_fold1_best.pth",
    "hard_myo_mask": true,
    "mi_voxel_suppression": true,
    "primary_metric": "MI_pathological",
    "protocol": "5-fold-cv"
  },
  "per_case": [
    {
      "case": "Case_N012",
      "fold": 1,
      "LV": {
        "dice": 0.9112934740132864,
        "iou": 0.8370423546302943,
        "precision": 0.8519240136385777,
        "recall": 0.9795575469056287,
        "hd95": 5.408326913195984
      },
      "MYO": {
        "dice": 0.8157535286082865,
        "iou": 0.6888376265538896,
        "precision": 0.7716049382716049,
        "recall": 0.8652607855763039,
        "hd95": 7.5
      },
      "Infarct": {
        "dice": 1.0,
        "iou": 1.0,
        "precision": 1.0,
        "recall": 1.0,
        "hd95": 0.0
      },
      "pathological": false
    },
    {
      "case": "Case_N013",
      "fold": 1,
      "LV": {
        "dice": 0.9218257261410788,
        "iou": 0.8549876847290641,
        "precision": 0.977472720872932,
        "recall": 0.8721733668341709,
        "hd95": 4.743416490252569
      },
      "MYO": {
        "dice": 0.7833843017329256,
        "iou": 0.64390448261416,
        "precision": 0.6738272687417799,
        "recall": 0.9354838709677419,
        "hd95": 6.708203932499369
      },
      "Infarct": {
        "dice": 1.0,
        "iou": 1.0,
        "precision": 1.0,
        "recall": 1.0,
        "hd95": 0.0
      },
      "pathological": false
    },
    {
      "case": "Case_N016",
      "fold": 1,
      "LV": {
        "dice": 0.9008610086100861,
        "iou": 0.8196060877350044,
        "precision": 0.9443011861784425,
        "recall": 0.861241768579492,
        "hd95": 4.5
      },
      "MYO": {
        "dice": 0.7510750119445772,
        "iou": 0.6013771996939556,
        "precision": 0.6276284269363854,
        "recall": 0.9349722442505948,
        "hd95": 5.408326913195984
      },
      "Infarct": {
        "dice": 1.0,
        "iou": 1.0,
        "precision": 1.0,
        "recall": 1.0,
        "hd95": 0.0
      },
      "pathological": false
    },
    {
      "case": "Case_N018",
      "fold": 1,
      "LV": {
        "dice": 0.896866702071163,
        "iou": 0.8130175235894473,
        "precision": 0.9192249074678859,
        "recall": 0.8755703027789299,
        "hd95": 6.193623568039104
      },
      "MYO": {
        "dice": 0.7891144708423327,
        "iou": 0.6516837899543378,
        "precision": 0.7505341002465078,
        "recall": 0.8318761384335155,
        "hd95": 9.492725649287339
      },
      "Infarct": {
        "dice": 1.0,
        "iou": 1.0,
        "precision": 1.0,
        "recall": 1.0,
        "hd95": 0.0
      },
      "pathological": false
    },
    {
      "case": "Case_N048",
      "fold": 1,
      "LV": {
        "dice": 0.9030258840685381,
        "iou": 0.8231970754403456,
        "precision": 0.9702311006658833,
        "recall": 0.8445277872485509,
        "hd95": 4.743416490252569
      },
      "MYO": {
        "dice": 0.8104477611940298,
        "iou": 0.6813048933500627,
        "precision": 0.7804928131416837,
        "recall": 0.8427937915742794,
        "hd95": 6.708203932499369
      },
      "Infarct": {
        "dice": 0.0,
        "iou": 0.0,
        "precision": 0.0,
        "recall": NaN,
        "hd95": 315.1634496574753
      },
      "pathological": false
    },
    {
      "case": "Case_N052",
      "fold": 1,
      "LV": {
        "dice": 0.8973477406679764,
        "iou": 0.8138084632516703,
        "precision": 0.8925256472887152,
        "recall": 0.9022222222222223,
        "hd95": 6.0
      },
      "MYO": {
        "dice": 0.7876936829558999,
        "iou": 0.649748064397198,
        "precision": 0.7160075839653305,
        "recall": 0.8753311258278146,
        "hd95": 9.12414379544733
      },
      "Infarct": {
        "dice": 1.0,
        "iou": 1.0,
        "precision": 1.0,
        "recall": 1.0,
        "hd95": 0.0
      },
      "pathological": false
    },
    {
      "case": "Case_N065",
      "fold": 1,
      "LV": {
        "dice": 0.8804141501294219,
        "iou": 0.7863748458692972,
        "precision": 0.9486798066195612,
        "recall": 0.821313586606568,
        "hd95": 4.743416490252569
      },
      "MYO": {
        "dice": 0.6736662883087401,
        "iou": 0.5079161317928969,
        "precision": 0.5276728161813736,
        "recall": 0.9313456257355825,
        "hd95": 6.193623568039104
      },
      "Infarct": {
        "dice": 0.0,
        "iou": 0.0,
        "precision": 0.0,
        "recall": NaN,
        "hd95": 315.1634496574753
      },
      "pathological": false
    },
    {
      "case": "Case_P002",
      "fold": 1,
      "LV": {
        "dice": 0.9001250670001787,
        "iou": 0.8183885640025991,
        "precision": 0.9264435454211107,
        "recall": 0.8752605976372481,
        "hd95": 7.5
      },
      "MYO": {
        "dice": 0.7823086574654956,
        "iou": 0.6424523441524987,
        "precision": 0.7462597247157391,
        "recall": 0.8220171390903098,
        "hd95": 10.560968668440855
      },
      "Infarct": {
        "dice": 0.32623626373626374,
        "iou": 0.19491177677472302,
        "precision": 0.39848993288590606,
        "recall": 0.2761627906976744,
        "hd95": 10.920164833920778
      },
      "pathological": true
    },
    {
      "case": "Case_P005",