{
  "variant": "DYNUNET",
  "protocol": "5-fold stratified CV (same folds for all models)",
  "n_folds_requested": 5,
  "n_folds_evaluated": 5,
  "seed": 42,
  "primary_metric": "MI_pathological",
  "folds": [
    {
      "fold": 0,
      "summary": {
        "LV": {
          "dice": {
            "mean": 0.9026092610843092,
            "std": 0.03659233940792058,
            "n": 21
          },
          "iou": {
            "mean": 0.8244902955366104,
            "std": 0.059569123746816645,
            "n": 21
          },
          "precision": {
            "mean": 0.895181180075643,
            "std": 0.07192100376549344,
            "n": 21
          },
          "recall": {
            "mean": 0.9171049749287796,
            "std": 0.05246649634722946,
            "n": 21
          },
          "hd95": {
            "mean": 5.371927496790753,
            "std": 1.3673308934651098,
            "n": 21
          }
        },
        "MYO": {
          "dice": {
            "mean": 0.6432864815887432,
            "std": 0.09276968720802906,
            "n": 21
          },
          "iou": {
            "mean": 0.4809365002121668,
            "std": 0.09951765857429172,
            "n": 21
          },
          "precision": {
            "mean": 0.5235265161338786,
            "std": 0.10240621794660129,
            "n": 21
          },
          "recall": {
            "mean": 0.8493112652260719,
            "std": 0.0768461499239015,
            "n": 21
          },
          "hd95": {
            "mean": 8.741496134119188,
            "std": 1.430406924661331,
            "n": 21
          }
        },
        "Infarct": {
          "dice": {
            "mean": 0.6040750298858147,
            "std": 0.32586704960980445,
            "n": 21
          },
          "iou": {
            "mean": 0.5161505584894583,
            "std": 0.3642778293861804,
            "n": 21
          },
          "precision": {
            "mean": 0.6076030957607017,
            "std": 0.3174458968719859,
            "n": 21
          },
          "recall": {
            "mean": 0.6296547059761037,
            "std": 0.3446712570845397,
            "n": 21
          },
          "hd95": {
            "mean": 29.100647058352518,
            "std": 66.61851263424319,
            "n": 21
          }
        },
        "Infarct_pathological": {
          "dice": {
            "mean": 0.4061125448287223,
            "std": 0.20424633304458442,
            "n": 14
          },
          "iou": {
            "mean": 0.27422583773418757,
            "std": 0.1531822246081882,
            "n": 14
          },
          "precision": {
            "mean": 0.41140464364105256,
            "std": 0.1888818369215273,
            "n": 14
          },
          "recall": {
            "mean": 0.44448205896415555,
            "std": 0.2744643612313275,
            "n": 14
          },
          "hd95": {
            "mean": 43.650970587528775,
            "std": 77.60092521347364,
            "n": 14
          }
        },
        "params_M": 22.572004,
        "inference_ms_mean": 21.865277063278924,
        "inference_ms_std": 0.9802114467692863,
        "variant": "DYNUNET",
        "split": "fold0_test",
        "fold": 0,
        "n_cases": 21,
        "checkpoint": "E:\\Thesis Dataset 3\\checkpoints\\DYNUNET_fold0_best.pth",
        "hard_myo_mask": true,
        "mi_voxel_suppression": true,
        "primary_metric": "MI_pathological",
        "protocol": "5-fold-cv"
      }
    },
    {
      "fold": 1,
      "summary": {
        "LV": {
          "dice": {
            "mean": 0.9018117881509953,
            "std": 0.0244892241789215,
            "n": 21
          },
          "iou": {
            "mean": 0.8220723942992563,
            "std": 0.03997505002080801,
            "n": 21
          },
          "precision": {
            "mean": 0.9063660717632226,
            "std": 0.06750400613993478,
            "n": 21
          },
          "recall": {
            "mean": 0.9040245655201078,
            "std": 0.047858021865642135,
            "n": 21
          },
          "hd95": {
            "mean": 5.190458514496126,
            "std": 0.9053353861967608,
            "n": 21
          }
        },
        "MYO": {
          "dice": {
            "mean": 0.6948345270215157,
            "std": 0.09529615415966305,
            "n": 21
          },
          "iou": {
            "mean": 0.5403200121693958,
            "std": 0.1090844773508177,
            "n": 21
          },
          "precision": {
            "mean": 0.5978421737411534,
            "std": 0.12491942082279775,
            "n": 21
          },
          "recall": {
            "mean": 0.8507665785798241,
            "std": 0.06726544920769052,
            "n": 21
          },
          "hd95": {
            "mean": 8.37651649602693,
            "std": 2.3711654027294107,
            "n": 21
          }
        },
        "Infarct": {
          "dice": {
            "mean": 0.5051787908752076,
            "std": 0.31565424954741245,
            "n": 21
          },
          "iou": {
            "mean": 0.4096169683447868,
            "std": 0.3462244608024169,
            "n": 21
          },
          "precision": {
            "mean": 0.518602323394888,
            "std": 0.3265493907056394,
            "n": 21
          },
          "recall": {
            "mean": 0.6139607277886574,
            "std": 0.3107992927046302,
            "n": 19
          },
          "hd95": {
            "mean": 44.50669730509673,
            "std": 89.68913482696492,
            "n": 21
          }
        },
        "Infarct_pathological": {
          "dice": {
            "mean": 0.4006253291699542,
            "std": 0.12091861930994735,
            "n": 14
          },
          "iou": {
            "mean": 0.25728259537432313,
            "std": 0.09027162342310473,
            "n": 14
          },
          "precision": {
            "mean": 0.42076062794947483,
            "std": 0.17085651414536965,
            "n": 14
          },
          "recall": {
            "mean": 0.4760895591417494,
            "std": 0.24261636090515648,
            "n": 14
          },
          "hd95": {
            "mean": 21.73669600657721,
            "std": 19.37220373444551,
            "n": 14
          }
        },
        "params_M": 22.572004,
        "inference_ms_mean": 21.321557817004976,
        "inference_ms_std": 1.1155663657206483,
        "variant": "DYNUNET",
        "split": "fold1_test",
        "fold": 1,
        "n_cases": 21,
        "checkpoint": "E:\\Thesis Dataset 3\\checkpoints\\DYNUNET_fold1_best.pth",
        "hard_myo_mask": true,
        "mi_voxel_suppression": true,
        "primary_metric": "MI_pathological",
        "protocol": "5-fold-cv"
      }
    },
    {
      "fold": 2,
      "summary": {
        "LV": {
          "dice": {
            "mean": 0.8833043252069597,
            "std": 0.043638392379293484,
            "n": 20
          },
          "iou": {
            "mean": 0.7934960933674782,
            "std": 0.06403339130746946,
            "n": 20
          },
          "precision": {
            "mean": 0.9423485834935523,
            "std": 0.03976876017822167,
            "n": 20
          },
          "recall": {
            "mean": 0.8380423407017309,
            "std": 0.08330047114180225,
            "n": 20
          },
          "hd95": {
            "mean": 5.800329060508553,
            "std": 1.0219273797901103,
            "n": 20
          }
        },
        "MYO": {
          "dice": {
            "mean": 0.6618265878056746,
            "std": 0.08724942640859575,
            "n": 20
          },
          "iou": {
            "mean": 0.5008611721050873,
            "std": 0.09665054452104568,
            "n": 20
          },
          "precision": {
            "mean": 0.5645430277937016,
            "std": 0.12086332767433601,
            "n": 20
          },