{
  "summary": {
    "LV": {
      "dice": {
        "mean": 0.8950155336970129,
        "std": 0.04063436957952208,
        "n": 20
      },
      "iou": {
        "mean": 0.8122670478866418,
        "std": 0.06230007239949564,
        "n": 20
      },
      "precision": {
        "mean": 0.9340579289258597,
        "std": 0.04901137946822783,
        "n": 20
      },
      "recall": {
        "mean": 0.8679500408391256,
        "std": 0.08744470239009973,
        "n": 20
      },
      "hd95": {
        "mean": 5.609632098409923,
        "std": 1.042860148143356,
        "n": 20
      }
    },
    "MYO": {
      "dice": {
        "mean": 0.6928427943381883,
        "std": 0.08386002484244502,
        "n": 20
      },
      "iou": {
        "mean": 0.5363002892288631,
        "std": 0.09784916301260022,
        "n": 20
      },
      "precision": {
        "mean": 0.6162743063917976,
        "std": 0.11029559972189507,
        "n": 20
      },
      "recall": {
        "mean": 0.8121338892986371,
        "std": 0.10451192862347926,
        "n": 20
      },
      "hd95": {
        "mean": 9.254990674466605,
        "std": 3.6432497908611126,
        "n": 20
      }
    },
    "Infarct": {
      "dice": {
        "mean": 0.4371239958964754,
        "std": 0.340124853518627,
        "n": 20
      },
      "iou": {
        "mean": 0.3535123106955723,
        "std": 0.34766735855172276,
        "n": 20
      },
      "precision": {
        "mean": 0.4685112227831497,
        "std": 0.33529287702870464,
        "n": 20
      },
      "recall": {
        "mean": 0.5172955047430916,
        "std": 0.32914855396713305,
        "n": 17
      },
      "hd95": {
        "mean": 77.1288596905307,
        "std": 120.90383593904451,
        "n": 20
      }
    },
    "Infarct_pathological": {
      "dice": {
        "mean": 0.36480614753303914,
        "std": 0.17653943703640898,
        "n": 13
      },
      "iou": {
        "mean": 0.23617278568549588,
        "std": 0.12145347929693,
        "n": 13
      },
      "precision": {
        "mean": 0.4130941888971535,
        "std": 0.1797590416023205,
        "n": 13
      },
      "recall": {
        "mean": 0.368771044664043,
        "std": 0.21890828475188753,
        "n": 13
      },
      "hd95": {
        "mean": 45.92975729524523,
        "std": 81.29902874390869,
        "n": 13
      }
    },
    "params_M": 16.663556,
    "inference_ms_mean": 23.001956939697266,
    "inference_ms_std": 1.0261608144794727,
    "variant": "NNUNET",
    "split": "fold2_test",
    "fold": 2,
    "n_cases": 20,
    "checkpoint": "E:\\Thesis Dataset 3\\checkpoints\\NNUNET_fold2_best.pth",
    "hard_myo_mask": true,
    "mi_voxel_suppression": true,
    "primary_metric": "MI_pathological",
    "protocol": "5-fold-cv"
  },
  "per_case": [
    {
      "case": "Case_N006",
      "fold": 2,
      "LV": {
        "dice": 0.9092098805823654,
        "iou": 0.8335332933413317,
        "precision": 0.9423533401152934,
        "recall": 0.8783185840707964,
        "hd95": 4.743416490252569
      },
      "MYO": {
        "dice": 0.7859733978234583,
        "iou": 0.647410358565737,
        "precision": 0.7014893157781136,
        "recall": 0.8935936211163047,
        "hd95": 6.708203932499369
      },
      "Infarct": {
        "dice": 1.0,
        "iou": 1.0,
        "precision": 1.0,
        "recall": 1.0,
        "hd95": 0.0
      },
      "pathological": false
    },
    {
      "case": "Case_N023",
      "fold": 2,
      "LV": {
        "dice": 0.936004612280196,
        "iou": 0.8797073963695475,
        "precision": 0.920873511060692,
        "recall": 0.951641266119578,
        "hd95": 4.743416490252569
      },
      "MYO": {
        "dice": 0.7037299338999056,
        "iou": 0.5428883627754507,
        "precision": 0.5728285933897003,
        "recall": 0.9121787025703795,
        "hd95": 8.498338697640026
      },
      "Infarct": {
        "dice": 1.0,
        "iou": 1.0,
        "precision": 1.0,
        "recall": 1.0,
        "hd95": 0.0
      },
      "pathological": false
    },
    {
      "case": "Case_N025",
      "fold": 2,
      "LV": {
        "dice": 0.9139475367882278,
        "iou": 0.8415316642120766,
        "precision": 0.8457667258732978,
        "recall": 0.9940848990953375,
        "hd95": 4.743416490252569
      },
      "MYO": {
        "dice": 0.6677447443711905,
        "iou": 0.5012138188608777,
        "precision": 0.556500103669915,
        "recall": 0.8345771144278606,
        "hd95": 7.648529270389178
      },
      "Infarct": {
        "dice": 1.0,
        "iou": 1.0,
        "precision": 1.0,
        "recall": 1.0,
        "hd95": 0.0
      },
      "pathological": false
    },
    {
      "case": "Case_N030",
      "fold": 2,
      "LV": {
        "dice": 0.8946419793544158,
        "iou": 0.8093685146753632,
        "precision": 0.8462492250464972,
        "recall": 0.948905109489051,
        "hd95": 4.743416490252569
      },
      "MYO": {
        "dice": 0.7735677478023644,
        "iou": 0.6307464162135442,
        "precision": 0.7023853211009174,
        "recall": 0.8608050371036654,
        "hd95": 8.077747210701755
      },
      "Infarct": {
        "dice": 0.0,
        "iou": 0.0,
        "precision": 0.0,
        "recall": NaN,
        "hd95": 315.1634496574753
      },
      "pathological": false
    },
    {
      "case": "Case_N037",
      "fold": 2,
      "LV": {
        "dice": 0.751753635585971,
        "iou": 0.6022478070175439,
        "precision": 0.9847601972209772,
        "recall": 0.6079136690647482,
        "hd95": 9.006207189772361
      },
      "MYO": {
        "dice": 0.5826276735050196,
        "iou": 0.4110618378911062,
        "precision": 0.54339684090539,
        "recall": 0.6279638690252164,
        "hd95": 10.550466063011177
      },
      "Infarct": {
        "dice": 0.0,
        "iou": 0.0,
        "precision": 0.0,
        "recall": NaN,
        "hd95": 315.1634496574753
      },
      "pathological": false
    },
    {
      "case": "Case_N041",
      "fold": 2,
      "LV": {
        "dice": 0.9275064267352185,
        "iou": 0.8648130393096836,
        "precision": 0.9688506981740065,
        "recall": 0.8895463510848126,
        "hd95": 5.408326913195984
      },
      "MYO": {
        "dice": 0.8556434962147281,
        "iou": 0.7477071117125245,
        "precision": 0.8476222941878302,
        "recall": 0.8638179607434427,
        "hd95": 7.669990167404787
      },
      "Infarct": {
        "dice": 1.0,
        "iou": 1.0,
        "precision": 1.0,
        "recall": 1.0,
        "hd95": 0.0
      },
      "pathological": false
    },
    {
      "case": "Case_N075",
      "fold": 2,
      "LV": {
        "dice": 0.9261806510774874,
        "iou": 0.8625106746370623,
        "precision": 0.9187386294724075,
        "recall": 0.9337442218798151,
        "hd95": 4.743416490252569
      },
      "MYO": {
        "dice": 0.7377529658060014,
        "iou": 0.5844758956214064,
        "precision": 0.6374819102749638,
        "recall": 0.875455448824114,
        "hd95": 6.708203932499369
      },
      "Infarct": {
        "dice": 0.0,
        "iou": 0.0,
        "precision": 0.0,
        "recall": NaN,
        "hd95": 315.1634496574753
      },
      "pathological": false
    },
    {
      "case": "Case_P001",
      "fold": 2,
      "LV": {
        "dice": 0.8838951310861424,
        "iou": 0.7919463087248322,
        "precision": 0.9195507678203071,
        "recall": 0.8509013785790032,
        "hd95": 5.437910567536158
      },
      "MYO": {
        "dice": 0.6038461538461538,
        "iou": 0.4325068870523416,
        "precision": 0.576499388004896,
        "recall": 0.6339165545087483,
        "hd95": 15.193261218191985
      },
      "Infarct": {
        "dice": 0.4924829157175399,
        "iou": 0.32668479903294045,
        "precision": 0.5060861423220974,
        "recall": 0.47959183673469385,
        "hd95": 11.393039630413432
      },