{
  "summary": {
    "LV": {
      "dice": {
        "mean": 0.906514558279204,
        "std": 0.035967851534505324,
        "n": 15
      },
      "iou": {
        "mean": 0.8309341898653319,
        "std": 0.05841734449951076,
        "n": 15
      },
      "precision": {
        "mean": 0.9273181231796784,
        "std": 0.08040841062022931,
        "n": 15
      },
      "recall": {
        "mean": 0.8956399666220177,
        "std": 0.059112811550446,
        "n": 15
      },
      "hd95": {
        "mean": 5.683896782417298,
        "std": 0.8370362816500163,
        "n": 15
      }
    },
    "MYO": {
      "dice": {
        "mean": 0.6991697615994698,
        "std": 0.10621250237997457,
        "n": 15
      },
      "iou": {
        "mean": 0.5473358867686513,
        "std": 0.12107458403489174,
        "n": 15
      },
      "precision": {
        "mean": 0.6105990681620895,
        "std": 0.1290574657295061,
        "n": 15
      },
      "recall": {
        "mean": 0.8354013717471024,
        "std": 0.0762768569376618,
        "n": 15
      },
      "hd95": {
        "mean": 8.922596889661447,
        "std": 1.5439177700967046,
        "n": 15
      }
    },
    "Infarct": {
      "dice": {
        "mean": 0.3357436086044333,
        "std": 0.24826479537611407,
        "n": 13
      },
      "iou": {
        "mean": 0.22867703116976965,
        "std": 0.1816405524386056,
        "n": 13
      },
      "precision": {
        "mean": 0.34212123169328434,
        "std": 0.23969414563053656,
        "n": 13
      },
      "recall": {
        "mean": 0.5187734880568401,
        "std": 0.30529878575391434,
        "n": 10
      },
      "hd95": {
        "mean": 77.24396829264,
        "std": 120.76921822011393,
        "n": 15
      }
    },
    "Infarct_pathological": {
      "dice": {
        "mean": 0.43646669118576326,
        "std": 0.19016771710725108,
        "n": 10
      },
      "iou": {
        "mean": 0.2972801405207005,
        "std": 0.14998978428299928,
        "n": 10
      },
      "precision": {
        "mean": 0.4447576012012696,
        "std": 0.17041409268613927,
        "n": 10
      },
      "recall": {
        "mean": 0.5187734880568401,
        "std": 0.30529878575391434,
        "n": 10
      },
      "hd95": {
        "mean": 21.316917541717416,
        "std": 23.97792916741216,
        "n": 10
      }
    },
    "params_M": 22.572004,
    "inference_ms_mean": 74.80792999267578,
    "inference_ms_std": 40.81189683553668,
    "variant": "DYNUNET",
    "split": "test",
    "checkpoint": "E:\\Thesis Dataset 3\\checkpoints\\DYNUNET_best.pth",
    "hard_myo_mask": true
  },
  "per_case": [
    {
      "case": "Case_N012",
      "LV": {
        "dice": 0.9304768486523842,
        "iou": 0.8699922460584131,
        "precision": 0.9186681222707423,
        "recall": 0.9425931111733408,
        "hd95": 5.408326913195984
      },
      "MYO": {
        "dice": 0.8342358360947224,
        "iou": 0.7156128674431503,
        "precision": 0.837688686901477,
        "recall": 0.8308113329040566,
        "hd95": 7.669990167404787
      },
      "Infarct": {
        "dice": 0.0,
        "iou": 0.0,
        "precision": 0.0,
        "recall": NaN,
        "hd95": 315.1634496574753
      },
      "pathological": false
    },
    {
      "case": "Case_N023",
      "LV": {
        "dice": 0.9238948807534558,
        "iou": 0.8585544889892716,
        "precision": 0.9590034689372438,
        "recall": 0.8912661195779601,
        "hd95": 4.743416490252569
      },
      "MYO": {
        "dice": 0.7767880534451139,
        "iou": 0.63503962304562,
        "precision": 0.679111314704535,
        "recall": 0.9072827417380661,
        "hd95": 7.5
      },
      "Infarct": {
        "dice": NaN,
        "iou": NaN,
        "precision": NaN,
        "recall": NaN,
        "hd95": 0.0
      },
      "pathological": false
    },
    {
      "case": "Case_N024",
      "LV": {
        "dice": 0.9187287724405628,
        "iou": 0.8496746690599057,
        "precision": 0.9254643206256109,
        "recall": 0.9120905587668593,
        "hd95": 6.0
      },
      "MYO": {
        "dice": 0.6620516047828823,
        "iou": 0.49482596425211667,
        "precision": 0.5496342737722049,
        "recall": 0.8322784810126582,
        "hd95": 7.648529270389178
      },
      "Infarct": {
        "dice": 0.0,
        "iou": 0.0,
        "precision": 0.0,
        "recall": NaN,
        "hd95": 315.1634496574753
      },
      "pathological": false
    },
    {
      "case": "Case_N054",
      "LV": {
        "dice": 0.9352999016715831,
        "iou": 0.8784632434429257,
        "precision": 0.949111953701856,
        "recall": 0.9218840860631905,
        "hd95": 6.18465843842649
      },
      "MYO": {
        "dice": 0.8211184982401252,
        "iou": 0.6965233545647559,
        "precision": 0.7287241427183118,
        "recall": 0.9403439627373701,
        "hd95": 8.75910645015454
      },
      "Infarct": {
        "dice": 0.0,
        "iou": 0.0,
        "precision": 0.0,
        "recall": NaN,
        "hd95": 315.1634496574753
      },
      "pathological": false
    },
    {
      "case": "Case_N089",
      "LV": {
        "dice": 0.9057833288080369,
        "iou": 0.8277915632754342,
        "precision": 0.991971454058876,
        "recall": 0.83337496877342,
        "hd95": 5.408326913195984
      },
      "MYO": {
        "dice": 0.8226501868352974,
        "iou": 0.69873046875,
        "precision": 0.7318445277872485,
        "recall": 0.93918179829359,
        "hd95": 8.077747210701755
      },
      "Infarct": {
        "dice": NaN,
        "iou": NaN,
        "precision": NaN,
        "recall": NaN,
        "hd95": 0.0
      },
      "pathological": false
    },
    {
      "case": "Case_P007",
      "LV": {
        "dice": 0.9095729013254786,
        "iou": 0.8341437061048083,
        "precision": 0.9842753931151721,
        "recall": 0.8454097463040701,
        "hd95": 6.708203932499369
      },
      "MYO": {
        "dice": 0.7834264432029795,
        "iou": 0.6439614266033982,
        "precision": 0.6845102505694761,
        "recall": 0.9157596865476709,
        "hd95": 8.48528137423857
      },
      "Infarct": {
        "dice": 0.49935649935649934,
        "iou": 0.33276157804459694,
        "precision": 0.6298701298701299,
        "recall": 0.4136460554371002,
        "hd95": 20.447795885247825
      },
      "pathological": true
    },
    {
      "case": "Case_P008",
      "LV": {
        "dice": 0.8512889789485534,
        "iou": 0.7410819286554292,
        "precision": 0.9989431968295905,
        "recall": 0.7416633974107493,
        "hd95": 6.363961030678928
      },
      "MYO": {
        "dice": 0.6858108108108109,
        "iou": 0.5218508997429306,
        "precision": 0.6439333862014275,
        "recall": 0.7335140018066847,
        "hd95": 11.664577325899067
      },
      "Infarct": {
        "dice": 0.5563575791227096,
        "iou": 0.3853846153846154,
        "precision": 0.4326424870466321,
        "recall": 0.7791601866251944,
        "hd95": 20.279299790673246
      },
      "pathological": true
    },
    {
      "case": "Case_P021",
      "LV": {
        "dice": 0.91752825198365,
        "iou": 0.8476232785428698,
        "precision": 0.945724907063197,
        "recall": 0.8909642773756713,
        "hd95": 5.408326913195984
      },
      "MYO": {
        "dice": 0.7450500556173526,
        "iou": 0.5936890622230101,
        "precision": 0.6476503577644556,
        "recall": 0.8769311338046609,
        "hd95": 10.111874208078342
      },
      "Infarct": {
        "dice": 0.32360742705570295,
        "iou": 0.1930379746835443,
        "precision": 0.46564885496183206,
        "recall": 0.24796747967479674,
        "hd95": 90.6165760997491
      },
      "pathological": true
    },
    {
      "case": "Case_P035",
      "LV": {
        "dice": 0.9346066688248624,
        "iou": 0.8772409601944697,