{
  "summary": {
    "LV": {
      "dice": {
        "mean": 0.8833043252069597,
        "std": 0.043638392379293484,
        "n": 20
      },
      "iou": {
        "mean": 0.7934960933674782,
        "std": 0.06403339130746946,
        "n": 20
      },
      "precision": {
        "mean": 0.9423485834935523,
        "std": 0.03976876017822167,
        "n": 20
      },
      "recall": {
        "mean": 0.8380423407017309,
        "std": 0.08330047114180225,
        "n": 20
      },
      "hd95": {
        "mean": 5.800329060508553,
        "std": 1.0219273797901103,
        "n": 20
      }
    },
    "MYO": {
      "dice": {
        "mean": 0.6618265878056746,
        "std": 0.08724942640859575,
        "n": 20
      },
      "iou": {
        "mean": 0.5008611721050873,
        "std": 0.09665054452104568,
        "n": 20
      },
      "precision": {
        "mean": 0.5645430277937016,
        "std": 0.12086332767433601,
        "n": 20
      },
      "recall": {
        "mean": 0.8313404751417707,
        "std": 0.09927179764950154,
        "n": 20
      },
      "hd95": {
        "mean": 9.054858230060917,
        "std": 2.4814875348733403,
        "n": 20
      }
    },
    "Infarct": {
      "dice": {
        "mean": 0.399776403651945,
        "std": 0.3590727702645648,
        "n": 20
      },
      "iou": {
        "mean": 0.3298248292625308,
        "std": 0.36324737190607664,
        "n": 20
      },
      "precision": {
        "mean": 0.43674144383189273,
        "std": 0.34388154441438984,
        "n": 20
      },
      "recall": {
        "mean": 0.4629175021436168,
        "std": 0.370559833551362,
        "n": 17
      },
      "hd95": {
        "mean": 78.2177831148544,
        "std": 120.74292834048445,
        "n": 20
      }
    },
    "Infarct_pathological": {
      "dice": {
        "mean": 0.30734831331068463,
        "std": 0.2051396768457717,
        "n": 13
      },
      "iou": {
        "mean": 0.1997305065577398,
        "std": 0.15091053020480402,
        "n": 13
      },
      "precision": {
        "mean": 0.3642176058952194,
        "std": 0.18717414129653823,
        "n": 13
      },
      "recall": {
        "mean": 0.29766134895703733,
        "std": 0.251990971439985,
        "n": 13
      },
      "hd95": {
        "mean": 47.605024101897065,
        "std": 81.56754097825298,
        "n": 13
      }
    },
    "params_M": 22.572004,
    "inference_ms_mean": 21.253013610839844,
    "inference_ms_std": 1.0845524694171589,
    "variant": "DYNUNET",
    "split": "fold2_test",
    "fold": 2,
    "n_cases": 20,
    "checkpoint": "E:\\Thesis Dataset 3\\checkpoints\\DYNUNET_fold2_best.pth",
    "hard_myo_mask": true,
    "mi_voxel_suppression": true,
    "primary_metric": "MI_pathological",
    "protocol": "5-fold-cv"
  },
  "per_case": [
    {
      "case": "Case_N006",
      "fold": 2,
      "LV": {
        "dice": 0.879514006074924,
        "iou": 0.7849397590361445,
        "precision": 0.943519188993483,
        "recall": 0.8236409608091024,
        "hd95": 5.437910567536158
      },
      "MYO": {
        "dice": 0.7708011869436202,
        "iou": 0.627076091154886,
        "precision": 0.6781537176274018,
        "recall": 0.8927687654660434,
        "hd95": 6.381173175769934
      },
      "Infarct": {
        "dice": 1.0,
        "iou": 1.0,
        "precision": 1.0,
        "recall": 1.0,
        "hd95": 0.0
      },
      "pathological": false
    },
    {
      "case": "Case_N023",
      "fold": 2,
      "LV": {
        "dice": 0.8980921358771522,
        "iou": 0.8150337837837838,
        "precision": 0.9538714991762768,
        "recall": 0.8484759671746777,
        "hd95": 4.743416490252569
      },
      "MYO": {
        "dice": 0.6967087412999882,
        "iou": 0.5345763939174512,
        "precision": 0.566903436360146,
        "recall": 0.903610771113831,
        "hd95": 6.747793735874365
      },
      "Infarct": {
        "dice": 1.0,
        "iou": 1.0,
        "precision": 1.0,
        "recall": 1.0,
        "hd95": 0.0
      },
      "pathological": false
    },
    {
      "case": "Case_N025",
      "fold": 2,
      "LV": {
        "dice": 0.9139417602082317,
        "iou": 0.841521869382864,
        "precision": 0.8582340360525512,
        "recall": 0.9773834377174669,
        "hd95": 5.408326913195984
      },
      "MYO": {
        "dice": 0.6348547717842323,
        "iou": 0.46504559270516715,
        "precision": 0.5043956043956044,
        "recall": 0.8563432835820896,
        "hd95": 7.648529270389178
      },
      "Infarct": {
        "dice": 1.0,
        "iou": 1.0,
        "precision": 1.0,
        "recall": 1.0,
        "hd95": 0.0
      },
      "pathological": false
    },
    {
      "case": "Case_N030",
      "fold": 2,
      "LV": {
        "dice": 0.8919436227597007,
        "iou": 0.804962311557789,
        "precision": 0.8930313588850174,
        "recall": 0.8908585331942996,
        "hd95": 5.408326913195984
      },
      "MYO": {
        "dice": 0.7458766035430666,
        "iou": 0.5947394057476864,
        "precision": 0.6814883720930233,
        "recall": 0.823701371711266,
        "hd95": 7.507426463519452
      },
      "Infarct": {
        "dice": 0.0,
        "iou": 0.0,
        "precision": 0.0,
        "recall": NaN,
        "hd95": 315.1634496574753
      },
      "pathological": false
    },
    {
      "case": "Case_N037",
      "fold": 2,
      "LV": {
        "dice": 0.7196725594356875,
        "iou": 0.5621003945041491,
        "precision": 0.9710928319623972,
        "recall": 0.5716657443276149,
        "hd95": 9.492725649287339
      },
      "MYO": {
        "dice": 0.49516908212560384,
        "iou": 0.3290529695024077,
        "precision": 0.45715195922268237,
        "recall": 0.5400828001505458,
        "hd95": 10.606601717798213
      },
      "Infarct": {
        "dice": 0.0,
        "iou": 0.0,
        "precision": 0.0,
        "recall": NaN,
        "hd95": 315.1634496574753
      },
      "pathological": false
    },
    {
      "case": "Case_N041",
      "fold": 2,
      "LV": {
        "dice": 0.8913917940466614,
        "iou": 0.8040638606676342,
        "precision": 0.9770723104056437,
        "recall": 0.8195266272189349,
        "hd95": 5.408326913195984
      },
      "MYO": {
        "dice": 0.806929360021542,
        "iou": 0.6763466746915437,
        "precision": 0.8348811292719168,
        "recall": 0.7807886051763071,
        "hd95": 7.648529270389178
      },
      "Infarct": {
        "dice": 1.0,
        "iou": 1.0,
        "precision": 1.0,
        "recall": 1.0,
        "hd95": 0.0
      },
      "pathological": false
    },
    {
      "case": "Case_N075",
      "fold": 2,
      "LV": {
        "dice": 0.9207606973058637,
        "iou": 0.8531571218795888,
        "precision": 0.9477977161500816,
        "recall": 0.8952234206471494,
        "hd95": 4.743416490252569
      },
      "MYO": {
        "dice": 0.7618250313938887,
        "iou": 0.6152805949966194,
        "precision": 0.6581485053037609,
        "recall": 0.9042729380589599,
        "hd95": 6.708203932499369
      },
      "Infarct": {
        "dice": 0.0,
        "iou": 0.0,
        "precision": 0.0,
        "recall": NaN,
        "hd95": 315.1634496574753
      },
      "pathological": false
    },
    {
      "case": "Case_P001",
      "fold": 2,
      "LV": {
        "dice": 0.8832252085264134,
        "iou": 0.7908713692946058,
        "precision": 0.9731937707429155,
        "recall": 0.8084835630965005,
        "hd95": 6.193623568039104
      },
      "MYO": {
        "dice": 0.5712799167533819,
        "iou": 0.3998543335761107,
        "precision": 0.46564885496183206,
        "recall": 0.7388963660834454,
        "hd95": 15.344994024089837
      },
      "Infarct": {
        "dice": 0.3254094030639197,
        "iou": 0.1943217665615142,
        "precision": 0.402088772845953,
        "recall": 0.2732919254658385,
        "hd95": 17.4928556845359
      },