{
  "summary": {
    "LV": {
      "dice": {
        "mean": 0.9060662555816933,
        "std": 0.034881006718381104,
        "n": 19
      },
      "iou": {
        "mean": 0.8300695390715611,
        "std": 0.05664586911501712,
        "n": 19
      },
      "precision": {
        "mean": 0.9292484588931259,
        "std": 0.0446408166066968,
        "n": 19
      },
      "recall": {
        "mean": 0.8886853224358969,
        "std": 0.0667304544422034,
        "n": 19
      },
      "hd95": {
        "mean": 6.039336605840019,
        "std": 1.6650537892534991,
        "n": 19
      }
    },
    "MYO": {
      "dice": {
        "mean": 0.7077487216722468,
        "std": 0.0774762587885937,
        "n": 19
      },
      "iou": {
        "mean": 0.5530791736634193,
        "std": 0.09024692739613792,
        "n": 19
      },
      "precision": {
        "mean": 0.6394327090569851,
        "std": 0.08693389147871962,
        "n": 19
      },
      "recall": {
        "mean": 0.8021538915106485,
        "std": 0.10176623665648044,
        "n": 19
      },
      "hd95": {
        "mean": 9.986847449457814,
        "std": 4.181360848585153,
        "n": 19
      }
    },
    "Infarct": {
      "dice": {
        "mean": 0.5938769375628766,
        "std": 0.3013322161834501,
        "n": 19
      },
      "iou": {
        "mean": 0.4975565303596702,
        "std": 0.354511090004628,
        "n": 19
      },
      "precision": {
        "mean": 0.5419165413411582,
        "std": 0.3275164359802713,
        "n": 19
      },
      "recall": {
        "mean": 0.7446456143563837,
        "std": 0.274513576982959,
        "n": 19
      },
      "hd95": {
        "mean": 10.29953457677631,
        "std": 9.41934046377994,
        "n": 19
      }
    },
    "Infarct_pathological": {
      "dice": {
        "mean": 0.4064355241303581,
        "std": 0.14646071920908993,
        "n": 13
      },
      "iou": {
        "mean": 0.26565954437182576,
        "std": 0.11572405748511491,
        "n": 13
      },
      "precision": {
        "mean": 0.33049340657553905,
        "std": 0.12339240889333733,
        "n": 13
      },
      "recall": {
        "mean": 0.62678974405933,
        "std": 0.2572025722568228,
        "n": 13
      },
      "hd95": {
        "mean": 15.053165919903835,
        "std": 7.623404768249697,
        "n": 13
      }
    },
    "params_M": 22.572004,
    "inference_ms_mean": 21.725817730552272,
    "inference_ms_std": 0.7101536657911864,
    "variant": "DYNUNET",
    "split": "fold3_test",
    "fold": 3,
    "n_cases": 19,
    "checkpoint": "E:\\Thesis Dataset 3\\checkpoints\\DYNUNET_fold3_best.pth",
    "hard_myo_mask": true,
    "mi_voxel_suppression": true,
    "primary_metric": "MI_pathological",
    "protocol": "5-fold-cv"
  },
  "per_case": [
    {
      "case": "Case_N027",
      "fold": 3,
      "LV": {
        "dice": 0.9082736807058431,
        "iou": 0.8319609637084477,
        "precision": 0.8724016629357212,
        "recall": 0.9472222222222222,
        "hd95": 4.5
      },
      "MYO": {
        "dice": 0.7612174458738625,
        "iou": 0.6144883485309017,
        "precision": 0.6794249439880508,
        "recall": 0.865398335315101,
        "hd95": 7.648529270389178
      },
      "Infarct": {
        "dice": 1.0,
        "iou": 1.0,
        "precision": 1.0,
        "recall": 1.0,
        "hd95": 0.0
      },
      "pathological": false
    },
    {
      "case": "Case_N040",
      "fold": 3,
      "LV": {
        "dice": 0.930295633306211,
        "iou": 0.8696754563894523,
        "precision": 0.9076475258004764,
        "recall": 0.9541029207232267,
        "hd95": 4.743416490252569
      },
      "MYO": {
        "dice": 0.7944203944203945,
        "iou": 0.6589530801149058,
        "precision": 0.7811199394627317,
        "recall": 0.808181640242709,
        "hd95": 10.111874208078342
      },
      "Infarct": {
        "dice": 1.0,
        "iou": 1.0,
        "precision": 1.0,
        "recall": 1.0,
        "hd95": 0.0
      },
      "pathological": false
    },
    {
      "case": "Case_N049",
      "fold": 3,
      "LV": {
        "dice": 0.9309131841846068,
        "iou": 0.8707554619636747,
        "precision": 0.8909237813089146,
        "recall": 0.9746611667648792,
        "hd95": 4.743416490252569
      },
      "MYO": {
        "dice": 0.7552026945747624,
        "iou": 0.6066872825666796,
        "precision": 0.6590384211631325,
        "recall": 0.884225352112676,
        "hd95": 6.708203932499369
      },
      "Infarct": {
        "dice": 1.0,
        "iou": 1.0,
        "precision": 1.0,
        "recall": 1.0,
        "hd95": 0.0
      },
      "pathological": false
    },
    {
      "case": "Case_N079",
      "fold": 3,
      "LV": {
        "dice": 0.9286537454164484,
        "iou": 0.8668100919225503,
        "precision": 0.9301154249737671,
        "recall": 0.9271966527196652,
        "hd95": 6.18465843842649
      },
      "MYO": {
        "dice": 0.759480149546021,
        "iou": 0.6122273249138921,
        "precision": 0.648229752317277,
        "recall": 0.9168278529980658,
        "hd95": 7.648529270389178
      },
      "Infarct": {
        "dice": 1.0,
        "iou": 1.0,
        "precision": 1.0,
        "recall": 1.0,
        "hd95": 0.0
      },
      "pathological": false
    },
    {
      "case": "Case_N084",
      "fold": 3,
      "LV": {
        "dice": 0.9279965661551669,
        "iou": 0.8656656656656657,
        "precision": 0.9767336796927942,
        "recall": 0.883892068683565,
        "hd95": 6.0
      },
      "MYO": {
        "dice": 0.8340113264736381,
        "iou": 0.7152825283896566,
        "precision": 0.8260388686996366,
        "recall": 0.842139175257732,
        "hd95": 7.5
      },
      "Infarct": {
        "dice": 1.0,
        "iou": 1.0,
        "precision": 1.0,
        "recall": 1.0,
        "hd95": 0.0
      },
      "pathological": false
    },
    {
      "case": "Case_N089",
      "fold": 3,
      "LV": {
        "dice": 0.9317885967196042,
        "iou": 0.8722885693395077,
        "precision": 0.9728187007338951,
        "recall": 0.8940794404196852,
        "hd95": 4.743416490252569
      },
      "MYO": {
        "dice": 0.810855565777369,
        "iou": 0.681881479189231,
        "precision": 0.6996348626766153,
        "recall": 0.9641216364034129,
        "hd95": 7.5
      },
      "Infarct": {
        "dice": 1.0,
        "iou": 1.0,
        "precision": 1.0,
        "recall": 1.0,
        "hd95": 0.0
      },
      "pathological": false
    },
    {
      "case": "Case_P008",
      "fold": 3,
      "LV": {
        "dice": 0.88623015009789,
        "iou": 0.795703125,
        "precision": 0.99462890625,
        "recall": 0.7991369164378187,
        "hd95": 6.18465843842649
      },
      "MYO": {
        "dice": 0.6894747434091366,
        "iou": 0.5261056511056511,
        "precision": 0.6217785843920145,
        "recall": 0.7737127371273713,
        "hd95": 11.00065848422862
      },
      "Infarct": {
        "dice": 0.5581395348837209,
        "iou": 0.3870967741935484,
        "precision": 0.40346620450606585,
        "recall": 0.9051321928460342,
        "hd95": 20.0
      },
      "pathological": true
    },
    {
      "case": "Case_P011",
      "fold": 3,
      "LV": {
        "dice": 0.8820889432884537,
        "iou": 0.789051094890511,
        "precision": 0.9032797158972217,
        "recall": 0.8618696432130756,
        "hd95": 6.193623568039104
      },
      "MYO": {
        "dice": 0.7140549273021002,
        "iou": 0.5552763819095478,
        "precision": 0.6378550812699377,
        "recall": 0.8109308613364233,
        "hd95": 13.569450100102365
      },
      "Infarct": {
        "dice": 0.3201058201058201,
        "iou": 0.19055118110236222,
        "precision": 0.4849699398797595,
        "recall": 0.2388943731490622,
        "hd95": 25.58707759458204
      },
      "pathological": true
    },
    {
      "case": "Case_P026",