{
  "summary": {
    "LV": {
      "dice": {
        "mean": 0.9026092610843092,
        "std": 0.03659233940792058,
        "n": 21
      },
      "iou": {
        "mean": 0.8244902955366104,
        "std": 0.059569123746816645,
        "n": 21
      },
      "precision": {
        "mean": 0.895181180075643,
        "std": 0.07192100376549344,
        "n": 21
      },
      "recall": {
        "mean": 0.9171049749287796,
        "std": 0.05246649634722946,
        "n": 21
      },
      "hd95": {
        "mean": 5.371927496790753,
        "std": 1.3673308934651098,
        "n": 21
      }
    },
    "MYO": {
      "dice": {
        "mean": 0.6432864815887432,
        "std": 0.09276968720802906,
        "n": 21
      },
      "iou": {
        "mean": 0.4809365002121668,
        "std": 0.09951765857429172,
        "n": 21
      },
      "precision": {
        "mean": 0.5235265161338786,
        "std": 0.10240621794660129,
        "n": 21
      },
      "recall": {
        "mean": 0.8493112652260719,
        "std": 0.0768461499239015,
        "n": 21
      },
      "hd95": {
        "mean": 8.741496134119188,
        "std": 1.430406924661331,
        "n": 21
      }
    },
    "Infarct": {
      "dice": {
        "mean": 0.6040750298858147,
        "std": 0.32586704960980445,
        "n": 21
      },
      "iou": {
        "mean": 0.5161505584894583,
        "std": 0.3642778293861804,
        "n": 21
      },
      "precision": {
        "mean": 0.6076030957607017,
        "std": 0.3174458968719859,
        "n": 21
      },
      "recall": {
        "mean": 0.6296547059761037,
        "std": 0.3446712570845397,
        "n": 21
      },
      "hd95": {
        "mean": 29.100647058352518,
        "std": 66.61851263424319,
        "n": 21
      }
    },
    "Infarct_pathological": {
      "dice": {
        "mean": 0.4061125448287223,
        "std": 0.20424633304458442,
        "n": 14
      },
      "iou": {
        "mean": 0.27422583773418757,
        "std": 0.1531822246081882,
        "n": 14
      },
      "precision": {
        "mean": 0.41140464364105256,
        "std": 0.1888818369215273,
        "n": 14
      },
      "recall": {
        "mean": 0.44448205896415555,
        "std": 0.2744643612313275,
        "n": 14
      },
      "hd95": {
        "mean": 43.650970587528775,
        "std": 77.60092521347364,
        "n": 14
      }
    },
    "params_M": 22.572004,
    "inference_ms_mean": 21.865277063278924,
    "inference_ms_std": 0.9802114467692863,
    "variant": "DYNUNET",
    "split": "fold0_test",
    "fold": 0,
    "n_cases": 21,
    "checkpoint": "E:\\Thesis Dataset 3\\checkpoints\\DYNUNET_fold0_best.pth",
    "hard_myo_mask": true,
    "mi_voxel_suppression": true,
    "primary_metric": "MI_pathological",
    "protocol": "5-fold-cv"
  },
  "per_case": [
    {
      "case": "Case_N020",
      "fold": 0,
      "LV": {
        "dice": 0.9355875699488034,
        "iou": 0.8789709172259508,
        "precision": 0.9481177606177607,
        "recall": 0.9233842538190364,
        "hd95": 5.408326913195984
      },
      "MYO": {
        "dice": 0.7917208279172083,
        "iou": 0.6552466070837472,
        "precision": 0.6918909472212513,
        "recall": 0.9252161720028044,
        "hd95": 8.098123918878578
      },
      "Infarct": {
        "dice": 1.0,
        "iou": 1.0,
        "precision": 1.0,
        "recall": 1.0,
        "hd95": 0.0
      },
      "pathological": false
    },
    {
      "case": "Case_N032",
      "fold": 0,
      "LV": {
        "dice": 0.9352148813341886,
        "iou": 0.8783132530120482,
        "precision": 0.9674850696748507,
        "recall": 0.9050279329608939,
        "hd95": 6.381173175769934
      },
      "MYO": {
        "dice": 0.7400207605926206,
        "iou": 0.5873277411623726,
        "precision": 0.6019342953638317,
        "recall": 0.9603232916972814,
        "hd95": 9.142278254700203
      },
      "Infarct": {
        "dice": 1.0,
        "iou": 1.0,
        "precision": 1.0,
        "recall": 1.0,
        "hd95": 0.0
      },
      "pathological": false
    },
    {
      "case": "Case_N042",
      "fold": 0,
      "LV": {
        "dice": 0.8515406162464986,
        "iou": 0.7414634146341463,
        "precision": 0.8481091134531928,
        "recall": 0.855,
        "hd95": 3.3541019662496847
      },
      "MYO": {
        "dice": 0.6731220657276995,
        "iou": 0.5072976559044671,
        "precision": 0.5617042115572968,
        "recall": 0.8396778916544656,
        "hd95": 6.18465843842649
      },
      "Infarct": {
        "dice": 1.0,
        "iou": 1.0,
        "precision": 1.0,
        "recall": 1.0,
        "hd95": 0.0
      },
      "pathological": false
    },
    {
      "case": "Case_N046",
      "fold": 0,
      "LV": {
        "dice": 0.9191364800585438,
        "iou": 0.8503723764387271,
        "precision": 0.8767888307155323,
        "recall": 0.9657823913879278,
        "hd95": 4.242640687119285
      },
      "MYO": {
        "dice": 0.745417515274949,
        "iou": 0.5941558441558441,
        "precision": 0.6437617260787992,
        "recall": 0.8851983231215736,
        "hd95": 6.18465843842649
      },
      "Infarct": {
        "dice": 1.0,
        "iou": 1.0,
        "precision": 1.0,
        "recall": 1.0,
        "hd95": 0.0
      },
      "pathological": false
    },
    {
      "case": "Case_N054",
      "fold": 0,
      "LV": {
        "dice": 0.9272386217790503,
        "iou": 0.8643475059819621,
        "precision": 0.9448692152917505,
        "recall": 0.9102539251792983,
        "hd95": 5.408326913195984
      },
      "MYO": {
        "dice": 0.7811247959637928,
        "iou": 0.6408570732895057,
        "precision": 0.6666666666666666,
        "recall": 0.9430311716230741,
        "hd95": 9.006207189772361
      },
      "Infarct": {
        "dice": 1.0,
        "iou": 1.0,
        "precision": 1.0,
        "recall": 1.0,
        "hd95": 0.0
      },
      "pathological": false
    },
    {
      "case": "Case_N070",
      "fold": 0,
      "LV": {
        "dice": 0.8641586651975445,
        "iou": 0.760809312638581,
        "precision": 0.8071155542487504,
        "recall": 0.9298780487804879,
        "hd95": 4.743416490252569
      },
      "MYO": {
        "dice": 0.7077009555930298,
        "iou": 0.5476294040887343,
        "precision": 0.6660201022747311,
        "recall": 0.7549470317809315,
        "hd95": 8.75910645015454
      },
      "Infarct": {
        "dice": 1.0,
        "iou": 1.0,
        "precision": 1.0,
        "recall": 1.0,
        "hd95": 0.0
      },
      "pathological": false
    },
    {
      "case": "Case_N083",
      "fold": 0,
      "LV": {
        "dice": 0.8174085625177204,
        "iou": 0.6912011508031647,
        "precision": 0.694364161849711,
        "recall": 0.9934527911784976,
        "hd95": 6.18465843842649
      },
      "MYO": {
        "dice": 0.643293862704125,
        "iou": 0.4741585852823731,
        "precision": 0.5544290288153682,
        "recall": 0.7660829493087558,
        "hd95": 10.00311529493745
      },
      "Infarct": {
        "dice": 1.0,
        "iou": 1.0,
        "precision": 1.0,
        "recall": 1.0,
        "hd95": 0.0
      },
      "pathological": false
    },
    {
      "case": "Case_P003",
      "fold": 0,
      "LV": {
        "dice": 0.8791922106022358,
        "iou": 0.7844272844272844,
        "precision": 0.7905317769130998,
        "recall": 0.9902518277822908,
        "hd95": 4.743416490252569
      },
      "MYO": {
        "dice": 0.582971329278888,
        "iou": 0.41140404659717966,
        "precision": 0.45979899497487436,
        "recall": 0.7962816455696202,
        "hd95": 8.077747210701755
      },
      "Infarct": {
        "dice": 0.0,
        "iou": 0.0,
        "precision": 0.0,
        "recall": 0.0,
        "hd95": 56.17715101252458
      },
      "pathological": true
    },
    {
      "case": "Case_P029",
      "fold": 0,