{
  "variant": "M1",
  "protocol": "5-fold stratified CV (same folds for all models)",
  "n_folds_requested": 5,
  "n_folds_evaluated": 5,
  "seed": 42,
  "primary_metric": "MI_pathological",
  "folds": [
    {
      "fold": 0,
      "summary": {
        "LV": {
          "dice": {
            "mean": 0.9014564586348777,
            "std": 0.031012029234810525,
            "n": 21
          },
          "iou": {
            "mean": 0.822006017434036,
            "std": 0.05013034948432725,
            "n": 21
          },
          "precision": {
            "mean": 0.9047205486055864,
            "std": 0.049216035575616615,
            "n": 21
          },
          "recall": {
            "mean": 0.9051208669335944,
            "std": 0.07112700975736114,
            "n": 21
          },
          "hd95": {
            "mean": 9.002817015688375,
            "std": 16.694185980635858,
            "n": 21
          }
        },
        "MYO": {
          "dice": {
            "mean": 0.7098033920020264,
            "std": 0.11140807082349326,
            "n": 21
          },
          "iou": {
            "mean": 0.5609711511091456,
            "std": 0.1256789745360545,
            "n": 21
          },
          "precision": {
            "mean": 0.6436361523544674,
            "std": 0.10272067662414786,
            "n": 21
          },
          "recall": {
            "mean": 0.8030464561618358,
            "std": 0.14000435270102662,
            "n": 21
          },
          "hd95": {
            "mean": 12.544350027891168,
            "std": 18.848277777645883,
            "n": 21
          }
        },
        "Infarct": {
          "dice": {
            "mean": 0.5183370828496285,
            "std": 0.3287718732875635,
            "n": 21
          },
          "iou": {
            "mean": 0.4254997925386298,
            "std": 0.3491156191714008,
            "n": 21
          },
          "precision": {
            "mean": 0.5083312050950946,
            "std": 0.329539590883326,
            "n": 21
          },
          "recall": {
            "mean": 0.6492883086701149,
            "std": 0.3170677048986676,
            "n": 19
          },
          "hd95": {
            "mean": 65.92824909516469,
            "std": 106.2282933598693,
            "n": 21
          }
        },
        "Infarct_pathological": {
          "dice": {
            "mean": 0.4203627671315856,
            "std": 0.17691438904095327,
            "n": 14
          },
          "iou": {
            "mean": 0.2811068316650875,
            "std": 0.13503249811852827,
            "n": 14
          },
          "precision": {
            "mean": 0.40535395049978445,
            "std": 0.17041347282662947,
            "n": 14
          },
          "recall": {
            "mean": 0.5240341331951559,
            "std": 0.2771632692491601,
            "n": 14
          },
          "hd95": {
            "mean": 53.86902369167914,
            "std": 79.7175671301366,
            "n": 14
          }
        },
        "params_M": 46.579736,
        "inference_ms_mean": 51.44861766270229,
        "inference_ms_std": 46.209706370321044,
        "variant": "M1",
        "split": "fold0_test",
        "fold": 0,
        "n_cases": 21,
        "checkpoint": "E:\\Thesis Dataset 3\\checkpoints\\M1_fold0_best.pth",
        "hard_myo_mask": true,
        "mi_voxel_suppression": true,
        "primary_metric": "MI_pathological",
        "protocol": "5-fold-cv"
      }
    },
    {
      "fold": 1,
      "summary": {
        "LV": {
          "dice": {
            "mean": 0.8943117293105073,
            "std": 0.03781274730513211,
            "n": 21
          },
          "iou": {
            "mean": 0.8108583921444188,
            "std": 0.05944358779283672,
            "n": 21
          },
          "precision": {
            "mean": 0.8746085804410471,
            "std": 0.07675145019942847,
            "n": 21
          },
          "recall": {
            "mean": 0.9230548072723453,
            "std": 0.052907051597335344,
            "n": 21
          },
          "hd95": {
            "mean": 14.446707858832115,
            "std": 28.207982942892993,
            "n": 21
          }
        },
        "MYO": {
          "dice": {
            "mean": 0.7274236101001369,
            "std": 0.06950045844865256,
            "n": 21
          },
          "iou": {
            "mean": 0.5761852301723799,
            "std": 0.08385528757236738,
            "n": 21
          },
          "precision": {
            "mean": 0.6657256290940883,
            "std": 0.1027714587432688,
            "n": 21
          },
          "recall": {
            "mean": 0.8151498715043923,
            "std": 0.05962947120993778,
            "n": 21
          },
          "hd95": {
            "mean": 16.4875349638263,
            "std": 26.194444363459255,
            "n": 21
          }
        },
        "Infarct": {
          "dice": {
            "mean": 0.30747181392371925,
            "std": 0.27531732014540605,
            "n": 21
          },
          "iou": {
            "mean": 0.2187576505853041,
            "std": 0.2353457507317399,
            "n": 21
          },
          "precision": {
            "mean": 0.3124544381454034,
            "std": 0.2967060150493051,
            "n": 21
          },
          "recall": {
            "mean": 0.49714730433106646,
            "std": 0.28293562253318694,
            "n": 15
          },
          "hd95": {
            "mean": 119.97808773865452,
            "std": 139.6860084982147,
            "n": 21
          }
        },
        "Infarct_pathological": {
          "dice": {
            "mean": 0.3897791494570075,
            "std": 0.17930827620159026,
            "n": 14
          },
          "iou": {
            "mean": 0.25670790444938474,
            "std": 0.13242461432931016,
            "n": 14
          },
          "precision": {
            "mean": 0.39725308578953367,
            "std": 0.2219341508802088,
            "n": 14
          },
          "recall": {
            "mean": 0.46122925464042835,
            "std": 0.2577188634126632,
            "n": 14
          },
          "hd95": {
            "mean": 44.89708175477807,
            "std": 79.2180090266305,
            "n": 14
          }
        },
        "params_M": 46.579736,
        "inference_ms_mean": 41.03062266395206,
        "inference_ms_std": 0.6675812901643388,
        "variant": "M1",
        "split": "fold1_test",
        "fold": 1,
        "n_cases": 21,
        "checkpoint": "E:\\Thesis Dataset 3\\checkpoints\\M1_fold1_best.pth",
        "hard_myo_mask": true,
        "mi_voxel_suppression": true,
        "primary_metric": "MI_pathological",
        "protocol": "5-fold-cv"
      }
    },
    {
      "fold": 2,
      "summary": {
        "LV": {
          "dice": {
            "mean": 0.9106386144057996,
            "std": 0.04134560128111954,
            "n": 20
          },
          "iou": {
            "mean": 0.8383916073119579,
            "std": 0.06473585206682171,
            "n": 20
          },
          "precision": {
            "mean": 0.9412904786331643,
            "std": 0.04555383509422273,
            "n": 20
          },
          "recall": {
            "mean": 0.8881700897667042,
            "std": 0.07588704190005316,
            "n": 20
          },
          "hd95": {
            "mean": 9.736684688253392,
            "std": 17.902149622322238,
            "n": 20
          }
        },
        "MYO": {
          "dice": {
            "mean": 0.7414397497287057,
            "std": 0.10054793451233404,
            "n": 20
          },
          "iou": {
            "mean": 0.598555793248301,
            "std": 0.11848221543575127,
            "n": 20
          },
          "precision": {
            "mean": 0.7160366584736694,
            "std": 0.0924515733204407,
            "n": 20
          },