{
  "summary": {
    "LV": {
      "dice": {
        "mean": 0.9259094991505293,
        "std": 0.020631129477946816,
        "n": 19
      },
      "iou": {
        "mean": 0.8627099634394609,
        "std": 0.03486274228842711,
        "n": 19
      },
      "precision": {
        "mean": 0.9349223142483492,
        "std": 0.05528574229966938,
        "n": 19
      },
      "recall": {
        "mean": 0.9209882202358918,
        "std": 0.035834732107275835,
        "n": 19
      },
      "hd95": {
        "mean": 5.340012622985342,
        "std": 0.638176034591927,
        "n": 19
      }
    },
    "MYO": {
      "dice": {
        "mean": 0.7658762320935144,
        "std": 0.07013284545650537,
        "n": 19
      },
      "iou": {
        "mean": 0.6257165927713569,
        "std": 0.09052906972633631,
        "n": 19
      },
      "precision": {
        "mean": 0.7386622122520932,
        "std": 0.09536793589469647,
        "n": 19
      },
      "recall": {
        "mean": 0.8016153473007431,
        "std": 0.06937516585240854,
        "n": 19
      },
      "hd95": {
        "mean": 8.337278498070296,
        "std": 2.6503497653319292,
        "n": 19
      }
    },
    "Infarct": {
      "dice": {
        "mean": 0.578206432262012,
        "std": 0.315659273382122,
        "n": 19
      },
      "iou": {
        "mean": 0.4771480594392428,
        "std": 0.32600748218825826,
        "n": 19
      },
      "precision": {
        "mean": 0.5479241061663369,
        "std": 0.3156167450698231,
        "n": 19
      },
      "recall": {
        "mean": 0.7308269843636845,
        "std": 0.25530220300459083,
        "n": 17
      },
      "hd95": {
        "mean": 44.598345519001796,
        "std": 94.36108356760502,
        "n": 19
      }
    },
    "Infarct_pathological": {
      "dice": {
        "mean": 0.5373786317675561,
        "std": 0.1943866741237815,
        "n": 13
      },
      "iou": {
        "mean": 0.3896779330265856,
        "std": 0.16894155634318597,
        "n": 13
      },
      "precision": {
        "mean": 0.4931198474738769,
        "std": 0.18306933747411602,
        "n": 13
      },
      "recall": {
        "mean": 0.648004518014049,
        "std": 0.2368147460158041,
        "n": 13
      },
      "hd95": {
        "mean": 16.695512734314107,
        "std": 18.9896366385012,
        "n": 13
      }
    },
    "params_M": 46.579736,
    "inference_ms_mean": 41.54945674695467,
    "inference_ms_std": 1.5016218587452774,
    "variant": "M1",
    "split": "fold4_test",
    "fold": 4,
    "n_cases": 19,
    "checkpoint": "E:\\Thesis Dataset 3\\checkpoints\\M1_fold4_best.pth",
    "hard_myo_mask": true,
    "mi_voxel_suppression": true,
    "primary_metric": "MI_pathological",
    "protocol": "5-fold-cv"
  },
  "per_case": [
    {
      "case": "Case_N014",
      "fold": 4,
      "LV": {
        "dice": 0.8702988702988703,
        "iou": 0.7703797468354431,
        "precision": 0.7957635983263598,
        "recall": 0.9602398232881035,
        "hd95": 6.18465843842649
      },
      "MYO": {
        "dice": 0.8513392054646773,
        "iou": 0.7411580594679186,
        "precision": 0.8849028400597907,
        "recall": 0.8202286110148943,
        "hd95": 8.75910645015454
      },
      "Infarct": {
        "dice": 1.0,
        "iou": 1.0,
        "precision": 1.0,
        "recall": 1.0,
        "hd95": 0.0
      },
      "pathological": false
    },
    {
      "case": "Case_N024",
      "fold": 4,
      "LV": {
        "dice": 0.9338112305854241,
        "iou": 0.8758404303003138,
        "precision": 0.9265054528212423,
        "recall": 0.941233140655106,
        "hd95": 6.0
      },
      "MYO": {
        "dice": 0.7399520894330583,
        "iou": 0.5872412336290663,
        "precision": 0.6384933394579697,
        "recall": 0.879746835443038,
        "hd95": 7.5
      },
      "Infarct": {
        "dice": 0.0,
        "iou": 0.0,
        "precision": 0.0,
        "recall": NaN,
        "hd95": 315.1634496574753
      },
      "pathological": false
    },
    {
      "case": "Case_N033",
      "fold": 4,
      "LV": {
        "dice": 0.9230769230769231,
        "iou": 0.8571428571428571,
        "precision": 0.8975741239892183,
        "recall": 0.9500713266761769,
        "hd95": 4.743416490252569
      },
      "MYO": {
        "dice": 0.8416036465347561,
        "iou": 0.7265247719549276,
        "precision": 0.8429134675243827,
        "recall": 0.8402978899462143,
        "hd95": 7.5
      },
      "Infarct": {
        "dice": 0.0,
        "iou": 0.0,
        "precision": 0.0,
        "recall": NaN,
        "hd95": 315.1634496574753
      },
      "pathological": false
    },
    {
      "case": "Case_N034",
      "fold": 4,
      "LV": {
        "dice": 0.880041011619959,
        "iou": 0.7857796765334147,
        "precision": 0.8226837060702875,
        "recall": 0.9459955914768553,
        "hd95": 4.743416490252569
      },
      "MYO": {
        "dice": 0.8425777980674123,
        "iou": 0.727977912174599,
        "precision": 0.8946518015834545,
        "recall": 0.7962323842392868,
        "hd95": 7.648529270389178
      },
      "Infarct": {
        "dice": 1.0,
        "iou": 1.0,
        "precision": 1.0,
        "recall": 1.0,
        "hd95": 0.0
      },
      "pathological": false
    },
    {
      "case": "Case_N058",
      "fold": 4,
      "LV": {
        "dice": 0.9328103683492497,
        "iou": 0.8740811760945989,
        "precision": 0.9891500904159132,
        "recall": 0.8825427557276541,
        "hd95": 4.743416490252569
      },
      "MYO": {
        "dice": 0.8403908794788274,
        "iou": 0.7247191011235955,
        "precision": 0.7430875576036866,
        "recall": 0.967016491754123,
        "hd95": 6.0
      },
      "Infarct": {
        "dice": 1.0,
        "iou": 1.0,
        "precision": 1.0,
        "recall": 1.0,
        "hd95": 0.0
      },
      "pathological": false
    },
    {
      "case": "Case_N068",
      "fold": 4,
      "LV": {
        "dice": 0.9484216459977453,
        "iou": 0.9019029750737068,
        "precision": 0.9436343241727426,
        "recall": 0.953257790368272,
        "hd95": 5.408326913195984
      },
      "MYO": {
        "dice": 0.8691615897882217,
        "iou": 0.7685992816829144,
        "precision": 0.8604250430786904,
        "recall": 0.8780773739742087,
        "hd95": 6.18465843842649
      },
      "Infarct": {
        "dice": 1.0,
        "iou": 1.0,
        "precision": 1.0,
        "recall": 1.0,
        "hd95": 0.0
      },
      "pathological": false
    },
    {
      "case": "Case_P004",
      "fold": 4,
      "LV": {
        "dice": 0.9295679946209447,
        "iou": 0.8684045226130653,
        "precision": 0.914654316903738,
        "recall": 0.9449760765550239,
        "hd95": 4.5121708245126175
      },
      "MYO": {
        "dice": 0.7159401979364076,
        "iou": 0.5575598556903902,
        "precision": 0.6981519507186859,
        "recall": 0.7346585998271391,
        "hd95": 6.708203932499369
      },
      "Infarct": {
        "dice": 0.5398230088495575,
        "iou": 0.3696969696969697,
        "precision": 0.48085585585585583,
        "recall": 0.6152737752161384,
        "hd95": 14.179969106313445
      },
      "pathological": true
    },
    {
      "case": "Case_P017",
      "fold": 4,
      "LV": {
        "dice": 0.9094681664300535,
        "iou": 0.8339675545764069,
        "precision": 0.8543290931473123,
        "recall": 0.972215736633201,
        "hd95": 6.0
      },
      "MYO": {
        "dice": 0.7040949793741825,
        "iou": 0.5433229813664596,
        "precision": 0.6298829882988299,
        "recall": 0.7981295620437956,
        "hd95": 9.492725649287339
      },
      "Infarct": {
        "dice": 0.42720915448188174,
        "iou": 0.2716248989490703,
        "precision": 0.3813847900113507,
        "recall": 0.48554913294797686,
        "hd95": 12.867955978003508
      },