{
  "summary": {
    "LV": {
      "dice": {
        "mean": 0.9138574789912881,
        "std": 0.036944794320627215,
        "n": 19
      },
      "iou": {
        "mean": 0.8434138649097773,
        "std": 0.059859665596576454,
        "n": 19
      },
      "precision": {
        "mean": 0.95093737132401,
        "std": 0.03380913862855737,
        "n": 19
      },
      "recall": {
        "mean": 0.8843202085465415,
        "std": 0.07256059957414869,
        "n": 19
      },
      "hd95": {
        "mean": 5.929912027697591,
        "std": 1.5504203665297873,
        "n": 19
      }
    },
    "MYO": {
      "dice": {
        "mean": 0.7704867079033069,
        "std": 0.07710190916434267,
        "n": 19
      },
      "iou": {
        "mean": 0.6327506586082793,
        "std": 0.09742165303332215,
        "n": 19
      },
      "precision": {
        "mean": 0.7490953600707488,
        "std": 0.0686618391265481,
        "n": 19
      },
      "recall": {
        "mean": 0.7971215916476694,
        "std": 0.10130287381792517,
        "n": 19
      },
      "hd95": {
        "mean": 8.69349940221891,
        "std": 2.5564578071044237,
        "n": 19
      }
    },
    "Infarct": {
      "dice": {
        "mean": 0.6330345421437625,
        "std": 0.27936571133978627,
        "n": 19
      },
      "iou": {
        "mean": 0.530994503211061,
        "std": 0.3360085771621969,
        "n": 19
      },
      "precision": {
        "mean": 0.5842723780738331,
        "std": 0.30892511243625603,
        "n": 19
      },
      "recall": {
        "mean": 0.747019073154577,
        "std": 0.2299692736843796,
        "n": 19
      },
      "hd95": {
        "mean": 9.380094005097696,
        "std": 9.120215571011267,
        "n": 19
      }
    },
    "Infarct_pathological": {
      "dice": {
        "mean": 0.46366586928703757,
        "std": 0.15240689811999344,
        "n": 13
      },
      "iou": {
        "mean": 0.3145304277700122,
        "std": 0.12896019990087434,
        "n": 13
      },
      "precision": {
        "mean": 0.392398091030987,
        "std": 0.15132196866803135,
        "n": 13
      },
      "recall": {
        "mean": 0.6302586453797665,
        "std": 0.18472566071173838,
        "n": 13
      },
      "hd95": {
        "mean": 13.709368161296632,
        "std": 7.88775748843093,
        "n": 13
      }
    },
    "params_M": 46.579736,
    "inference_ms_mean": 41.37007813704641,
    "inference_ms_std": 0.767730805188669,
    "variant": "M1",
    "split": "fold3_test",
    "fold": 3,
    "n_cases": 19,
    "checkpoint": "E:\\Thesis Dataset 3\\checkpoints\\M1_fold3_best.pth",
    "hard_myo_mask": true,
    "mi_voxel_suppression": true,
    "primary_metric": "MI_pathological",
    "protocol": "5-fold-cv"
  },
  "per_case": [
    {
      "case": "Case_N027",
      "fold": 3,
      "LV": {
        "dice": 0.9267443883765443,
        "iou": 0.8634889753566797,
        "precision": 0.9288454830833623,
        "recall": 0.9246527777777778,
        "hd95": 4.5121708245126175
      },
      "MYO": {
        "dice": 0.8348334833483348,
        "iou": 0.7164928543839321,
        "precision": 0.7922272047832586,
        "recall": 0.882282996432818,
        "hd95": 6.708203932499369
      },
      "Infarct": {
        "dice": 1.0,
        "iou": 1.0,
        "precision": 1.0,
        "recall": 1.0,
        "hd95": 0.0
      },
      "pathological": false
    },
    {
      "case": "Case_N040",
      "fold": 3,
      "LV": {
        "dice": 0.9273545045658989,
        "iou": 0.864548919949174,
        "precision": 0.909139497594869,
        "recall": 0.9463143254520167,
        "hd95": 5.408326913195984
      },
      "MYO": {
        "dice": 0.851896447922938,
        "iou": 0.7420031463030938,
        "precision": 0.8739962940086473,
        "recall": 0.830886670581327,
        "hd95": 8.098123918878578
      },
      "Infarct": {
        "dice": 1.0,
        "iou": 1.0,
        "precision": 1.0,
        "recall": 1.0,
        "hd95": 0.0
      },
      "pathological": false
    },
    {
      "case": "Case_N049",
      "fold": 3,
      "LV": {
        "dice": 0.9410923648841865,
        "iou": 0.8887388603834728,
        "precision": 0.9141666666666667,
        "recall": 0.9696523276370065,
        "hd95": 4.743416490252569
      },
      "MYO": {
        "dice": 0.8432288192128086,
        "iou": 0.7289504036908881,
        "precision": 0.8010139416983524,
        "recall": 0.8901408450704226,
        "hd95": 6.708203932499369
      },
      "Infarct": {
        "dice": 1.0,
        "iou": 1.0,
        "precision": 1.0,
        "recall": 1.0,
        "hd95": 0.0
      },
      "pathological": false
    },
    {
      "case": "Case_N079",
      "fold": 3,
      "LV": {
        "dice": 0.9433804290947148,
        "iou": 0.8928288431061807,
        "precision": 0.9438743455497383,
        "recall": 0.9428870292887029,
        "hd95": 6.18465843842649
      },
      "MYO": {
        "dice": 0.8429980276134122,
        "iou": 0.7286055233549267,
        "precision": 0.7789320211408785,
        "recall": 0.9185471738663228,
        "hd95": 7.5
      },
      "Infarct": {
        "dice": 1.0,
        "iou": 1.0,
        "precision": 1.0,
        "recall": 1.0,
        "hd95": 0.0
      },
      "pathological": false
    },
    {
      "case": "Case_N084",
      "fold": 3,
      "LV": {
        "dice": 0.9422511549769005,
        "iou": 0.8908080206472107,
        "precision": 0.9686960276338514,
        "recall": 0.9172117743254292,
        "hd95": 6.708203932499369
      },
      "MYO": {
        "dice": 0.8622342975867029,
        "iou": 0.7578311560612445,
        "precision": 0.8555344116714241,
        "recall": 0.8690399484536082,
        "hd95": 7.669990167404787
      },
      "Infarct": {
        "dice": 1.0,
        "iou": 1.0,
        "precision": 1.0,
        "recall": 1.0,
        "hd95": 0.0
      },
      "pathological": false
    },
    {
      "case": "Case_N089",
      "fold": 3,
      "LV": {
        "dice": 0.9447836819540081,
        "iou": 0.8953459738980547,
        "precision": 0.9842988630211154,
        "recall": 0.908318760929303,
        "hd95": 4.77666201139971
      },
      "MYO": {
        "dice": 0.8660143769968051,
        "iou": 0.7636907906321535,
        "precision": 0.7965105601469238,
        "recall": 0.9488077007219426,
        "hd95": 8.74642784226795
      },
      "Infarct": {
        "dice": 1.0,
        "iou": 1.0,
        "precision": 1.0,
        "recall": 1.0,
        "hd95": 0.0
      },
      "pathological": false
    },
    {
      "case": "Case_P008",
      "fold": 3,
      "LV": {
        "dice": 0.874272537608433,
        "iou": 0.776628950448693,
        "precision": 0.9930157146420554,
        "recall": 0.7808944684189878,
        "hd95": 6.708203932499369
      },
      "MYO": {
        "dice": 0.6995687589841878,
        "iou": 0.5379513633014001,
        "precision": 0.7448979591836735,
        "recall": 0.6594399277326106,
        "hd95": 12.041594578792296
      },
      "Infarct": {
        "dice": 0.5292414591777649,
        "iou": 0.3598425196850394,
        "precision": 0.4215867158671587,
        "recall": 0.7107309486780715,
        "hd95": 20.223748416156685
      },
      "pathological": true
    },
    {
      "case": "Case_P011",
      "fold": 3,
      "LV": {
        "dice": 0.8710601719197708,
        "iou": 0.7715736040609137,
        "precision": 0.9314571039491603,
        "recall": 0.8180187362965916,
        "hd95": 7.5
      },
      "MYO": {
        "dice": 0.7273059360730594,
        "iou": 0.5714695752009185,
        "precision": 0.6898821898821899,
        "recall": 0.7690227887215141,
        "hd95": 12.387247136078209
      },
      "Infarct": {
        "dice": 0.31585292344786015,
        "iou": 0.1875447387258411,
        "precision": 0.4055727554179567,
        "recall": 0.25863770977295164,
        "hd95": 11.067971810589327
      },