{
  "summary": {
    "LV": {
      "dice": {
        "mean": 0.9014564586348777,
        "std": 0.031012029234810525,
        "n": 21
      },
      "iou": {
        "mean": 0.822006017434036,
        "std": 0.05013034948432725,
        "n": 21
      },
      "precision": {
        "mean": 0.9047205486055864,
        "std": 0.049216035575616615,
        "n": 21
      },
      "recall": {
        "mean": 0.9051208669335944,
        "std": 0.07112700975736114,
        "n": 21
      },
      "hd95": {
        "mean": 9.002817015688375,
        "std": 16.694185980635858,
        "n": 21
      }
    },
    "MYO": {
      "dice": {
        "mean": 0.7098033920020264,
        "std": 0.11140807082349326,
        "n": 21
      },
      "iou": {
        "mean": 0.5609711511091456,
        "std": 0.1256789745360545,
        "n": 21
      },
      "precision": {
        "mean": 0.6436361523544674,
        "std": 0.10272067662414786,
        "n": 21
      },
      "recall": {
        "mean": 0.8030464561618358,
        "std": 0.14000435270102662,
        "n": 21
      },
      "hd95": {
        "mean": 12.544350027891168,
        "std": 18.848277777645883,
        "n": 21
      }
    },
    "Infarct": {
      "dice": {
        "mean": 0.5183370828496285,
        "std": 0.3287718732875635,
        "n": 21
      },
      "iou": {
        "mean": 0.4254997925386298,
        "std": 0.3491156191714008,
        "n": 21
      },
      "precision": {
        "mean": 0.5083312050950946,
        "std": 0.329539590883326,
        "n": 21
      },
      "recall": {
        "mean": 0.6492883086701149,
        "std": 0.3170677048986676,
        "n": 19
      },
      "hd95": {
        "mean": 65.92824909516469,
        "std": 106.2282933598693,
        "n": 21
      }
    },
    "Infarct_pathological": {
      "dice": {
        "mean": 0.4203627671315856,
        "std": 0.17691438904095327,
        "n": 14
      },
      "iou": {
        "mean": 0.2811068316650875,
        "std": 0.13503249811852827,
        "n": 14
      },
      "precision": {
        "mean": 0.40535395049978445,
        "std": 0.17041347282662947,
        "n": 14
      },
      "recall": {
        "mean": 0.5240341331951559,
        "std": 0.2771632692491601,
        "n": 14
      },
      "hd95": {
        "mean": 53.86902369167914,
        "std": 79.7175671301366,
        "n": 14
      }
    },
    "params_M": 46.579736,
    "inference_ms_mean": 51.44861766270229,
    "inference_ms_std": 46.209706370321044,
    "variant": "M1",
    "split": "fold0_test",
    "fold": 0,
    "n_cases": 21,
    "checkpoint": "E:\\Thesis Dataset 3\\checkpoints\\M1_fold0_best.pth",
    "hard_myo_mask": true,
    "mi_voxel_suppression": true,
    "primary_metric": "MI_pathological",
    "protocol": "5-fold-cv"
  },
  "per_case": [
    {
      "case": "Case_N020",
      "fold": 0,
      "LV": {
        "dice": 0.9497363796133568,
        "iou": 0.9042838018741634,
        "precision": 0.9469626168224299,
        "recall": 0.9525264394829612,
        "hd95": 6.0
      },
      "MYO": {
        "dice": 0.8407188302265878,
        "iou": 0.725207009435779,
        "precision": 0.8047008547008547,
        "recall": 0.8801121757419957,
        "hd95": 7.669990167404787
      },
      "Infarct": {
        "dice": 0.0,
        "iou": 0.0,
        "precision": 0.0,
        "recall": NaN,
        "hd95": 315.1634496574753
      },
      "pathological": false
    },
    {
      "case": "Case_N032",
      "fold": 0,
      "LV": {
        "dice": 0.9363335821691372,
        "iou": 0.8802887507519551,
        "precision": 0.9661091549295775,
        "recall": 0.9083385061038692,
        "hd95": 6.0
      },
      "MYO": {
        "dice": 0.7903506081978943,
        "iou": 0.6533716410343079,
        "precision": 0.6782456140350878,
        "recall": 0.946852804310556,
        "hd95": 8.74642784226795
      },
      "Infarct": {
        "dice": 1.0,
        "iou": 1.0,
        "precision": 1.0,
        "recall": 1.0,
        "hd95": 0.0
      },
      "pathological": false
    },
    {
      "case": "Case_N042",
      "fold": 0,
      "LV": {
        "dice": 0.8892518784710879,
        "iou": 0.8005882352941176,
        "precision": 0.9315537303216974,
        "recall": 0.850625,
        "hd95": 3.3541019662496847
      },
      "MYO": {
        "dice": 0.7997405545646181,
        "iou": 0.6663064036746825,
        "precision": 0.7179039301310044,
        "recall": 0.9026354319180088,
        "hd95": 5.408326913195984
      },
      "Infarct": {
        "dice": 1.0,
        "iou": 1.0,
        "precision": 1.0,
        "recall": 1.0,
        "hd95": 0.0
      },
      "pathological": false
    },
    {
      "case": "Case_N046",
      "fold": 0,
      "LV": {
        "dice": 0.9132634622334659,
        "iou": 0.8403724642500832,
        "precision": 0.8615751789976134,
        "recall": 0.9715494040753556,
        "hd95": 4.5
      },
      "MYO": {
        "dice": 0.7771145727180084,
        "iou": 0.6354761904761905,
        "precision": 0.7083333333333334,
        "recall": 0.8606900999677524,
        "hd95": 7.507426463519452
      },
      "Infarct": {
        "dice": 0.0,
        "iou": 0.0,
        "precision": 0.0,
        "recall": NaN,
        "hd95": 315.1634496574753
      },
      "pathological": false
    },
    {
      "case": "Case_N054",
      "fold": 0,
      "LV": {
        "dice": 0.9278675601103665,
        "iou": 0.8654411764705883,
        "precision": 0.9436760873922629,
        "recall": 0.9125799573560768,
        "hd95": 6.381173175769934
      },
      "MYO": {
        "dice": 0.8281924244845773,
        "iou": 0.7067648663393344,
        "precision": 0.7475476053087132,
        "recall": 0.9283410963812254,
        "hd95": 7.648529270389178
      },
      "Infarct": {
        "dice": 1.0,
        "iou": 1.0,
        "precision": 1.0,
        "recall": 1.0,
        "hd95": 0.0
      },
      "pathological": false
    },
    {
      "case": "Case_N070",
      "fold": 0,
      "LV": {
        "dice": 0.9000502260170768,
        "iou": 0.8182648401826484,
        "precision": 0.8897715988083416,
        "recall": 0.9105691056910569,
        "hd95": 4.743416490252569
      },
      "MYO": {
        "dice": 0.8202350348879912,
        "iou": 0.6952529182879378,
        "precision": 0.7585328578706062,
        "recall": 0.8928642814311413,
        "hd95": 7.5
      },
      "Infarct": {
        "dice": 1.0,
        "iou": 1.0,
        "precision": 1.0,
        "recall": 1.0,
        "hd95": 0.0
      },
      "pathological": false
    },
    {
      "case": "Case_N083",
      "fold": 0,
      "LV": {
        "dice": 0.8808340016038493,
        "iou": 0.7870449985669247,
        "precision": 0.8238823882388239,
        "recall": 0.9462439696760855,
        "hd95": 4.743416490252569
      },
      "MYO": {
        "dice": 0.8118895966029724,
        "iou": 0.6833452466047176,
        "precision": 0.752755905511811,
        "recall": 0.8811059907834101,
        "hd95": 8.077747210701755
      },
      "Infarct": {
        "dice": 1.0,
        "iou": 1.0,
        "precision": 1.0,
        "recall": 1.0,
        "hd95": 0.0
      },
      "pathological": false
    },
    {
      "case": "Case_P003",
      "fold": 0,
      "LV": {
        "dice": 0.8953360264414248,
        "iou": 0.8105053191489362,
        "precision": 0.8170241286863271,
        "recall": 0.9902518277822908,
        "hd95": 4.743416490252569
      },
      "MYO": {
        "dice": 0.7117425539198905,
        "iou": 0.5524847196385863,
        "precision": 0.6273385636692819,
        "recall": 0.8223892405063291,
        "hd95": 7.648529270389178
      },
      "Infarct": {
        "dice": 0.0,
        "iou": 0.0,
        "precision": 0.0,
        "recall": 0.0,
        "hd95": 315.1634496574753
      },
      "pathological": true
    },
    {
      "case": "Case_P029",
      "fold": 0,
      "LV": {
        "dice": 0.9210887465690759,