{
  "summary": {
    "LV": {
      "dice": {
        "mean": 0.9106386144057996,
        "std": 0.04134560128111954,
        "n": 20
      },
      "iou": {
        "mean": 0.8383916073119579,
        "std": 0.06473585206682171,
        "n": 20
      },
      "precision": {
        "mean": 0.9412904786331643,
        "std": 0.04555383509422273,
        "n": 20
      },
      "recall": {
        "mean": 0.8881700897667042,
        "std": 0.07588704190005316,
        "n": 20
      },
      "hd95": {
        "mean": 9.736684688253392,
        "std": 17.902149622322238,
        "n": 20
      }
    },
    "MYO": {
      "dice": {
        "mean": 0.7414397497287057,
        "std": 0.10054793451233404,
        "n": 20
      },
      "iou": {
        "mean": 0.598555793248301,
        "std": 0.11848221543575127,
        "n": 20
      },
      "precision": {
        "mean": 0.7160366584736694,
        "std": 0.0924515733204407,
        "n": 20
      },
      "recall": {
        "mean": 0.7808918647755145,
        "std": 0.1409330353487951,
        "n": 20
      },
      "hd95": {
        "mean": 8.35857185838305,
        "std": 2.1547497004619234,
        "n": 20
      }
    },
    "Infarct": {
      "dice": {
        "mean": 0.5626787191765027,
        "std": 0.30631045515204813,
        "n": 20
      },
      "iou": {
        "mean": 0.46142569991838844,
        "std": 0.33624465816089416,
        "n": 20
      },
      "precision": {
        "mean": 0.5417806768452014,
        "std": 0.3128179402432148,
        "n": 20
      },
      "recall": {
        "mean": 0.6821951594930997,
        "std": 0.2476158341127724,
        "n": 18
      },
      "hd95": {
        "mean": 50.36202161271255,
        "std": 93.40317734959565,
        "n": 20
      }
    },
    "Infarct_pathological": {
      "dice": {
        "mean": 0.4810441833484657,
        "std": 0.12416587437071978,
        "n": 13
      },
      "iou": {
        "mean": 0.3252703075667514,
        "std": 0.10527359408075186,
        "n": 13
      },
      "precision": {
        "mean": 0.44889334899261724,
        "std": 0.12650910785380015,
        "n": 13
      },
      "recall": {
        "mean": 0.5599625285289073,
        "std": 0.1763769196637398,
        "n": 13
      },
      "hd95": {
        "mean": 28.993348687638505,
        "std": 34.66959398576136,
        "n": 13
      }
    },
    "params_M": 46.579736,
    "inference_ms_mean": 41.31152629852295,
    "inference_ms_std": 0.5855945822399263,
    "variant": "M1",
    "split": "fold2_test",
    "fold": 2,
    "n_cases": 20,
    "checkpoint": "E:\\Thesis Dataset 3\\checkpoints\\M1_fold2_best.pth",
    "hard_myo_mask": true,
    "mi_voxel_suppression": true,
    "primary_metric": "MI_pathological",
    "protocol": "5-fold-cv"
  },
  "per_case": [
    {
      "case": "Case_N006",
      "fold": 2,
      "LV": {
        "dice": 0.9197620196173019,
        "iou": 0.8514438821077702,
        "precision": 0.9361702127659575,
        "recall": 0.9039190897597977,
        "hd95": 4.5
      },
      "MYO": {
        "dice": 0.8268470077835907,
        "iou": 0.704807483141179,
        "precision": 0.7714285714285715,
        "recall": 0.8908441022821006,
        "hd95": 6.18465843842649
      },
      "Infarct": {
        "dice": 1.0,
        "iou": 1.0,
        "precision": 1.0,
        "recall": 1.0,
        "hd95": 0.0
      },
      "pathological": false
    },
    {
      "case": "Case_N023",
      "fold": 2,
      "LV": {
        "dice": 0.9332522426638284,
        "iou": 0.8748574686431014,
        "precision": 0.9696682464454977,
        "recall": 0.89947245017585,
        "hd95": 4.743416490252569
      },
      "MYO": {
        "dice": 0.8166311300639659,
        "iou": 0.69009009009009,
        "precision": 0.7233238904627006,
        "recall": 0.9375764993880049,
        "hd95": 6.009232921921316
      },
      "Infarct": {
        "dice": 1.0,
        "iou": 1.0,
        "precision": 1.0,
        "recall": 1.0,
        "hd95": 0.0
      },
      "pathological": false
    },
    {
      "case": "Case_N025",
      "fold": 2,
      "LV": {
        "dice": 0.9461852861035422,
        "iou": 0.8978668390433097,
        "precision": 0.9266177451634423,
        "recall": 0.9665970772442589,
        "hd95": 4.743416490252569
      },
      "MYO": {
        "dice": 0.7787144362486829,
        "iou": 0.637618636755824,
        "precision": 0.6755027422303473,
        "recall": 0.9191542288557214,
        "hd95": 6.747793735874365
      },
      "Infarct": {
        "dice": 1.0,
        "iou": 1.0,
        "precision": 1.0,
        "recall": 1.0,
        "hd95": 0.0
      },
      "pathological": false
    },
    {
      "case": "Case_N030",
      "fold": 2,
      "LV": {
        "dice": 0.9,
        "iou": 0.8181818181818182,
        "precision": 0.9118801284338209,
        "recall": 0.8884254431699687,
        "hd95": 4.743416490252569
      },
      "MYO": {
        "dice": 0.8060313630880579,
        "iou": 0.6750858759345322,
        "precision": 0.8693728857663284,
        "recall": 0.7512930065212503,
        "hd95": 6.363961030678928
      },
      "Infarct": {
        "dice": 0.0,
        "iou": 0.0,
        "precision": 0.0,
        "recall": NaN,
        "hd95": 315.1634496574753
      },
      "pathological": false
    },
    {
      "case": "Case_N037",
      "fold": 2,
      "LV": {
        "dice": 0.7669968104750714,
        "iou": 0.6220558202859088,
        "precision": 0.9750320102432779,
        "recall": 0.6321250691754289,
        "hd95": 9.486832980505138
      },
      "MYO": {
        "dice": 0.5981006263891695,
        "iou": 0.4266359181320265,
        "precision": 0.6457242582897034,
        "recall": 0.5570191945803538,
        "hd95": 10.111874208078342
      },
      "Infarct": {
        "dice": 0.0,
        "iou": 0.0,
        "precision": 0.0,
        "recall": NaN,
        "hd95": 315.1634496574753
      },
      "pathological": false
    },
    {
      "case": "Case_N041",
      "fold": 2,
      "LV": {
        "dice": 0.9346080305927342,
        "iou": 0.87724335965542,
        "precision": 0.9675376088677752,
        "recall": 0.9038461538461539,
        "hd95": 6.0
      },
      "MYO": {
        "dice": 0.8424601366742597,
        "iou": 0.7278022670025189,
        "precision": 0.8859716366423918,
        "recall": 0.8030224075039083,
        "hd95": 8.077747210701755
      },
      "Infarct": {
        "dice": 1.0,
        "iou": 1.0,
        "precision": 1.0,
        "recall": 1.0,
        "hd95": 0.0
      },
      "pathological": false
    },
    {
      "case": "Case_N075",
      "fold": 2,
      "LV": {
        "dice": 0.9382523057683289,
        "iou": 0.8836866902237926,
        "precision": 0.9520939086294417,
        "recall": 0.9248073959938367,
        "hd95": 5.408326913195984
      },
      "MYO": {
        "dice": 0.8332347723240686,
        "iou": 0.7141409021794222,
        "precision": 0.7524699599465955,
        "recall": 0.9334216628022524,
        "hd95": 5.437910567536158
      },
      "Infarct": {
        "dice": 1.0,
        "iou": 1.0,
        "precision": 1.0,
        "recall": 1.0,
        "hd95": 0.0
      },
      "pathological": false
    },
    {
      "case": "Case_P001",
      "fold": 2,
      "LV": {
        "dice": 0.9212174486320185,
        "iou": 0.8539417396618456,
        "precision": 0.9557683538531692,
        "recall": 0.8890774125132556,
        "hd95": 6.009232921921316
      },
      "MYO": {
        "dice": 0.6470331588132635,
        "iou": 0.4782328281199613,
        "precision": 0.629723991507431,
        "recall": 0.6653207716464783,
        "hd95": 12.5
      },
      "Infarct": {
        "dice": 0.5614890316862398,
        "iou": 0.39032655576093656,
        "precision": 0.5608676405489155,
        "recall": 0.562111801242236,
        "hd95": 10.111874208078342
      },
      "pathological": true
    },
    {
      "case": "Case_P007",
      "fold": 2,