{
  "summary": {
    "LV": {
      "dice": {
        "mean": 0.8943117293105073,
        "std": 0.03781274730513211,
        "n": 21
      },
      "iou": {
        "mean": 0.8108583921444188,
        "std": 0.05944358779283672,
        "n": 21
      },
      "precision": {
        "mean": 0.8746085804410471,
        "std": 0.07675145019942847,
        "n": 21
      },
      "recall": {
        "mean": 0.9230548072723453,
        "std": 0.052907051597335344,
        "n": 21
      },
      "hd95": {
        "mean": 14.446707858832115,
        "std": 28.207982942892993,
        "n": 21
      }
    },
    "MYO": {
      "dice": {
        "mean": 0.7274236101001369,
        "std": 0.06950045844865256,
        "n": 21
      },
      "iou": {
        "mean": 0.5761852301723799,
        "std": 0.08385528757236738,
        "n": 21
      },
      "precision": {
        "mean": 0.6657256290940883,
        "std": 0.1027714587432688,
        "n": 21
      },
      "recall": {
        "mean": 0.8151498715043923,
        "std": 0.05962947120993778,
        "n": 21
      },
      "hd95": {
        "mean": 16.4875349638263,
        "std": 26.194444363459255,
        "n": 21
      }
    },
    "Infarct": {
      "dice": {
        "mean": 0.30747181392371925,
        "std": 0.27531732014540605,
        "n": 21
      },
      "iou": {
        "mean": 0.2187576505853041,
        "std": 0.2353457507317399,
        "n": 21
      },
      "precision": {
        "mean": 0.3124544381454034,
        "std": 0.2967060150493051,
        "n": 21
      },
      "recall": {
        "mean": 0.49714730433106646,
        "std": 0.28293562253318694,
        "n": 15
      },
      "hd95": {
        "mean": 119.97808773865452,
        "std": 139.6860084982147,
        "n": 21
      }
    },
    "Infarct_pathological": {
      "dice": {
        "mean": 0.3897791494570075,
        "std": 0.17930827620159026,
        "n": 14
      },
      "iou": {
        "mean": 0.25670790444938474,
        "std": 0.13242461432931016,
        "n": 14
      },
      "precision": {
        "mean": 0.39725308578953367,
        "std": 0.2219341508802088,
        "n": 14
      },
      "recall": {
        "mean": 0.46122925464042835,
        "std": 0.2577188634126632,
        "n": 14
      },
      "hd95": {
        "mean": 44.89708175477807,
        "std": 79.2180090266305,
        "n": 14
      }
    },
    "params_M": 46.579736,
    "inference_ms_mean": 41.03062266395206,
    "inference_ms_std": 0.6675812901643388,
    "variant": "M1",
    "split": "fold1_test",
    "fold": 1,
    "n_cases": 21,
    "checkpoint": "E:\\Thesis Dataset 3\\checkpoints\\M1_fold1_best.pth",
    "hard_myo_mask": true,
    "mi_voxel_suppression": true,
    "primary_metric": "MI_pathological",
    "protocol": "5-fold-cv"
  },
  "per_case": [
    {
      "case": "Case_N012",
      "fold": 1,
      "LV": {
        "dice": 0.9055966757563952,
        "iou": 0.8274798291409587,
        "precision": 0.8443099273607748,
        "recall": 0.9764771772612714,
        "hd95": 6.009232921921316
      },
      "MYO": {
        "dice": 0.8126132059937428,
        "iou": 0.6843710997087783,
        "precision": 0.8316481294236603,
        "recall": 0.7944301352221507,
        "hd95": 8.111181242280034
      },
      "Infarct": {
        "dice": 0.0,
        "iou": 0.0,
        "precision": 0.0,
        "recall": NaN,
        "hd95": 315.1634496574753
      },
      "pathological": false
    },
    {
      "case": "Case_N013",
      "fold": 1,
      "LV": {
        "dice": 0.948997315648192,
        "iou": 0.9029447115384616,
        "precision": 0.954271197205462,
        "recall": 0.9437814070351759,
        "hd95": 4.743416490252569
      },
      "MYO": {
        "dice": 0.8170258332217909,
        "iou": 0.6906539941163159,
        "precision": 0.7292712066905616,
        "recall": 0.9287888009738283,
        "hd95": 6.708203932499369
      },
      "Infarct": {
        "dice": 0.0,
        "iou": 0.0,
        "precision": 0.0,
        "recall": NaN,
        "hd95": 315.1634496574753
      },
      "pathological": false
    },
    {
      "case": "Case_N016",
      "fold": 1,
      "LV": {
        "dice": 0.9075258239055582,
        "iou": 0.8307068887888338,
        "precision": 0.9510309278350515,
        "recall": 0.867826904985889,
        "hd95": 4.242640687119285
      },
      "MYO": {
        "dice": 0.8301610541727672,
        "iou": 0.7096370463078848,
        "precision": 0.7709041468388851,
        "recall": 0.8992862807295797,
        "hd95": 5.408326913195984
      },
      "Infarct": {
        "dice": 1.0,
        "iou": 1.0,
        "precision": 1.0,
        "recall": 1.0,
        "hd95": 0.0
      },
      "pathological": false
    },
    {
      "case": "Case_N018",
      "fold": 1,
      "LV": {
        "dice": 0.896964856230032,
        "iou": 0.8131788559015206,
        "precision": 0.8648440508278783,
        "recall": 0.9315636665284115,
        "hd95": 6.708203932499369
      },
      "MYO": {
        "dice": 0.7924830780192377,
        "iou": 0.656291488420121,
        "precision": 0.7753572673405368,
        "recall": 0.8103825136612022,
        "hd95": 7.669990167404787
      },
      "Infarct": {
        "dice": 0.0,
        "iou": 0.0,
        "precision": 0.0,
        "recall": NaN,
        "hd95": 315.1634496574753
      },
      "pathological": false
    },
    {
      "case": "Case_N048",
      "fold": 1,
      "LV": {
        "dice": 0.9020332717190388,
        "iou": 0.8215488215488216,
        "precision": 0.8893306825712393,
        "recall": 0.9151039890896693,
        "hd95": 5.408326913195984
      },
      "MYO": {
        "dice": 0.7255867200915855,
        "iou": 0.5693496227093066,
        "precision": 0.7500591715976331,
        "recall": 0.702660753880266,
        "hd95": 8.077747210701755
      },
      "Infarct": {
        "dice": 0.0,
        "iou": 0.0,
        "precision": 0.0,
        "recall": NaN,
        "hd95": 315.1634496574753
      },
      "pathological": false
    },
    {
      "case": "Case_N052",
      "fold": 1,
      "LV": {
        "dice": 0.8720017933198835,
        "iou": 0.7730524642289348,
        "precision": 0.798440065681445,
        "recall": 0.9604938271604938,
        "hd95": 6.193623568039104
      },
      "MYO": {
        "dice": 0.78700882117081,
        "iou": 0.6488166071664684,
        "precision": 0.7631415241057543,
        "recall": 0.8124172185430464,
        "hd95": 8.74642784226795
      },
      "Infarct": {
        "dice": 0.0,
        "iou": 0.0,
        "precision": 0.0,
        "recall": NaN,
        "hd95": 315.1634496574753
      },
      "pathological": false
    },
    {
      "case": "Case_N065",
      "fold": 1,
      "LV": {
        "dice": 0.8277668631303209,
        "iou": 0.7061452513966481,
        "precision": 0.8421052631578947,
        "recall": 0.8139085640695428,
        "hd95": 108.66505786536541
      },
      "MYO": {
        "dice": 0.6603404967903991,
        "iou": 0.49291666666666667,
        "precision": 0.5124539744422786,
        "recall": 0.9282071400549236,
        "hd95": 104.03124530639822
      },
      "Infarct": {
        "dice": 0.0,
        "iou": 0.0,
        "precision": 0.0,
        "recall": NaN,
        "hd95": 315.1634496574753
      },
      "pathological": false
    },
    {
      "case": "Case_P002",
      "fold": 1,
      "LV": {
        "dice": 0.9142857142857143,
        "iou": 0.8421052631578947,
        "precision": 0.892863056797483,
        "recall": 0.936761640027797,
        "hd95": 7.5
      },
      "MYO": {
        "dice": 0.7742932179823884,
        "iou": 0.6317116208721956,
        "precision": 0.7287002035475428,
        "recall": 0.8259723137771918,
        "hd95": 10.111874208078342
      },
      "Infarct": {
        "dice": 0.3932670237184392,
        "iou": 0.24476190476190476,
        "precision": 0.5749440715883669,
        "recall": 0.2988372093023256,