{
  "summary": {
    "LV": {
      "dice": {
        "mean": 0.9154990945904558,
        "std": 0.027635967547628402,
        "n": 15
      },
      "iou": {
        "mean": 0.845337712315679,
        "std": 0.04598561240924394,
        "n": 15
      },
      "precision": {
        "mean": 0.930131672781337,
        "std": 0.05777499143302619,
        "n": 15
      },
      "recall": {
        "mean": 0.9065682689757291,
        "std": 0.05108446317566348,
        "n": 15
      },
      "hd95": {
        "mean": 5.5022191654255455,
        "std": 0.6896261709243727,
        "n": 15
      }
    },
    "MYO": {
      "dice": {
        "mean": 0.7275726217683869,
        "std": 0.10159459040553209,
        "n": 15
      },
      "iou": {
        "mean": 0.5811671573960202,
        "std": 0.11808032663161207,
        "n": 15
      },
      "precision": {
        "mean": 0.6646342865026261,
        "std": 0.09587478037356811,
        "n": 15
      },
      "recall": {
        "mean": 0.8122386219981472,
        "std": 0.12558723258650029,
        "n": 15
      },
      "hd95": {
        "mean": 8.159405257681447,
        "std": 1.9259505981068121,
        "n": 15
      }
    },
    "Infarct": {
      "dice": {
        "mean": 0.3210411089196191,
        "std": 0.2435163289834094,
        "n": 14
      },
      "iou": {
        "mean": 0.21650061629069967,
        "std": 0.17537929782760114,
        "n": 14
      },
      "precision": {
        "mean": 0.3224257438097366,
        "std": 0.2329144427263772,
        "n": 14
      },
      "recall": {
        "mean": 0.5493843390407046,
        "std": 0.2681788560003367,
        "n": 10
      },
      "hd95": {
        "mean": 99.35905405392445,
        "std": 131.06061615497046,
        "n": 15
      }
    },
    "Infarct_pathological": {
      "dice": {
        "mean": 0.4494575524874668,
        "std": 0.15906773101112873,
        "n": 10
      },
      "iou": {
        "mean": 0.30310086280697957,
        "std": 0.1296628239347032,
        "n": 10
      },
      "precision": {
        "mean": 0.45139604133363126,
        "std": 0.13316197254039053,
        "n": 10
      },
      "recall": {
        "mean": 0.5493843390407047,
        "std": 0.26817885600033664,
        "n": 10
      },
      "hd95": {
        "mean": 22.973201217896552,
        "std": 17.73956369020446,
        "n": 10
      }
    },
    "params_M": 46.579736,
    "inference_ms_mean": 56.56935373942057,
    "inference_ms_std": 48.98229828526694,
    "variant": "M1",
    "split": "test",
    "checkpoint": "E:\\Thesis Dataset 3\\checkpoints\\M1_best.pth",
    "hard_myo_mask": true
  },
  "per_case": [
    {
      "case": "Case_N012",
      "LV": {
        "dice": 0.9290973547859286,
        "iou": 0.8675833969951617,
        "precision": 0.905394631942599,
        "recall": 0.9540744889386726,
        "hd95": 5.408326913195984
      },
      "MYO": {
        "dice": 0.8427564604541895,
        "iou": 0.7282446880498038,
        "precision": 0.8205245501677341,
        "recall": 0.8662266580811333,
        "hd95": 8.077747210701755
      },
      "Infarct": {
        "dice": 0.0,
        "iou": 0.0,
        "precision": 0.0,
        "recall": NaN,
        "hd95": 315.1634496574753
      },
      "pathological": false
    },
    {
      "case": "Case_N023",
      "LV": {
        "dice": 0.9261311172668514,
        "iou": 0.8624247635425624,
        "precision": 0.9750486066104991,
        "recall": 0.8818874560375146,
        "hd95": 4.743416490252569
      },
      "MYO": {
        "dice": 0.8104784816893879,
        "iou": 0.6813483146067416,
        "precision": 0.7195064072140485,
        "recall": 0.9277845777233782,
        "hd95": 6.18465843842649
      },
      "Infarct": {
        "dice": NaN,
        "iou": NaN,
        "precision": NaN,
        "recall": NaN,
        "hd95": 0.0
      },
      "pathological": false
    },
    {
      "case": "Case_N024",
      "LV": {
        "dice": 0.9312296760207154,
        "iou": 0.8713094433175569,
        "precision": 0.9313418453384726,
        "recall": 0.9311175337186898,
        "hd95": 5.408326913195984
      },
      "MYO": {
        "dice": 0.6796194559828487,
        "iou": 0.5147148366145727,
        "precision": 0.5893562630722752,
        "recall": 0.8025316455696202,
        "hd95": 6.708203932499369
      },
      "Infarct": {
        "dice": 0.0,
        "iou": 0.0,
        "precision": 0.0,
        "recall": NaN,
        "hd95": 315.1634496574753
      },
      "pathological": false
    },
    {
      "case": "Case_N054",
      "LV": {
        "dice": 0.9315095453650856,
        "iou": 0.8717995947688341,
        "precision": 0.9460323805716571,
        "recall": 0.9174258577243651,
        "hd95": 6.18465843842649
      },
      "MYO": {
        "dice": 0.8385695187165776,
        "iou": 0.7220143884892086,
        "precision": 0.7857813968055121,
        "recall": 0.8989609458975277,
        "hd95": 9.0
      },
      "Infarct": {
        "dice": 0.0,
        "iou": 0.0,
        "precision": 0.0,
        "recall": NaN,
        "hd95": 315.1634496574753
      },
      "pathological": false
    },
    {
      "case": "Case_N089",
      "LV": {
        "dice": 0.9373627792845151,
        "iou": 0.8821098687408848,
        "precision": 0.9703208556149733,
        "recall": 0.9065700724456658,
        "hd95": 5.408326913195984
      },
      "MYO": {
        "dice": 0.8554671968190855,
        "iou": 0.7474379016849053,
        "precision": 0.7839314993623611,
        "recall": 0.9413695033909429,
        "hd95": 6.747793735874365
      },
      "Infarct": {
        "dice": 0.0,
        "iou": 0.0,
        "precision": 0.0,
        "recall": NaN,
        "hd95": 315.1634496574753
      },
      "pathological": false
    },
    {
      "case": "Case_P007",
      "LV": {
        "dice": 0.914103308183401,
        "iou": 0.8417958311063602,
        "precision": 0.9724223091171023,
        "recall": 0.8623836466508487,
        "hd95": 6.18465843842649
      },
      "MYO": {
        "dice": 0.8135156559651209,
        "iou": 0.6856522465341574,
        "precision": 0.7466351400509276,
        "recall": 0.8935568132346539,
        "hd95": 7.7034241989830665
      },
      "Infarct": {
        "dice": 0.5043263288009888,
        "iou": 0.3371900826446281,
        "precision": 0.6,
        "recall": 0.4349680170575693,
        "hd95": 12.73670035331815
      },
      "pathological": true
    },
    {
      "case": "Case_P008",
      "LV": {
        "dice": 0.8590273896031302,
        "iou": 0.7528904565941603,
        "precision": 0.9987002859370938,
        "recall": 0.7536288740682621,
        "hd95": 6.18465843842649
      },
      "MYO": {
        "dice": 0.6921667430142007,
        "iou": 0.5292469352014011,
        "precision": 0.7021375464684015,
        "recall": 0.6824751580849142,
        "hd95": 9.142278254700203
      },
      "Infarct": {
        "dice": 0.5363189513926816,
        "iou": 0.3664179104477612,
        "precision": 0.4132996632996633,
        "recall": 0.7636080870917574,
        "hd95": 20.058971832180937
      },
      "pathological": true
    },
    {
      "case": "Case_P021",
      "LV": {
        "dice": 0.9004261045077372,
        "iou": 0.8188863960840301,
        "precision": 0.866235167206041,
        "recall": 0.9374270371235116,
        "hd95": 6.0
      },
      "MYO": {
        "dice": 0.6677501741351288,
        "iou": 0.5012199372603695,
        "precision": 0.5997914494264859,
        "recall": 0.7530767216548835,
        "hd95": 9.624452038341792
      },
      "Infarct": {
        "dice": 0.2820976491862568,
        "iou": 0.16421052631578947,
        "precision": 0.254071661237785,
        "recall": 0.3170731707317073,
        "hd95": 70.75606473217371
      },
      "pathological": true
    },
    {
      "case": "Case_P035",
      "LV": {
        "dice": 0.9494260006205398,
        "iou": 0.9037212049616066,