{
  "summary": {
    "LV": {
      "dice": {
        "mean": 0.9220373048743149,
        "std": 0.026184795260808153,
        "n": 15
      },
      "iou": {
        "mean": 0.8564251596122928,
        "std": 0.044194732133716066,
        "n": 15
      },
      "precision": {
        "mean": 0.936908328323172,
        "std": 0.054334062536051234,
        "n": 15
      },
      "recall": {
        "mean": 0.9124993626967176,
        "std": 0.051648381494175166,
        "n": 15
      },
      "hd95": {
        "mean": 5.515387307210603,
        "std": 0.7940420967808829,
        "n": 15
      }
    },
    "MYO": {
      "dice": {
        "mean": 0.7672021133063923,
        "std": 0.07599374286219442,
        "n": 15
      },
      "iou": {
        "mean": 0.6283017761433999,
        "std": 0.0971858116973343,
        "n": 15
      },
      "precision": {
        "mean": 0.7115274745938417,
        "std": 0.07368198127861345,
        "n": 15
      },
      "recall": {
        "mean": 0.8382436349154335,
        "std": 0.09848392398781423,
        "n": 15
      },
      "hd95": {
        "mean": 7.717731234764825,
        "std": 1.387471306350027,
        "n": 15
      }
    },
    "Infarct": {
      "dice": {
        "mean": 0.4068310569614829,
        "std": 0.26395599132929615,
        "n": 13
      },
      "iou": {
        "mean": 0.28897118166080693,
        "std": 0.20471214331214682,
        "n": 13
      },
      "precision": {
        "mean": 0.4431297095302951,
        "std": 0.27074110449771227,
        "n": 13
      },
      "recall": {
        "mean": 0.5459911624854611,
        "std": 0.22316020161836914,
        "n": 10
      },
      "hd95": {
        "mean": 77.22033479634423,
        "std": 120.54568598013657,
        "n": 15
      }
    },
    "params_M": 46.579736,
    "inference_ms_mean": 135.8243147532145,
    "inference_ms_std": 73.77044417289777,
    "variant": "M1",
    "split": "test",
    "checkpoint": "E:\\Thesis Dataset 3\\checkpoints\\M1_best.pth"
  },
  "per_case": [
    {
      "case": "Case_N012",
      "LV": {
        "dice": 0.9344775916087726,
        "iou": 0.8770135515213501,
        "precision": 0.9098143236074271,
        "recall": 0.9605152618314198,
        "hd95": 5.408326913195984
      },
      "MYO": {
        "dice": 0.8621908127208481,
        "iou": 0.7577639751552795,
        "precision": 0.8602564102564103,
        "recall": 0.8641339343206696,
        "hd95": 8.74642784226795
      },
      "Infarct": {
        "dice": 0.0,
        "iou": 0.0,
        "precision": 0.0,
        "recall": NaN,
        "hd95": 315.1634496574753
      }
    },
    {
      "case": "Case_N023",
      "LV": {
        "dice": 0.9352008619362783,
        "iou": 0.8782885226944204,
        "precision": 0.9847649918962723,
        "recall": 0.8903868698710434,
        "hd95": 4.743416490252569
      },
      "MYO": {
        "dice": 0.8510758776896942,
        "iou": 0.7407589945786102,
        "precision": 0.791886195995785,
        "recall": 0.9198286413708691,
        "hd95": 6.18465843842649
      },
      "Infarct": {
        "dice": NaN,
        "iou": NaN,
        "precision": NaN,
        "recall": NaN,
        "hd95": 0.0
      }
    },
    {
      "case": "Case_N024",
      "LV": {
        "dice": 0.9313138429024305,
        "iou": 0.8714568226763348,
        "precision": 0.9085910652920962,
        "recall": 0.9552023121387283,
        "hd95": 6.0
      },
      "MYO": {
        "dice": 0.7196919399814101,
        "iou": 0.5621240406554656,
        "precision": 0.6199954243880119,
        "recall": 0.8575949367088608,
        "hd95": 8.077747210701755
      },
      "Infarct": {
        "dice": 0.0,
        "iou": 0.0,
        "precision": 0.0,
        "recall": NaN,
        "hd95": 315.1634496574753
      }
    },
    {
      "case": "Case_N054",
      "LV": {
        "dice": 0.9321711251377618,
        "iou": 0.8729592794145243,
        "precision": 0.9647449191206968,
        "recall": 0.9017251405311106,
        "hd95": 5.408326913195984
      },
      "MYO": {
        "dice": 0.8497587306780077,
        "iou": 0.7387656427758816,
        "precision": 0.781790820165538,
        "recall": 0.9306700107488356,
        "hd95": 7.648529270389178
      },
      "Infarct": {
        "dice": 0.0,
        "iou": 0.0,
        "precision": 0.0,
        "recall": NaN,
        "hd95": 315.1634496574753
      }
    },
    {
      "case": "Case_N089",
      "LV": {
        "dice": 0.934227834780321,
        "iou": 0.8765736855097507,
        "precision": 0.9866629619338705,
        "recall": 0.8870846864851362,
        "hd95": 5.408326913195984
      },
      "MYO": {
        "dice": 0.8588872476612506,
        "iou": 0.7526751812219538,
        "precision": 0.7809813753581661,
        "recall": 0.9540581929555896,
        "hd95": 7.5
      },
      "Infarct": {
        "dice": NaN,
        "iou": NaN,
        "precision": NaN,
        "recall": NaN,
        "hd95": 0.0
      }
    },
    {
      "case": "Case_P007",
      "LV": {
        "dice": 0.9229450423849891,
        "iou": 0.8569154580827733,
        "precision": 0.9651394422310757,
        "recall": 0.8842854535499178,
        "hd95": 6.708203932499369
      },
      "MYO": {
        "dice": 0.824006327862369,
        "iou": 0.7006894232386077,
        "precision": 0.7548913043478261,
        "recall": 0.9070526774053113,
        "hd95": 7.5
      },
      "Infarct": {
        "dice": 0.4882108183079057,
        "iou": 0.3229357798165138,
        "precision": 0.6984126984126984,
        "recall": 0.3752665245202559,
        "hd95": 11.386144876549952
      }
    },
    {
      "case": "Case_P008",
      "LV": {
        "dice": 0.871919014084507,
        "iou": 0.7729223566133437,
        "precision": 0.9929824561403509,
        "recall": 0.7771675166732052,
        "hd95": 6.708203932499369
      },
      "MYO": {
        "dice": 0.6751816780444836,
        "iou": 0.5096409574468085,
        "precision": 0.6587881392350666,
        "recall": 0.6924119241192412,
        "hd95": 10.233413268069432
      },
      "Infarct": {
        "dice": 0.47440519105984136,
        "iou": 0.31096408317580343,
        "precision": 0.4422043010752688,
        "recall": 0.5116640746500778,
        "hd95": 21.735013283320956
      }
    },
    {
      "case": "Case_P021",
      "LV": {
        "dice": 0.9398704902867715,
        "iou": 0.8865619546247818,
        "precision": 0.9310423825887744,
        "recall": 0.9488676161568994,
        "hd95": 5.408326913195984
      },
      "MYO": {
        "dice": 0.7956883880450759,
        "iou": 0.660699755899105,
        "precision": 0.7475258918296893,
        "recall": 0.8504844200052369,
        "hd95": 8.130067039938986
      },
      "Infarct": {
        "dice": 0.417910447761194,
        "iou": 0.2641509433962264,
        "precision": 0.35294117647058826,
        "recall": 0.5121951219512195,
        "hd95": 80.57449968817679
      }
    },
    {
      "case": "Case_P035",
      "LV": {
        "dice": 0.9536758893280632,
        "iou": 0.9114536113629496,
        "precision": 0.9814513504718516,
        "recall": 0.9274292742927429,
        "hd95": 4.743416490252569
      },
      "MYO": {
        "dice": 0.76326348640214,
        "iou": 0.6171593366979091,
        "precision": 0.6597302504816955,
        "recall": 0.9053410893707033,
        "hd95": 6.747793735874365
      },
      "Infarct": {
        "dice": 0.6900212314225053,
        "iou": 0.526742301458671,
        "precision": 0.7004310344827587,
        "recall": 0.6799163179916318,
        "hd95": 4.77666201139971
      }
    },
    {
      "case": "Case_P038",
      "LV": {
        "dice": 0.9463271661476461,
        "iou": 0.8981223922114048,
        "precision": 0.9736147757255936,
        "recall": 0.920527441197434,
        "hd95": 4.5
      },
      "MYO": {
        "dice": 0.7415155741515574,
        "iou": 0.5892131510897672,
        "precision": 0.6531531531531531,