{
  "variant": "M2",
  "protocol": "5-fold stratified CV (same folds for all models)",
  "n_folds_requested": 5,
  "n_folds_evaluated": 5,
  "seed": 42,
  "primary_metric": "MI_pathological",
  "folds": [
    {
      "fold": 0,
      "summary": {
        "LV": {
          "dice": {
            "mean": 0.9016479086317314,
            "std": 0.03297739188177411,
            "n": 21
          },
          "iou": {
            "mean": 0.8224943143131673,
            "std": 0.05284623373800105,
            "n": 21
          },
          "precision": {
            "mean": 0.9116357601631594,
            "std": 0.04755229872870497,
            "n": 21
          },
          "recall": {
            "mean": 0.8995848791891008,
            "std": 0.07739223755850733,
            "n": 21
          },
          "hd95": {
            "mean": 5.325425757921017,
            "std": 1.0625041174935623,
            "n": 21
          }
        },
        "MYO": {
          "dice": {
            "mean": 0.7180031804851504,
            "std": 0.10120349340005219,
            "n": 21
          },
          "iou": {
            "mean": 0.5692528167795258,
            "std": 0.11670062864079794,
            "n": 21
          },
          "precision": {
            "mean": 0.6617924035323509,
            "std": 0.09162333116740218,
            "n": 21
          },
          "recall": {
            "mean": 0.7975364101847449,
            "std": 0.13752897296633745,
            "n": 21
          },
          "hd95": {
            "mean": 9.085834790481293,
            "std": 3.804788426100399,
            "n": 21
          }
        },
        "Infarct": {
          "dice": {
            "mean": 0.6149429181872185,
            "std": 0.31700962096573104,
            "n": 21
          },
          "iou": {
            "mean": 0.5246542495298044,
            "std": 0.3587921567304231,
            "n": 21
          },
          "precision": {
            "mean": 0.5827947114322644,
            "std": 0.32746818048950366,
            "n": 21
          },
          "recall": {
            "mean": 0.7033755885011802,
            "std": 0.32564210238406976,
            "n": 21
          },
          "hd95": {
            "mean": 26.981325911331083,
            "std": 66.2608994356225,
            "n": 21
          }
        },
        "Infarct_pathological": {
          "dice": {
            "mean": 0.42241437728082776,
            "std": 0.19884901932527443,
            "n": 14
          },
          "iou": {
            "mean": 0.2869813742947067,
            "std": 0.15372875700189517,
            "n": 14
          },
          "precision": {
            "mean": 0.3741920671483965,
            "std": 0.1740917121605549,
            "n": 14
          },
          "recall": {
            "mean": 0.5550633827517705,
            "std": 0.3050813615167429,
            "n": 14
          },
          "hd95": {
            "mean": 40.47198886699663,
            "std": 77.71593292289825,
            "n": 14
          }
        },
        "params_M": 11.521496,
        "inference_ms_mean": 24.09060796101888,
        "inference_ms_std": 2.6019622937720683,
        "variant": "M2",
        "split": "fold0_test",
        "fold": 0,
        "n_cases": 21,
        "checkpoint": "E:\\Thesis Dataset 3\\checkpoints\\M2_fold0_best.pth",
        "hard_myo_mask": true,
        "mi_voxel_suppression": true,
        "primary_metric": "MI_pathological",
        "protocol": "5-fold-cv"
      }
    },
    {
      "fold": 1,
      "summary": {
        "LV": {
          "dice": {
            "mean": 0.9007771055135001,
            "std": 0.0353255787301955,
            "n": 21
          },
          "iou": {
            "mean": 0.8212794323268318,
            "std": 0.05643066600646196,
            "n": 21
          },
          "precision": {
            "mean": 0.9109702095506749,
            "std": 0.06801967757061952,
            "n": 21
          },
          "recall": {
            "mean": 0.8997597482316209,
            "std": 0.07005314431801377,
            "n": 21
          },
          "hd95": {
            "mean": 5.261222416008888,
            "std": 1.223222947782059,
            "n": 21
          }
        },
        "MYO": {
          "dice": {
            "mean": 0.7341249032742594,
            "std": 0.06003356974623775,
            "n": 21
          },
          "iou": {
            "mean": 0.583475942435665,
            "std": 0.07472939361873339,
            "n": 21
          },
          "precision": {
            "mean": 0.6465506201913322,
            "std": 0.08361242295022744,
            "n": 21
          },
          "recall": {
            "mean": 0.8570760596228307,
            "std": 0.04315171566876339,
            "n": 21
          },
          "hd95": {
            "mean": 7.845334985513558,
            "std": 1.6298044537761351,
            "n": 21
          }
        },
        "Infarct": {
          "dice": {
            "mean": 0.5021311747269679,
            "std": 0.34761709647245537,
            "n": 21
          },
          "iou": {
            "mean": 0.41715506488339377,
            "std": 0.3606908479386205,
            "n": 21
          },
          "precision": {
            "mean": 0.564993393081952,
            "std": 0.3248667537905702,
            "n": 21
          },
          "recall": {
            "mean": 0.5565893566537433,
            "std": 0.35842953678236505,
            "n": 19
          },
          "hd95": {
            "mean": 56.480590483400476,
            "std": 106.3222560593931,
            "n": 21
          }
        },
        "Infarct_pathological": {
          "dice": {
            "mean": 0.3960539049475947,
            "std": 0.2132099688613131,
            "n": 14
          },
          "iou": {
            "mean": 0.26858974018223336,
            "std": 0.16398490248436698,
            "n": 14
          },
          "precision": {
            "mean": 0.4903472324800708,
            "std": 0.19887344562132542,
            "n": 14
          },
          "recall": {
            "mean": 0.3982284126015089,
            "std": 0.2811714385951186,
            "n": 14
          },
          "hd95": {
            "mean": 39.69753577403281,
            "std": 77.30530525212494,
            "n": 14
          }
        },
        "params_M": 11.521496,
        "inference_ms_mean": 23.969582148960658,
        "inference_ms_std": 0.49327591107442725,
        "variant": "M2",
        "split": "fold1_test",
        "fold": 1,
        "n_cases": 21,
        "checkpoint": "E:\\Thesis Dataset 3\\checkpoints\\M2_fold1_best.pth",
        "hard_myo_mask": true,
        "mi_voxel_suppression": true,
        "primary_metric": "MI_pathological",
        "protocol": "5-fold-cv"
      }
    },
    {
      "fold": 2,
      "summary": {
        "LV": {
          "dice": {
            "mean": 0.9028324159093126,
            "std": 0.02951809485953644,
            "n": 20
          },
          "iou": {
            "mean": 0.8241446525831966,
            "std": 0.04720493100867044,
            "n": 20
          },
          "precision": {
            "mean": 0.9440203725440848,
            "std": 0.04085905439323317,
            "n": 20
          },
          "recall": {
            "mean": 0.8702873275165525,
            "std": 0.0669667599267696,
            "n": 20
          },
          "hd95": {
            "mean": 5.646156555827625,
            "std": 1.0586919892789421,
            "n": 20
          }
        },
        "MYO": {
          "dice": {
            "mean": 0.7184185426766688,
            "std": 0.09494788001242489,
            "n": 20
          },
          "iou": {
            "mean": 0.5686818009473185,
            "std": 0.10975015606503576,
            "n": 20
          },
          "precision": {
            "mean": 0.6571530729785386,
            "std": 0.1216122129814518,
            "n": 20
          },