{
  "summary": {
    "LV": {
      "dice": {
        "mean": 0.9007771055135001,
        "std": 0.0353255787301955,
        "n": 21
      },
      "iou": {
        "mean": 0.8212794323268318,
        "std": 0.05643066600646196,
        "n": 21
      },
      "precision": {
        "mean": 0.9109702095506749,
        "std": 0.06801967757061952,
        "n": 21
      },
      "recall": {
        "mean": 0.8997597482316209,
        "std": 0.07005314431801377,
        "n": 21
      },
      "hd95": {
        "mean": 5.261222416008888,
        "std": 1.223222947782059,
        "n": 21
      }
    },
    "MYO": {
      "dice": {
        "mean": 0.7341249032742594,
        "std": 0.06003356974623775,
        "n": 21
      },
      "iou": {
        "mean": 0.583475942435665,
        "std": 0.07472939361873339,
        "n": 21
      },
      "precision": {
        "mean": 0.6465506201913322,
        "std": 0.08361242295022744,
        "n": 21
      },
      "recall": {
        "mean": 0.8570760596228307,
        "std": 0.04315171566876339,
        "n": 21
      },
      "hd95": {
        "mean": 7.845334985513558,
        "std": 1.6298044537761351,
        "n": 21
      }
    },
    "Infarct": {
      "dice": {
        "mean": 0.5021311747269679,
        "std": 0.34761709647245537,
        "n": 21
      },
      "iou": {
        "mean": 0.41715506488339377,
        "std": 0.3606908479386205,
        "n": 21
      },
      "precision": {
        "mean": 0.564993393081952,
        "std": 0.3248667537905702,
        "n": 21
      },
      "recall": {
        "mean": 0.5565893566537433,
        "std": 0.35842953678236505,
        "n": 19
      },
      "hd95": {
        "mean": 56.480590483400476,
        "std": 106.3222560593931,
        "n": 21
      }
    },
    "Infarct_pathological": {
      "dice": {
        "mean": 0.3960539049475947,
        "std": 0.2132099688613131,
        "n": 14
      },
      "iou": {
        "mean": 0.26858974018223336,
        "std": 0.16398490248436698,
        "n": 14
      },
      "precision": {
        "mean": 0.4903472324800708,
        "std": 0.19887344562132542,
        "n": 14
      },
      "recall": {
        "mean": 0.3982284126015089,
        "std": 0.2811714385951186,
        "n": 14
      },
      "hd95": {
        "mean": 39.69753577403281,
        "std": 77.30530525212494,
        "n": 14
      }
    },
    "params_M": 11.521496,
    "inference_ms_mean": 23.969582148960658,
    "inference_ms_std": 0.49327591107442725,
    "variant": "M2",
    "split": "fold1_test",
    "fold": 1,
    "n_cases": 21,
    "checkpoint": "E:\\Thesis Dataset 3\\checkpoints\\M2_fold1_best.pth",
    "hard_myo_mask": true,
    "mi_voxel_suppression": true,
    "primary_metric": "MI_pathological",
    "protocol": "5-fold-cv"
  },
  "per_case": [
    {
      "case": "Case_N012",
      "fold": 1,
      "LV": {
        "dice": 0.9269271948608137,
        "iou": 0.8638064355200799,
        "precision": 0.8877210971545757,
        "recall": 0.9697563707644917,
        "hd95": 4.743416490252569
      },
      "MYO": {
        "dice": 0.8311547683502204,
        "iou": 0.7110905240868184,
        "precision": 0.799910674408218,
        "recall": 0.8649388280746941,
        "hd95": 8.077747210701755
      },
      "Infarct": {
        "dice": 1.0,
        "iou": 1.0,
        "precision": 1.0,
        "recall": 1.0,
        "hd95": 0.0
      },
      "pathological": false
    },
    {
      "case": "Case_N013",
      "fold": 1,
      "LV": {
        "dice": 0.9337062016779075,
        "iou": 0.8756556618327677,
        "precision": 0.9803108808290155,
        "recall": 0.8913316582914573,
        "hd95": 4.743416490252569
      },
      "MYO": {
        "dice": 0.8019385282489478,
        "iou": 0.6693634234617841,
        "precision": 0.6902305159165751,
        "recall": 0.9567863664029215,
        "hd95": 6.363961030678928
      },
      "Infarct": {
        "dice": 0.0,
        "iou": 0.0,
        "precision": 0.0,
        "recall": NaN,
        "hd95": 315.1634496574753
      },
      "pathological": false
    },
    {
      "case": "Case_N016",
      "fold": 1,
      "LV": {
        "dice": 0.911873611453962,
        "iou": 0.838021778584392,
        "precision": 0.9594805194805195,
        "recall": 0.8687676387582314,
        "hd95": 3.3985289022931244
      },
      "MYO": {
        "dice": 0.8116396584770866,
        "iou": 0.682991202346041,
        "precision": 0.7239664283493938,
        "recall": 0.9234734337827122,
        "hd95": 5.437910567536158
      },
      "Infarct": {
        "dice": 1.0,
        "iou": 1.0,
        "precision": 1.0,
        "recall": 1.0,
        "hd95": 0.0
      },
      "pathological": false
    },
    {
      "case": "Case_N018",
      "fold": 1,
      "LV": {
        "dice": 0.8993080656821233,
        "iou": 0.8170388440607994,
        "precision": 0.8957004731536721,
        "recall": 0.9029448361675654,
        "hd95": 6.18465843842649
      },
      "MYO": {
        "dice": 0.7756830828004319,
        "iou": 0.6335639668973002,
        "precision": 0.7128682643871165,
        "recall": 0.8506375227686703,
        "hd95": 8.077747210701755
      },
      "Infarct": {
        "dice": 1.0,
        "iou": 1.0,
        "precision": 1.0,
        "recall": 1.0,
        "hd95": 0.0
      },
      "pathological": false
    },
    {
      "case": "Case_N048",
      "fold": 1,
      "LV": {
        "dice": 0.9201762114537445,
        "iou": 0.8521540469973891,
        "precision": 0.9522246535375638,
        "recall": 0.8902147971360382,
        "hd95": 4.5
      },
      "MYO": {
        "dice": 0.7864937204035413,
        "iou": 0.6481167288768239,
        "precision": 0.7340507302075326,
        "recall": 0.8470066518847007,
        "hd95": 7.648529270389178
      },
      "Infarct": {
        "dice": 0.0,
        "iou": 0.0,
        "precision": 0.0,
        "recall": NaN,
        "hd95": 315.1634496574753
      },
      "pathological": false
    },
    {
      "case": "Case_N052",
      "fold": 1,
      "LV": {
        "dice": 0.8939862134537675,
        "iou": 0.8082957231893402,
        "precision": 0.8618240146654446,
        "recall": 0.928641975308642,
        "hd95": 6.18465843842649
      },
      "MYO": {
        "dice": 0.7993515015826449,
        "iou": 0.6657664609053497,
        "precision": 0.7488789237668162,
        "recall": 0.8571192052980132,
        "hd95": 7.5
      },
      "Infarct": {
        "dice": 1.0,
        "iou": 1.0,
        "precision": 1.0,
        "recall": 1.0,
        "hd95": 0.0
      },
      "pathological": false
    },
    {
      "case": "Case_N065",
      "fold": 1,
      "LV": {
        "dice": 0.7995413720619148,
        "iou": 0.6660299267749125,
        "precision": 0.9835448989186648,
        "recall": 0.6735350933676755,
        "hd95": 7.507426463519452
      },
      "MYO": {
        "dice": 0.663567693201627,
        "iou": 0.4965217391304348,
        "precision": 0.5268742791234141,
        "recall": 0.8960376618281679,
        "hd95": 7.5
      },
      "Infarct": {
        "dice": 1.0,
        "iou": 1.0,
        "precision": 1.0,
        "recall": 1.0,
        "hd95": 0.0
      },
      "pathological": false
    },
    {
      "case": "Case_P002",
      "fold": 1,
      "LV": {
        "dice": 0.9106749977998768,
        "iou": 0.8359993536920343,
        "precision": 0.9227751025503834,
        "recall": 0.8988881167477415,
        "hd95": 7.5
      },
      "MYO": {
        "dice": 0.7901102265768524,
        "iou": 0.6530431481715804,
        "precision": 0.7377072612921669,
        "recall": 0.8505273566249176,
        "hd95": 10.502375577743223
      },
      "Infarct": {
        "dice": 0.22250104558762024,
        "iou": 0.1251764705882353,
        "precision": 0.39642324888226527,
        "recall": 0.15465116279069768,
        "hd95": 12.093386622447824
      },
      "pathological": true
    },
    {
      "case": "Case_P005",