{
  "summary": {
    "LV": {
      "dice": {
        "mean": 0.9028324159093126,
        "std": 0.02951809485953644,
        "n": 20
      },
      "iou": {
        "mean": 0.8241446525831966,
        "std": 0.04720493100867044,
        "n": 20
      },
      "precision": {
        "mean": 0.9440203725440848,
        "std": 0.04085905439323317,
        "n": 20
      },
      "recall": {
        "mean": 0.8702873275165525,
        "std": 0.0669667599267696,
        "n": 20
      },
      "hd95": {
        "mean": 5.646156555827625,
        "std": 1.0586919892789421,
        "n": 20
      }
    },
    "MYO": {
      "dice": {
        "mean": 0.7184185426766688,
        "std": 0.09494788001242489,
        "n": 20
      },
      "iou": {
        "mean": 0.5686818009473185,
        "std": 0.10975015606503576,
        "n": 20
      },
      "precision": {
        "mean": 0.6571530729785386,
        "std": 0.1216122129814518,
        "n": 20
      },
      "recall": {
        "mean": 0.8099990950972791,
        "std": 0.09978079369737643,
        "n": 20
      },
      "hd95": {
        "mean": 8.57001773768874,
        "std": 2.2076503405021,
        "n": 20
      }
    },
    "Infarct": {
      "dice": {
        "mean": 0.4324887193166642,
        "std": 0.3064952123844493,
        "n": 20
      },
      "iou": {
        "mean": 0.33448631906220183,
        "std": 0.3087626927506466,
        "n": 20
      },
      "precision": {
        "mean": 0.45548096427580065,
        "std": 0.30944297837182516,
        "n": 20
      },
      "recall": {
        "mean": 0.5639326366154063,
        "std": 0.2733130849145096,
        "n": 16
      },
      "hd95": {
        "mean": 79.53045669730254,
        "std": 120.01987129767237,
        "n": 20
      }
    },
    "Infarct_pathological": {
      "dice": {
        "mean": 0.4345980297179449,
        "std": 0.11243300034440491,
        "n": 13
      },
      "iou": {
        "mean": 0.2838251062495412,
        "std": 0.08641268572286465,
        "n": 13
      },
      "precision": {
        "mean": 0.4699707142704626,
        "std": 0.1218495838477246,
        "n": 13
      },
      "recall": {
        "mean": 0.46330170660357695,
        "std": 0.19475642558069767,
        "n": 13
      },
      "hd95": {
        "mean": 25.381179639703817,
        "std": 26.1807406269589,
        "n": 13
      }
    },
    "params_M": 11.521496,
    "inference_ms_mean": 24.06184673309326,
    "inference_ms_std": 1.0169969845082483,
    "variant": "M2",
    "split": "fold2_test",
    "fold": 2,
    "n_cases": 20,
    "checkpoint": "E:\\Thesis Dataset 3\\checkpoints\\M2_fold2_best.pth",
    "hard_myo_mask": true,
    "mi_voxel_suppression": true,
    "primary_metric": "MI_pathological",
    "protocol": "5-fold-cv"
  },
  "per_case": [
    {
      "case": "Case_N006",
      "fold": 2,
      "LV": {
        "dice": 0.9212585848905925,
        "iou": 0.8540124370743263,
        "precision": 0.9312237649338069,
        "recall": 0.911504424778761,
        "hd95": 4.743416490252569
      },
      "MYO": {
        "dice": 0.8154716011308147,
        "iou": 0.6884356693425906,
        "precision": 0.7655006031363089,
        "recall": 0.8724223260929337,
        "hd95": 7.507426463519452
      },
      "Infarct": {
        "dice": 0.0,
        "iou": 0.0,
        "precision": 0.0,
        "recall": NaN,
        "hd95": 315.1634496574753
      },
      "pathological": false
    },
    {
      "case": "Case_N023",
      "fold": 2,
      "LV": {
        "dice": 0.9315515961395694,
        "iou": 0.8718732629238466,
        "precision": 0.9440264820944929,
        "recall": 0.9194021101992966,
        "hd95": 4.743416490252569
      },
      "MYO": {
        "dice": 0.7822897563531569,
        "iou": 0.6424268502581756,
        "precision": 0.6839212093449382,
        "recall": 0.9137086903304773,
        "hd95": 6.708203932499369
      },
      "Infarct": {
        "dice": 1.0,
        "iou": 1.0,
        "precision": 1.0,
        "recall": 1.0,
        "hd95": 0.0
      },
      "pathological": false
    },
    {
      "case": "Case_N025",
      "fold": 2,
      "LV": {
        "dice": 0.9315928618638467,
        "iou": 0.8719455613980823,
        "precision": 0.8870358716173694,
        "recall": 0.9808629088378567,
        "hd95": 4.743416490252569
      },
      "MYO": {
        "dice": 0.7227659844921825,
        "iou": 0.5658837579617835,
        "precision": 0.6112663943238014,
        "recall": 0.8840174129353234,
        "hd95": 7.5
      },
      "Infarct": {
        "dice": 1.0,
        "iou": 1.0,
        "precision": 1.0,
        "recall": 1.0,
        "hd95": 0.0
      },
      "pathological": false
    },
    {
      "case": "Case_N030",
      "fold": 2,
      "LV": {
        "dice": 0.8608728086534875,
        "iou": 0.7557301899148657,
        "precision": 0.9287726358148893,
        "recall": 0.8022245394508168,
        "hd95": 4.743416490252569
      },
      "MYO": {
        "dice": 0.7948326482677628,
        "iou": 0.6595205612940948,
        "precision": 0.831858407079646,
        "recall": 0.7609624465932089,
        "hd95": 7.5
      },
      "Infarct": {
        "dice": 0.0,
        "iou": 0.0,
        "precision": 0.0,
        "recall": NaN,
        "hd95": 315.1634496574753
      },
      "pathological": false
    },
    {
      "case": "Case_N037",
      "fold": 2,
      "LV": {
        "dice": 0.8090235361185765,
        "iou": 0.6792943107221007,
        "precision": 0.983369629776282,
        "recall": 0.6871887105700055,
        "hd95": 8.74642784226795
      },
      "MYO": {
        "dice": 0.6522635589421784,
        "iou": 0.48396966875083147,
        "precision": 0.6228385550419449,
        "recall": 0.6846066992849078,
        "hd95": 9.512491331479858
      },
      "Infarct": {
        "dice": 0.0,
        "iou": 0.0,
        "precision": 0.0,
        "recall": NaN,
        "hd95": 315.1634496574753
      },
      "pathological": false
    },
    {
      "case": "Case_N041",
      "fold": 2,
      "LV": {
        "dice": 0.9194053208137715,
        "iou": 0.8508327299058653,
        "precision": 0.9759136212624585,
        "recall": 0.8690828402366864,
        "hd95": 4.743416490252569
      },
      "MYO": {
        "dice": 0.8221434898139947,
        "iou": 0.6979996992028876,
        "precision": 0.8387854690041568,
        "recall": 0.8061490359562272,
        "hd95": 8.077747210701755
      },
      "Infarct": {
        "dice": 1.0,
        "iou": 1.0,
        "precision": 1.0,
        "recall": 1.0,
        "hd95": 0.0
      },
      "pathological": false
    },
    {
      "case": "Case_N075",
      "fold": 2,
      "LV": {
        "dice": 0.909121116464529,
        "iou": 0.8333840999086202,
        "precision": 0.9863013698630136,
        "recall": 0.8431432973805855,
        "hd95": 4.743416490252569
      },
      "MYO": {
        "dice": 0.8173365755971964,
        "iou": 0.6910982099661345,
        "precision": 0.7192849949647533,
        "recall": 0.9463398476316661,
        "hd95": 6.18465843842649
      },
      "Infarct": {
        "dice": 0.0,
        "iou": 0.0,
        "precision": 0.0,
        "recall": NaN,
        "hd95": 315.1634496574753
      },
      "pathological": false
    },
    {
      "case": "Case_P001",
      "fold": 2,
      "LV": {
        "dice": 0.8947546531302877,
        "iou": 0.8095529699938763,
        "precision": 0.9556626506024096,
        "recall": 0.8411452810180275,
        "hd95": 6.0
      },
      "MYO": {
        "dice": 0.6264809810850135,
        "iou": 0.4561138014527845,
        "precision": 0.5836560805577072,
        "recall": 0.6760879318079857,
        "hd95": 11.37155913379676
      },
      "Infarct": {
        "dice": 0.5315718763994626,
        "iou": 0.3620006099420555,
        "precision": 0.536618444846293,
        "recall": 0.5266193433895298,
        "hd95": 10.111874208078342
      },