{
  "summary": {
    "LV": {
      "dice": {
        "mean": 0.9106060445922859,
        "std": 0.0444650910936256,
        "n": 19
      },
      "iou": {
        "mean": 0.8387704126357658,
        "std": 0.07078767303315117,
        "n": 19
      },
      "precision": {
        "mean": 0.9447724116393206,
        "std": 0.032733443913944595,
        "n": 19
      },
      "recall": {
        "mean": 0.8851877400205738,
        "std": 0.0865004569833656,
        "n": 19
      },
      "hd95": {
        "mean": 5.965392053961791,
        "std": 1.367170843378921,
        "n": 19
      }
    },
    "MYO": {
      "dice": {
        "mean": 0.7594676190175885,
        "std": 0.0715057304215346,
        "n": 19
      },
      "iou": {
        "mean": 0.617329258254593,
        "std": 0.08898340691678008,
        "n": 19
      },
      "precision": {
        "mean": 0.7269983896175335,
        "std": 0.06971912641921094,
        "n": 19
      },
      "recall": {
        "mean": 0.7989660960582969,
        "std": 0.09172840671663478,
        "n": 19
      },
      "hd95": {
        "mean": 7.972812904750643,
        "std": 1.9665976243495398,
        "n": 19
      }
    },
    "Infarct": {
      "dice": {
        "mean": 0.5919806547627723,
        "std": 0.29204408029378204,
        "n": 19
      },
      "iou": {
        "mean": 0.48798405093958613,
        "std": 0.33202395701573,
        "n": 19
      },
      "precision": {
        "mean": 0.5380415135508185,
        "std": 0.31859843142449124,
        "n": 19
      },
      "recall": {
        "mean": 0.7424510170304561,
        "std": 0.20242789875061792,
        "n": 18
      },
      "hd95": {
        "mean": 26.54776652743516,
        "std": 68.69896504334032,
        "n": 19
      }
    },
    "Infarct_pathological": {
      "dice": {
        "mean": 0.4805871108071286,
        "std": 0.14580132545318325,
        "n": 13
      },
      "iou": {
        "mean": 0.32859207445016436,
        "std": 0.12870739922040098,
        "n": 13
      },
      "precision": {
        "mean": 0.40175298134350407,
        "std": 0.1594722139179775,
        "n": 13
      },
      "recall": {
        "mean": 0.6433937158883238,
        "std": 0.1463318269442842,
        "n": 13
      },
      "hd95": {
        "mean": 14.55723956644559,
        "std": 8.679908265516685,
        "n": 13
      }
    },
    "params_M": 11.521496,
    "inference_ms_mean": 24.06411421926398,
    "inference_ms_std": 0.5791986733862627,
    "variant": "M2",
    "split": "fold3_test",
    "fold": 3,
    "n_cases": 19,
    "checkpoint": "E:\\Thesis Dataset 3\\checkpoints\\M2_fold3_best.pth",
    "hard_myo_mask": true,
    "mi_voxel_suppression": true,
    "primary_metric": "MI_pathological",
    "protocol": "5-fold-cv"
  },
  "per_case": [
    {
      "case": "Case_N027",
      "fold": 3,
      "LV": {
        "dice": 0.9203508143905494,
        "iou": 0.8524535809018567,
        "precision": 0.9497598817879571,
        "recall": 0.8927083333333333,
        "hd95": 4.77666201139971
      },
      "MYO": {
        "dice": 0.8059701492537313,
        "iou": 0.675,
        "precision": 0.8093525179856115,
        "recall": 0.8026159334126041,
        "hd95": 7.5
      },
      "Infarct": {
        "dice": 1.0,
        "iou": 1.0,
        "precision": 1.0,
        "recall": 1.0,
        "hd95": 0.0
      },
      "pathological": false
    },
    {
      "case": "Case_N040",
      "fold": 3,
      "LV": {
        "dice": 0.9194504310344828,
        "iou": 0.8509099975068561,
        "precision": 0.8913554452859754,
        "recall": 0.949374130737135,
        "hd95": 5.408326913195984
      },
      "MYO": {
        "dice": 0.8179555895865237,
        "iou": 0.6919838056680162,
        "precision": 0.8003371417868514,
        "recall": 0.8363671951458211,
        "hd95": 7.669990167404787
      },
      "Infarct": {
        "dice": 0.0,
        "iou": 0.0,
        "precision": 0.0,
        "recall": NaN,
        "hd95": 315.1634496574753
      },
      "pathological": false
    },
    {
      "case": "Case_N049",
      "fold": 3,
      "LV": {
        "dice": 0.9443729443729444,
        "iou": 0.8946085071796261,
        "precision": 0.9174770769658238,
        "recall": 0.9728933411903359,
        "hd95": 4.743416490252569
      },
      "MYO": {
        "dice": 0.8236957080442046,
        "iou": 0.7002403320952589,
        "precision": 0.7573251417769377,
        "recall": 0.9028169014084507,
        "hd95": 6.708203932499369
      },
      "Infarct": {
        "dice": 1.0,
        "iou": 1.0,
        "precision": 1.0,
        "recall": 1.0,
        "hd95": 0.0
      },
      "pathological": false
    },
    {
      "case": "Case_N079",
      "fold": 3,
      "LV": {
        "dice": 0.9412865010911359,
        "iou": 0.8890851982724775,
        "precision": 0.9351641544497212,
        "recall": 0.947489539748954,
        "hd95": 6.18465843842649
      },
      "MYO": {
        "dice": 0.8220380302291566,
        "iou": 0.6978476821192053,
        "precision": 0.7524098536237058,
        "recall": 0.9058671824629272,
        "hd95": 7.507426463519452
      },
      "Infarct": {
        "dice": 1.0,
        "iou": 1.0,
        "precision": 1.0,
        "recall": 1.0,
        "hd95": 0.0
      },
      "pathological": false
    },
    {
      "case": "Case_N084",
      "fold": 3,
      "LV": {
        "dice": 0.9389991728701406,
        "iou": 0.8850126680958877,
        "precision": 0.95,
        "recall": 0.928250204415372,
        "hd95": 5.408326913195984
      },
      "MYO": {
        "dice": 0.8407331331963975,
        "iou": 0.7252282949434373,
        "precision": 0.8249612403100776,
        "recall": 0.8571198453608248,
        "hd95": 8.498338697640026
      },
      "Infarct": {
        "dice": 1.0,
        "iou": 1.0,
        "precision": 1.0,
        "recall": 1.0,
        "hd95": 0.0
      },
      "pathological": false
    },
    {
      "case": "Case_N089",
      "fold": 3,
      "LV": {
        "dice": 0.944580803513758,
        "iou": 0.8949816401468789,
        "precision": 0.9780631353665061,
        "recall": 0.9133150137396953,
        "hd95": 6.18465843842649
      },
      "MYO": {
        "dice": 0.8516998827667057,
        "iou": 0.7417049515058703,
        "precision": 0.7694616063548102,
        "recall": 0.953620651936119,
        "hd95": 7.5
      },
      "Infarct": {
        "dice": 1.0,
        "iou": 1.0,
        "precision": 1.0,
        "recall": 1.0,
        "hd95": 0.0
      },
      "pathological": false
    },
    {
      "case": "Case_P008",
      "fold": 3,
      "LV": {
        "dice": 0.8603588543408002,
        "iou": 0.7549383923332681,
        "precision": 0.9961290322580645,
        "recall": 0.7571596704590036,
        "hd95": 6.18465843842649
      },
      "MYO": {
        "dice": 0.7105093488072212,
        "iou": 0.551,
        "precision": 0.6777367773677737,
        "recall": 0.7466124661246613,
        "hd95": 8.498338697640026
      },
      "Infarct": {
        "dice": 0.5261146496815287,
        "iou": 0.35695764909248057,
        "precision": 0.44552319309600863,
        "recall": 0.6423017107309487,
        "hd95": 20.05617112013158
      },
      "pathological": true
    },
    {
      "case": "Case_P011",
      "fold": 3,
      "LV": {
        "dice": 0.8233842010771992,
        "iou": 0.6997901964524127,
        "precision": 0.9419768934531451,
        "recall": 0.7313135339844529,
        "hd95": 7.5
      },
      "MYO": {
        "dice": 0.6929598933028485,
        "iou": 0.5301749271137026,
        "precision": 0.6837751457040797,
        "recall": 0.7023947470065662,
        "hd95": 11.083014070104952
      },
      "Infarct": {
        "dice": 0.21505376344086022,
        "iou": 0.12048192771084337,
        "precision": 0.20426287744227353,
        "recall": 0.22704837117472854,
        "hd95": 33.73479903387501
      },