{
  "summary": {
    "LV": {
      "dice": {
        "mean": 0.920457470309641,
        "std": 0.03213911608109797,
        "n": 19
      },
      "iou": {
        "mean": 0.8541766852423747,
        "std": 0.05178475305049172,
        "n": 19
      },
      "precision": {
        "mean": 0.9158624713593397,
        "std": 0.07161886977132491,
        "n": 19
      },
      "recall": {
        "mean": 0.9306722644073221,
        "std": 0.03520169211290779,
        "n": 19
      },
      "hd95": {
        "mean": 5.260685286688972,
        "std": 0.647544721377388,
        "n": 19
      }
    },
    "MYO": {
      "dice": {
        "mean": 0.7505575575763388,
        "std": 0.07635176287582465,
        "n": 19
      },
      "iou": {
        "mean": 0.6066260220431912,
        "std": 0.09693941889260124,
        "n": 19
      },
      "precision": {
        "mean": 0.7270264170309103,
        "std": 0.10438053017742935,
        "n": 19
      },
      "recall": {
        "mean": 0.7829256835060763,
        "std": 0.06950478102358913,
        "n": 19
      },
      "hd95": {
        "mean": 8.386834635549796,
        "std": 2.627615296694381,
        "n": 19
      }
    },
    "Infarct": {
      "dice": {
        "mean": 0.5666560041450971,
        "std": 0.3186721588641538,
        "n": 19
      },
      "iou": {
        "mean": 0.4667595723434224,
        "std": 0.3298101218511584,
        "n": 19
      },
      "precision": {
        "mean": 0.5487428479847087,
        "std": 0.3207745726750118,
        "n": 19
      },
      "recall": {
        "mean": 0.6916835908009997,
        "std": 0.27314873667073536,
        "n": 17
      },
      "hd95": {
        "mean": 44.47104636431348,
        "std": 94.36173061223437,
        "n": 19
      }
    },
    "Infarct_pathological": {
      "dice": {
        "mean": 0.5204972368274496,
        "std": 0.19776493611251147,
        "n": 13
      },
      "iou": {
        "mean": 0.37449475957884815,
        "std": 0.17163083320085787,
        "n": 13
      },
      "precision": {
        "mean": 0.4943164701314973,
        "std": 0.1960674353639349,
        "n": 13
      },
      "recall": {
        "mean": 0.5968170033551536,
        "std": 0.24355416626403373,
        "n": 13
      },
      "hd95": {
        "mean": 16.509460123615803,
        "std": 18.718735271484498,
        "n": 13
      }
    },
    "params_M": 11.521496,
    "inference_ms_mean": 27.697086334228516,
    "inference_ms_std": 9.352936890682171,
    "variant": "M2",
    "split": "fold4_test",
    "fold": 4,
    "n_cases": 19,
    "checkpoint": "E:\\Thesis Dataset 3\\checkpoints\\M2_fold4_best.pth",
    "hard_myo_mask": true,
    "mi_voxel_suppression": true,
    "primary_metric": "MI_pathological",
    "protocol": "5-fold-cv"
  },
  "per_case": [
    {
      "case": "Case_N014",
      "fold": 4,
      "LV": {
        "dice": 0.8883707373943457,
        "iou": 0.7991609858416361,
        "precision": 0.8253452477660439,
        "recall": 0.9618176080782581,
        "hd95": 4.77666201139971
      },
      "MYO": {
        "dice": 0.8521832498210451,
        "iou": 0.7424384159650764,
        "precision": 0.8815253609774157,
        "recall": 0.824731555247662,
        "hd95": 7.5
      },
      "Infarct": {
        "dice": 1.0,
        "iou": 1.0,
        "precision": 1.0,
        "recall": 1.0,
        "hd95": 0.0
      },
      "pathological": false
    },
    {
      "case": "Case_N024",
      "fold": 4,
      "LV": {
        "dice": 0.9005283712382265,
        "iou": 0.8190555787714167,
        "precision": 0.8607817303469477,
        "recall": 0.9441233140655106,
        "hd95": 5.408326913195984
      },
      "MYO": {
        "dice": 0.6171319102353585,
        "iou": 0.44626954284583414,
        "precision": 0.543635486981678,
        "recall": 0.7136075949367089,
        "hd95": 7.669990167404787
      },
      "Infarct": {
        "dice": 0.0,
        "iou": 0.0,
        "precision": 0.0,
        "recall": NaN,
        "hd95": 315.1634496574753
      },
      "pathological": false
    },
    {
      "case": "Case_N033",
      "fold": 4,
      "LV": {
        "dice": 0.9180560482440582,
        "iou": 0.8485245901639344,
        "precision": 0.913196894848271,
        "recall": 0.9229671897289586,
        "hd95": 4.743416490252569
      },
      "MYO": {
        "dice": 0.8212230982314085,
        "iou": 0.6966738973246566,
        "precision": 0.8466608084358523,
        "recall": 0.7972693421597021,
        "hd95": 7.507426463519452
      },
      "Infarct": {
        "dice": 1.0,
        "iou": 1.0,
        "precision": 1.0,
        "recall": 1.0,
        "hd95": 0.0
      },
      "pathological": false
    },
    {
      "case": "Case_N034",
      "fold": 4,
      "LV": {
        "dice": 0.8052906797908336,
        "iou": 0.6740473738414006,
        "precision": 0.6925925925925925,
        "recall": 0.9617927994121969,
        "hd95": 6.193623568039104
      },
      "MYO": {
        "dice": 0.8063788409179308,
        "iou": 0.6755735140771637,
        "precision": 0.8783257075072022,
        "recall": 0.7453264308311763,
        "hd95": 8.75910645015454
      },
      "Infarct": {
        "dice": 1.0,
        "iou": 1.0,
        "precision": 1.0,
        "recall": 1.0,
        "hd95": 0.0
      },
      "pathological": false
    },
    {
      "case": "Case_N058",
      "fold": 4,
      "LV": {
        "dice": 0.9314428690575479,
        "iou": 0.8716827973774587,
        "precision": 0.9640883977900553,
        "recall": 0.9009357857373346,
        "hd95": 4.743416490252569
      },
      "MYO": {
        "dice": 0.8176017016750864,
        "iou": 0.6914774004947155,
        "precision": 0.7344160496775735,
        "recall": 0.9220389805097451,
        "hd95": 6.708203932499369
      },
      "Infarct": {
        "dice": 0.0,
        "iou": 0.0,
        "precision": 0.0,
        "recall": NaN,
        "hd95": 315.1634496574753
      },
      "pathological": false
    },
    {
      "case": "Case_N068",
      "fold": 4,
      "LV": {
        "dice": 0.9518655653659926,
        "iou": 0.9081521739130435,
        "precision": 0.9570446735395189,
        "recall": 0.9467422096317281,
        "hd95": 4.743416490252569
      },
      "MYO": {
        "dice": 0.8776749566223251,
        "iou": 0.7820149446019067,
        "precision": 0.8661529680365296,
        "recall": 0.8895076201641267,
        "hd95": 6.0
      },
      "Infarct": {
        "dice": 1.0,
        "iou": 1.0,
        "precision": 1.0,
        "recall": 1.0,
        "hd95": 0.0
      },
      "pathological": false
    },
    {
      "case": "Case_P004",
      "fold": 4,
      "LV": {
        "dice": 0.9181027408501559,
        "iou": 0.8486043689320388,
        "precision": 0.883170192611304,
        "recall": 0.9559125085440875,
        "hd95": 4.743416490252569
      },
      "MYO": {
        "dice": 0.706517047906776,
        "iou": 0.5462128795462129,
        "precision": 0.7056034482758621,
        "recall": 0.7074330164217805,
        "hd95": 6.708203932499369
      },
      "Infarct": {
        "dice": 0.4487259167184587,
        "iou": 0.28926282051282054,
        "precision": 0.3945355191256831,
        "recall": 0.5201729106628242,
        "hd95": 10.563275001681266
      },
      "pathological": true
    },
    {
      "case": "Case_P017",
      "fold": 4,
      "LV": {
        "dice": 0.9027212341975573,
        "iou": 0.8226908806873657,
        "precision": 0.834092258958622,
        "recall": 0.9836563156665888,
        "hd95": 6.18465843842649
      },
      "MYO": {
        "dice": 0.676773145641581,
        "iou": 0.5114566284779051,
        "precision": 0.6441970727685014,
        "recall": 0.7128193430656934,
        "hd95": 9.006207189772361
      },
      "Infarct": {
        "dice": 0.383397050791917,
        "iou": 0.23716216216216215,
        "precision": 0.30816505706760317,
        "recall": 0.5072254335260116,