{
  "summary": {
    "LV": {
      "dice": {
        "mean": 0.9016479086317314,
        "std": 0.03297739188177411,
        "n": 21
      },
      "iou": {
        "mean": 0.8224943143131673,
        "std": 0.05284623373800105,
        "n": 21
      },
      "precision": {
        "mean": 0.9116357601631594,
        "std": 0.04755229872870497,
        "n": 21
      },
      "recall": {
        "mean": 0.8995848791891008,
        "std": 0.07739223755850733,
        "n": 21
      },
      "hd95": {
        "mean": 5.325425757921017,
        "std": 1.0625041174935623,
        "n": 21
      }
    },
    "MYO": {
      "dice": {
        "mean": 0.7180031804851504,
        "std": 0.10120349340005219,
        "n": 21
      },
      "iou": {
        "mean": 0.5692528167795258,
        "std": 0.11670062864079794,
        "n": 21
      },
      "precision": {
        "mean": 0.6617924035323509,
        "std": 0.09162333116740218,
        "n": 21
      },
      "recall": {
        "mean": 0.7975364101847449,
        "std": 0.13752897296633745,
        "n": 21
      },
      "hd95": {
        "mean": 9.085834790481293,
        "std": 3.804788426100399,
        "n": 21
      }
    },
    "Infarct": {
      "dice": {
        "mean": 0.6149429181872185,
        "std": 0.31700962096573104,
        "n": 21
      },
      "iou": {
        "mean": 0.5246542495298044,
        "std": 0.3587921567304231,
        "n": 21
      },
      "precision": {
        "mean": 0.5827947114322644,
        "std": 0.32746818048950366,
        "n": 21
      },
      "recall": {
        "mean": 0.7033755885011802,
        "std": 0.32564210238406976,
        "n": 21
      },
      "hd95": {
        "mean": 26.981325911331083,
        "std": 66.2608994356225,
        "n": 21
      }
    },
    "Infarct_pathological": {
      "dice": {
        "mean": 0.42241437728082776,
        "std": 0.19884901932527443,
        "n": 14
      },
      "iou": {
        "mean": 0.2869813742947067,
        "std": 0.15372875700189517,
        "n": 14
      },
      "precision": {
        "mean": 0.3741920671483965,
        "std": 0.1740917121605549,
        "n": 14
      },
      "recall": {
        "mean": 0.5550633827517705,
        "std": 0.3050813615167429,
        "n": 14
      },
      "hd95": {
        "mean": 40.47198886699663,
        "std": 77.71593292289825,
        "n": 14
      }
    },
    "params_M": 11.521496,
    "inference_ms_mean": 24.09060796101888,
    "inference_ms_std": 2.6019622937720683,
    "variant": "M2",
    "split": "fold0_test",
    "fold": 0,
    "n_cases": 21,
    "checkpoint": "E:\\Thesis Dataset 3\\checkpoints\\M2_fold0_best.pth",
    "hard_myo_mask": true,
    "mi_voxel_suppression": true,
    "primary_metric": "MI_pathological",
    "protocol": "5-fold-cv"
  },
  "per_case": [
    {
      "case": "Case_N020",
      "fold": 0,
      "LV": {
        "dice": 0.9470137113641646,
        "iou": 0.899359964687707,
        "precision": 0.9365663065961848,
        "recall": 0.9576968272620446,
        "hd95": 6.009232921921316
      },
      "MYO": {
        "dice": 0.8381283248290088,
        "iou": 0.721360493365726,
        "precision": 0.7826439578264396,
        "recall": 0.902079925216172,
        "hd95": 7.5
      },
      "Infarct": {
        "dice": 1.0,
        "iou": 1.0,
        "precision": 1.0,
        "recall": 1.0,
        "hd95": 0.0
      },
      "pathological": false
    },
    {
      "case": "Case_N032",
      "fold": 0,
      "LV": {
        "dice": 0.9368475452196382,
        "iou": 0.881197744507097,
        "precision": 0.9359768690623709,
        "recall": 0.9377198427477758,
        "hd95": 6.708203932499369
      },
      "MYO": {
        "dice": 0.7572283656284874,
        "iou": 0.6093061224489796,
        "precision": 0.6463456875649463,
        "recall": 0.914033798677443,
        "hd95": 7.5
      },
      "Infarct": {
        "dice": 1.0,
        "iou": 1.0,
        "precision": 1.0,
        "recall": 1.0,
        "hd95": 0.0
      },
      "pathological": false
    },
    {
      "case": "Case_N042",
      "fold": 0,
      "LV": {
        "dice": 0.8972602739726028,
        "iou": 0.8136645962732919,
        "precision": 0.8939205955334988,
        "recall": 0.900625,
        "hd95": 3.3985289022931244
      },
      "MYO": {
        "dice": 0.7838049085508833,
        "iou": 0.6444730077120823,
        "precision": 0.6840381991814461,
        "recall": 0.9176427525622255,
        "hd95": 5.408326913195984
      },
      "Infarct": {
        "dice": 1.0,
        "iou": 1.0,
        "precision": 1.0,
        "recall": 1.0,
        "hd95": 0.0
      },
      "pathological": false
    },
    {
      "case": "Case_N046",
      "fold": 0,
      "LV": {
        "dice": 0.9297559157816284,
        "iou": 0.8687325905292479,
        "precision": 0.9020245842371656,
        "recall": 0.9592464436755094,
        "hd95": 4.743416490252569
      },
      "MYO": {
        "dice": 0.8169761273209549,
        "iou": 0.6905829596412556,
        "precision": 0.7522388059701492,
        "recall": 0.8939051918735892,
        "hd95": 6.18465843842649
      },
      "Infarct": {
        "dice": 1.0,
        "iou": 1.0,
        "precision": 1.0,
        "recall": 1.0,
        "hd95": 0.0
      },
      "pathological": false
    },
    {
      "case": "Case_N054",
      "fold": 0,
      "LV": {
        "dice": 0.9194944770623943,
        "iou": 0.8509854485172224,
        "precision": 0.9447852760736196,
        "recall": 0.8955223880597015,
        "hd95": 6.18465843842649
      },
      "MYO": {
        "dice": 0.8390413798822456,
        "iou": 0.7227142857142858,
        "precision": 0.7810714837115948,
        "recall": 0.9063059835184522,
        "hd95": 7.507426463519452
      },
      "Infarct": {
        "dice": 1.0,
        "iou": 1.0,
        "precision": 1.0,
        "recall": 1.0,
        "hd95": 0.0
      },
      "pathological": false
    },
    {
      "case": "Case_N070",
      "fold": 0,
      "LV": {
        "dice": 0.9006426099851705,
        "iou": 0.8192446043165468,
        "precision": 0.8768046198267565,
        "recall": 0.9258130081300813,
        "hd95": 4.5
      },
      "MYO": {
        "dice": 0.8193518083607327,
        "iou": 0.6939847231063018,
        "precision": 0.7729528535980149,
        "recall": 0.8716769938037178,
        "hd95": 7.5
      },
      "Infarct": {
        "dice": 1.0,
        "iou": 1.0,
        "precision": 1.0,
        "recall": 1.0,
        "hd95": 0.0
      },
      "pathological": false
    },
    {
      "case": "Case_N083",
      "fold": 0,
      "LV": {
        "dice": 0.8923076923076924,
        "iou": 0.8055555555555556,
        "precision": 0.8417354109379774,
        "recall": 0.9493452791178497,
        "hd95": 4.743416490252569
      },
      "MYO": {
        "dice": 0.8094485569325459,
        "iou": 0.6798938102556937,
        "precision": 0.7374962109730221,
        "recall": 0.8969585253456221,
        "hd95": 8.077747210701755
      },
      "Infarct": {
        "dice": 1.0,
        "iou": 1.0,
        "precision": 1.0,
        "recall": 1.0,
        "hd95": 0.0
      },
      "pathological": false
    },
    {
      "case": "Case_P003",
      "fold": 0,
      "LV": {
        "dice": 0.8998516320474778,
        "iou": 0.8179366149696561,
        "precision": 0.8279863481228669,
        "recall": 0.9853777416734363,
        "hd95": 4.743416490252569
      },
      "MYO": {
        "dice": 0.7076200067136623,
        "iou": 0.5475324675324675,
        "precision": 0.6145772594752187,
        "recall": 0.8338607594936709,
        "hd95": 8.077747210701755
      },
      "Infarct": {
        "dice": 0.0,
        "iou": 0.0,
        "precision": 0.0,
        "recall": 0.0,
        "hd95": 315.1634496574753
      },
      "pathological": true
    },
    {
      "case": "Case_P029",
      "fold": 0,
      "LV": {
        "dice": 0.9306839186691312,
        "iou": 0.8703543647363872,