{
  "summary": {
    "LV": {
      "dice": {
        "mean": 0.9048335067071245,
        "std": 0.04190509329672651,
        "n": 15
      },
      "iou": {
        "mean": 0.8286731178730361,
        "std": 0.06456045053392519,
        "n": 15
      },
      "precision": {
        "mean": 0.9419351014660237,
        "std": 0.054650076482223975,
        "n": 15
      },
      "recall": {
        "mean": 0.878347514027653,
        "std": 0.0782593822093139,
        "n": 15
      },
      "hd95": {
        "mean": 5.760144385599164,
        "std": 1.3816190713978556,
        "n": 15
      }
    },
    "MYO": {
      "dice": {
        "mean": 0.7298446879130895,
        "std": 0.0830728528648594,
        "n": 15
      },
      "iou": {
        "mean": 0.5812608006389592,
        "std": 0.10198926174229546,
        "n": 15
      },
      "precision": {
        "mean": 0.6433032164198464,
        "std": 0.09605220205097914,
        "n": 15
      },
      "recall": {
        "mean": 0.8495905718305138,
        "std": 0.07040111730858047,
        "n": 15
      },
      "hd95": {
        "mean": 8.7751419814943,
        "std": 3.1709998288977532,
        "n": 15
      }
    },
    "Infarct": {
      "dice": {
        "mean": 0.3251263637138227,
        "std": 0.25621223953777184,
        "n": 14
      },
      "iou": {
        "mean": 0.2226391751504274,
        "std": 0.18730191909480354,
        "n": 14
      },
      "precision": {
        "mean": 0.3538882012791125,
        "std": 0.2622430892355026,
        "n": 14
      },
      "recall": {
        "mean": 0.5247488196583829,
        "std": 0.2863046195007541,
        "n": 10
      },
      "hd95": {
        "mean": 99.62450836132506,
        "std": 132.42154333180048,
        "n": 15
      }
    },
    "Infarct_pathological": {
      "dice": {
        "mean": 0.4551769091993518,
        "std": 0.1808496365236932,
        "n": 10
      },
      "iou": {
        "mean": 0.31169484521059837,
        "std": 0.14613904050835888,
        "n": 10
      },
      "precision": {
        "mean": 0.49544348179075753,
        "std": 0.1617014902526718,
        "n": 10
      },
      "recall": {
        "mean": 0.5247488196583829,
        "std": 0.28630461950075403,
        "n": 10
      },
      "hd95": {
        "mean": 23.37138267899749,
        "std": 30.221518469284906,
        "n": 10
      }
    },
    "params_M": 11.521496,
    "inference_ms_mean": 37.70019213358561,
    "inference_ms_std": 48.296289375234416,
    "variant": "M2",
    "split": "test",
    "checkpoint": "E:\\Thesis Dataset 3\\checkpoints\\M2_best.pth",
    "hard_myo_mask": true
  },
  "per_case": [
    {
      "case": "Case_N012",
      "LV": {
        "dice": 0.9326047358834244,
        "iou": 0.8737201365187713,
        "precision": 0.9332585530005608,
        "recall": 0.9319518342201064,
        "hd95": 4.743416490252569
      },
      "MYO": {
        "dice": 0.8420582321840793,
        "iou": 0.7272025723472669,
        "precision": 0.7834280171816544,
        "recall": 0.9101738570508693,
        "hd95": 8.077747210701755
      },
      "Infarct": {
        "dice": 0.0,
        "iou": 0.0,
        "precision": 0.0,
        "recall": NaN,
        "hd95": 315.1634496574753
      },
      "pathological": false
    },
    {
      "case": "Case_N023",
      "LV": {
        "dice": 0.9187300622816346,
        "iou": 0.8496768755268334,
        "precision": 0.9536423841059603,
        "recall": 0.8862837045720985,
        "hd95": 4.77666201139971
      },
      "MYO": {
        "dice": 0.79056431643425,
        "iou": 0.6536637931034482,
        "precision": 0.6885357548240636,
        "recall": 0.9280905752753978,
        "hd95": 6.708203932499369
      },
      "Infarct": {
        "dice": 0.0,
        "iou": 0.0,
        "precision": 0.0,
        "recall": NaN,
        "hd95": 315.1634496574753
      },
      "pathological": false
    },
    {
      "case": "Case_N024",
      "LV": {
        "dice": 0.9081145584725537,
        "iou": 0.8316939890710382,
        "precision": 0.8999526963103122,
        "recall": 0.9164258188824663,
        "hd95": 6.009232921921316
      },
      "MYO": {
        "dice": 0.7014579643003134,
        "iou": 0.5401888772298006,
        "precision": 0.6159368269921034,
        "recall": 0.8145569620253165,
        "hd95": 6.18465843842649
      },
      "Infarct": {
        "dice": 0.0,
        "iou": 0.0,
        "precision": 0.0,
        "recall": NaN,
        "hd95": 315.1634496574753
      },
      "pathological": false
    },
    {
      "case": "Case_N054",
      "LV": {
        "dice": 0.921927078072922,
        "iou": 0.8551620760727,
        "precision": 0.9624630957401941,
        "recall": 0.8846675712347354,
        "hd95": 6.18465843842649
      },
      "MYO": {
        "dice": 0.8394039735099338,
        "iou": 0.7232524964336662,
        "precision": 0.7802400738688827,
        "recall": 0.9082766033679684,
        "hd95": 8.498338697640026
      },
      "Infarct": {
        "dice": 0.0,
        "iou": 0.0,
        "precision": 0.0,
        "recall": NaN,
        "hd95": 315.1634496574753
      },
      "pathological": false
    },
    {
      "case": "Case_N089",
      "LV": {
        "dice": 0.945974025974026,
        "iou": 0.897486446525382,
        "precision": 0.9851230727616986,
        "recall": 0.9098176367724207,
        "hd95": 6.0
      },
      "MYO": {
        "dice": 0.8494438051400077,
        "iou": 0.7382897149524921,
        "precision": 0.7561891753457401,
        "recall": 0.9689345876175891,
        "hd95": 7.5
      },
      "Infarct": {
        "dice": NaN,
        "iou": NaN,
        "precision": NaN,
        "recall": NaN,
        "hd95": 0.0
      },
      "pathological": false
    },
    {
      "case": "Case_P007",
      "LV": {
        "dice": 0.9082541858415745,
        "iou": 0.8319282511210763,
        "precision": 0.9797211660329531,
        "recall": 0.8465048366490235,
        "hd95": 6.18465843842649
      },
      "MYO": {
        "dice": 0.7994392523364486,
        "iou": 0.6658882142301106,
        "precision": 0.7004585653455617,
        "recall": 0.9309969525468001,
        "hd95": 7.669990167404787
      },
      "Infarct": {
        "dice": 0.46332046332046334,
        "iou": 0.3015075376884422,
        "precision": 0.5844155844155844,
        "recall": 0.3837953091684435,
        "hd95": 15.454295939074758
      },
      "pathological": true
    },
    {
      "case": "Case_P008",
      "LV": {
        "dice": 0.7654380664652568,
        "iou": 0.620007830853563,
        "precision": 0.9968523764557758,
        "recall": 0.6212240094154571,
        "hd95": 10.117406705180942
      },
      "MYO": {
        "dice": 0.5398138572905895,
        "iou": 0.3696883852691218,
        "precision": 0.43645484949832775,
        "recall": 0.7073170731707317,
        "hd95": 19.096743262726534
      },
      "Infarct": {
        "dice": 0.2217782217782218,
        "iou": 0.12471910112359551,
        "precision": 0.3100558659217877,
        "recall": 0.17262830482115085,
        "hd95": 20.684162336227605
      },
      "pathological": true
    },
    {
      "case": "Case_P021",
      "LV": {
        "dice": 0.9111340442609792,
        "iou": 0.8367733782645325,
        "precision": 0.895223073456512,
        "recall": 0.9276208265234649,
        "hd95": 6.18465843842649
      },
      "MYO": {
        "dice": 0.6955307262569832,
        "iou": 0.5331905781584583,
        "precision": 0.6260213702074168,
        "recall": 0.7824037706205813,
        "hd95": 8.498338697640026
      },
      "Infarct": {
        "dice": 0.4355400696864111,
        "iou": 0.27839643652561247,
        "precision": 0.38109756097560976,
        "recall": 0.508130081300813,
        "hd95": 110.0986488393301
      },
      "pathological": true
    },
    {
      "case": "Case_P035",
      "LV": {
        "dice": 0.9331404693024751,
        "iou": 0.8746610424826755,