{
  "summary": {
    "LV": {
      "dice": {
        "mean": 0.9069533659129558,
        "std": 0.03655334228539406,
        "n": 15
      },
      "iou": {
        "mean": 0.8316867298280493,
        "std": 0.05802803272047637,
        "n": 15
      },
      "precision": {
        "mean": 0.9420670869525634,
        "std": 0.05270850669403968,
        "n": 15
      },
      "recall": {
        "mean": 0.8817140204284651,
        "std": 0.07569994218452045,
        "n": 15
      },
      "hd95": {
        "mean": 5.65975599833185,
        "std": 1.0013374686589587,
        "n": 15
      }
    },
    "MYO": {
      "dice": {
        "mean": 0.7582870030689389,
        "std": 0.0702810406269204,
        "n": 15
      },
      "iou": {
        "mean": 0.6156758608682408,
        "std": 0.0884457872119892,
        "n": 15
      },
      "precision": {
        "mean": 0.6718523975636429,
        "std": 0.08336397149289203,
        "n": 15
      },
      "recall": {
        "mean": 0.8764459455283866,
        "std": 0.06784539178069285,
        "n": 15
      },
      "hd95": {
        "mean": 7.226539208700342,
        "std": 1.2870727751340811,
        "n": 15
      }
    },
    "MI": {
      "dice": {
        "mean": 0.3173532563458492,
        "std": 0.21263833961350967,
        "n": 13
      },
      "iou": {
        "mean": 0.20731636246979737,
        "std": 0.14874733390953374,
        "n": 13
      },
      "precision": {
        "mean": 0.3468333044742222,
        "std": 0.2621644001085498,
        "n": 13
      },
      "recall": {
        "mean": 0.5079630575940999,
        "std": 0.23203302986681587,
        "n": 10
      },
      "hd95": {
        "mean": 81.83544635936686,
        "std": 119.67175598444673,
        "n": 15
      }
    },
    "MVO": {
      "dice": {
        "mean": 0.03760463824650671,
        "std": 0.06732074148469434,
        "n": 12
      },
      "iou": {
        "mean": 0.020439289282368996,
        "std": 0.03722396128155856,
        "n": 12
      },
      "precision": {
        "mean": 0.020606214773577283,
        "std": 0.03746963615413615,
        "n": 12
      },
      "recall": {
        "mean": 0.7121238907249037,
        "std": 0.2680736153531235,
        "n": 5
      },
      "hd95": {
        "mean": 169.5336380230245,
        "std": 140.71453994394895,
        "n": 15
      }
    },
    "MI_pathological": {
      "dice": {
        "mean": 0.41255923324960386,
        "std": 0.13964769129303495,
        "n": 10
      },
      "iou": {
        "mean": 0.2695112712107366,
        "std": 0.10955031369716081,
        "n": 10
      },
      "precision": {
        "mean": 0.4508832958164889,
        "std": 0.20599713945460552,
        "n": 10
      },
      "recall": {
        "mean": 0.5079630575940999,
        "std": 0.23203302986681587,
        "n": 10
      },
      "hd95": {
        "mean": 28.204134641807702,
        "std": 30.55619382324064,
        "n": 10
      }
    },
    "MVO_pathological": {
      "dice": {
        "mean": 0.04512556589580805,
        "std": 0.07140807072469263,
        "n": 10
      },
      "iou": {
        "mean": 0.024527147138842798,
        "std": 0.03952827419785434,
        "n": 10
      },
      "precision": {
        "mean": 0.02472745772829274,
        "std": 0.039785179392297136,
        "n": 10
      },
      "recall": {
        "mean": 0.7121238907249038,
        "std": 0.2680736153531235,
        "n": 5
      },
      "hd95": {
        "mean": 191.2677671030417,
        "std": 127.92339710488952,
        "n": 10
      }
    },
    "params_M": 16.058893,
    "inference_ms_mean": 58.106088638305664,
    "inference_ms_std": 50.64240948485157,
    "variant": "M3",
    "split": "test",
    "checkpoint": "E:\\Thesis Dataset 3\\checkpoints\\M3_best.pth",
    "hard_myo_mask": true
  },
  "per_case": [
    {
      "case": "Case_N012",
      "LV": {
        "dice": 0.9205958726253929,
        "iou": 0.852874145353254,
        "precision": 0.8990923651895355,
        "recall": 0.9431531783814058,
        "hd95": 5.408326913195984
      },
      "MYO": {
        "dice": 0.8197853887990593,
        "iou": 0.6946070494457591,
        "precision": 0.7542602109818772,
        "recall": 0.8977784932388925,
        "hd95": 9.486832980505138
      },
      "MI": {
        "dice": 0.0,
        "iou": 0.0,
        "precision": 0.0,
        "recall": NaN,
        "hd95": 315.1634496574753
      },
      "MVO": {
        "dice": NaN,
        "iou": NaN,
        "precision": NaN,
        "recall": NaN,
        "hd95": 0.0
      },
      "pathological": false
    },
    {
      "case": "Case_N023",
      "LV": {
        "dice": 0.9286908925041812,
        "iou": 0.8668748225943798,
        "precision": 0.9649289099526066,
        "recall": 0.8950762016412661,
        "hd95": 5.408326913195984
      },
      "MYO": {
        "dice": 0.7986513823331086,
        "iou": 0.6647956892680736,
        "precision": 0.7140101278032313,
        "recall": 0.9060587515299877,
        "hd95": 7.5
      },
      "MI": {
        "dice": NaN,
        "iou": NaN,
        "precision": NaN,
        "recall": NaN,
        "hd95": 0.0
      },
      "MVO": {
        "dice": 0.0,
        "iou": 0.0,
        "precision": 0.0,
        "recall": NaN,
        "hd95": 315.1634496574753
      },
      "pathological": false
    },
    {
      "case": "Case_N024",
      "LV": {
        "dice": 0.9212135194370746,
        "iou": 0.8539349871685201,
        "precision": 0.8839938011954838,
        "recall": 0.9617052023121387,
        "hd95": 6.18465843842649
      },
      "MYO": {
        "dice": 0.6330176237861168,
        "iou": 0.46307665321873354,
        "precision": 0.5095541401273885,
        "recall": 0.8354430379746836,
        "hd95": 7.648529270389178
      },
      "MI": {
        "dice": 0.0,
        "iou": 0.0,
        "precision": 0.0,
        "recall": NaN,
        "hd95": 315.1634496574753
      },
      "MVO": {
        "dice": 0.0,
        "iou": 0.0,
        "precision": 0.0,
        "recall": NaN,
        "hd95": 315.1634496574753
      },
      "pathological": false
    },
    {
      "case": "Case_N054",
      "LV": {
        "dice": 0.9232971977909593,
        "iou": 0.8575227963525835,
        "precision": 0.977267806884607,
        "recall": 0.8749757704981586,
        "hd95": 6.747793735874365
      },
      "MYO": {
        "dice": 0.8338373388508674,
        "iou": 0.7150266138938174,
        "precision": 0.7501431844215349,
        "recall": 0.9385524901469008,
        "hd95": 9.12414379544733
      },
      "MI": {
        "dice": 0.0,
        "iou": 0.0,
        "precision": 0.0,
        "recall": NaN,
        "hd95": 315.1634496574753
      },
      "MVO": {
        "dice": NaN,
        "iou": NaN,
        "precision": NaN,
        "recall": NaN,
        "hd95": 0.0
      },
      "pathological": false
    },
    {
      "case": "Case_N089",
      "LV": {
        "dice": 0.9316508937960042,
        "iou": 0.8720472440944882,
        "precision": 0.9830790568654646,
        "recall": 0.8853359980014989,
        "hd95": 5.408326913195984
      },
      "MYO": {
        "dice": 0.8490755627009646,
        "iou": 0.7377335428671207,
        "precision": 0.7851700427429846,
        "recall": 0.9243054036315904,
        "hd95": 7.5
      },
      "MI": {
        "dice": NaN,
        "iou": NaN,
        "precision": NaN,
        "recall": NaN,
        "hd95": 0.0
      },
      "MVO": {
        "dice": NaN,
        "iou": NaN,
        "precision": NaN,
        "recall": NaN,
        "hd95": 0.0
      },
      "pathological": false
    },
    {
      "case": "Case_P007",
      "LV": {
        "dice": 0.918692861311029,
        "iou": 0.8496132397913294,
        "precision": 0.9833437434936498,
        "recall": 0.8620186165358642,
        "hd95": 6.708203932499369
      },
      "MYO": {
        "dice": 0.8399853533504211,
        "iou": 0.7241161616161617,
        "precision": 0.7828015696980037,