{
  "summary": {
    "LV": {
      "dice": {
        "mean": 0.9061546942634694,
        "std": 0.0333423314263248,
        "n": 15
      },
      "iou": {
        "mean": 0.8300305817529581,
        "std": 0.05315539217692087,
        "n": 15
      },
      "precision": {
        "mean": 0.9381471544780363,
        "std": 0.05549653115853742,
        "n": 15
      },
      "recall": {
        "mean": 0.8835451928913867,
        "std": 0.0714874392556027,
        "n": 15
      },
      "hd95": {
        "mean": 5.441062124199062,
        "std": 0.9499557990633422,
        "n": 15
      }
    },
    "MYO": {
      "dice": {
        "mean": 0.7611440011948499,
        "std": 0.06271015688025007,
        "n": 15
      },
      "iou": {
        "mean": 0.6183539003815769,
        "std": 0.07840317140794817,
        "n": 15
      },
      "precision": {
        "mean": 0.6865594436439696,
        "std": 0.07327231230395008,
        "n": 15
      },
      "recall": {
        "mean": 0.859397758237211,
        "std": 0.07164132006870717,
        "n": 15
      },
      "hd95": {
        "mean": 7.126425003081232,
        "std": 1.0004123069081472,
        "n": 15
      }
    },
    "MI": {
      "dice": {
        "mean": 0.3365150763274069,
        "std": 0.20281396911246932,
        "n": 12
      },
      "iou": {
        "mean": 0.21982862723441296,
        "std": 0.14460829721082144,
        "n": 12
      },
      "precision": {
        "mean": 0.35420661049852126,
        "std": 0.22942851197405423,
        "n": 12
      },
      "recall": {
        "mean": 0.5120545611046848,
        "std": 0.26377329807332395,
        "n": 10
      },
      "hd95": {
        "mean": 59.548545312541975,
        "std": 102.41468117791591,
        "n": 15
      }
    },
    "MVO": {
      "dice": {
        "mean": 0.038323901859823546,
        "std": 0.06422554674180227,
        "n": 13
      },
      "iou": {
        "mean": 0.020692243410462725,
        "std": 0.03531392253454687,
        "n": 13
      },
      "precision": {
        "mean": 0.021027932834317357,
        "std": 0.03587869560701318,
        "n": 13
      },
      "recall": {
        "mean": 0.7120747012180022,
        "std": 0.20100361885709558,
        "n": 5
      },
      "hd95": {
        "mean": 188.12063488475016,
        "std": 139.23015096197176,
        "n": 15
      }
    },
    "MI_pathological": {
      "dice": {
        "mean": 0.4038180915928883,
        "std": 0.14893633571976547,
        "n": 10
      },
      "iou": {
        "mean": 0.2637943526812955,
        "std": 0.11617211998681944,
        "n": 10
      },
      "precision": {
        "mean": 0.4250479325982255,
        "std": 0.18180751642038953,
        "n": 10
      },
      "recall": {
        "mean": 0.5120545611046848,
        "std": 0.26377329807332395,
        "n": 10
      },
      "hd95": {
        "mean": 26.290128037317906,
        "std": 22.258109133582664,
        "n": 10
      }
    },
    "MVO_pathological": {
      "dice": {
        "mean": 0.049821072417770604,
        "std": 0.06920690531732737,
        "n": 10
      },
      "iou": {
        "mean": 0.026899916433601546,
        "std": 0.038134094674440795,
        "n": 10
      },
      "precision": {
        "mean": 0.027336312684612563,
        "std": 0.03874296315304161,
        "n": 10
      },
      "recall": {
        "mean": 0.7120747012180022,
        "std": 0.20100361885709558,
        "n": 5
      },
      "hd95": {
        "mean": 187.63191742988266,
        "std": 130.98654843566223,
        "n": 10
      }
    },
    "params_M": 16.058893,
    "inference_ms_mean": 70.74602444966634,
    "inference_ms_std": 62.688750007505455,
    "variant": "M4",
    "split": "test",
    "checkpoint": "E:\\Thesis Dataset 3\\checkpoints\\M4_best.pth",
    "hard_myo_mask": true
  },
  "per_case": [
    {
      "case": "Case_N012",
      "LV": {
        "dice": 0.9104771920599448,
        "iou": 0.8356660231660231,
        "precision": 0.8580277502477701,
        "recall": 0.9697563707644917,
        "hd95": 5.408326913195984
      },
      "MYO": {
        "dice": 0.810304449648712,
        "iou": 0.6811023622047244,
        "precision": 0.7634163701067616,
        "recall": 0.8633290405666452,
        "hd95": 8.098123918878578
      },
      "MI": {
        "dice": 0.0,
        "iou": 0.0,
        "precision": 0.0,
        "recall": NaN,
        "hd95": 315.1634496574753
      },
      "MVO": {
        "dice": 0.0,
        "iou": 0.0,
        "precision": 0.0,
        "recall": NaN,
        "hd95": 315.1634496574753
      },
      "pathological": false
    },
    {
      "case": "Case_N023",
      "LV": {
        "dice": 0.9104986063796842,
        "iou": 0.8357021034678794,
        "precision": 0.9652002626395273,
        "recall": 0.861664712778429,
        "hd95": 5.437910567536158
      },
      "MYO": {
        "dice": 0.7879366812227074,
        "iou": 0.6500788110785859,
        "precision": 0.7110837438423645,
        "recall": 0.8834149326805385,
        "hd95": 6.18465843842649
      },
      "MI": {
        "dice": NaN,
        "iou": NaN,
        "precision": NaN,
        "recall": NaN,
        "hd95": 0.0
      },
      "MVO": {
        "dice": NaN,
        "iou": NaN,
        "precision": NaN,
        "recall": NaN,
        "hd95": 0.0
      },
      "pathological": false
    },
    {
      "case": "Case_N024",
      "LV": {
        "dice": 0.9052256532066508,
        "iou": 0.8268604903449772,
        "precision": 0.8929240862230553,
        "recall": 0.9178709055876686,
        "hd95": 5.408326913195984
      },
      "MYO": {
        "dice": 0.6715542521994134,
        "iou": 0.5055187637969095,
        "precision": 0.580147397512667,
        "recall": 0.7971518987341772,
        "hd95": 7.5
      },
      "MI": {
        "dice": 0.0,
        "iou": 0.0,
        "precision": 0.0,
        "recall": NaN,
        "hd95": 315.1634496574753
      },
      "MVO": {
        "dice": 0.0,
        "iou": 0.0,
        "precision": 0.0,
        "recall": NaN,
        "hd95": 315.1634496574753
      },
      "pathological": false
    },
    {
      "case": "Case_N054",
      "LV": {
        "dice": 0.9110182448272347,
        "iou": 0.8365780606514414,
        "precision": 0.9606620808254515,
        "recall": 0.8662531498352394,
        "hd95": 6.009232921921316
      },
      "MYO": {
        "dice": 0.793218085106383,
        "iou": 0.6573002754820937,
        "precision": 0.7398449612403101,
        "recall": 0.8548907201719814,
        "hd95": 7.5
      },
      "MI": {
        "dice": NaN,
        "iou": NaN,
        "precision": NaN,
        "recall": NaN,
        "hd95": 0.0
      },
      "MVO": {
        "dice": 0.0,
        "iou": 0.0,
        "precision": 0.0,
        "recall": NaN,
        "hd95": 315.1634496574753
      },
      "pathological": false
    },
    {
      "case": "Case_N089",
      "LV": {
        "dice": 0.9425107547907704,
        "iou": 0.8912721893491125,
        "precision": 0.9855507088331515,
        "recall": 0.9030726954783912,
        "hd95": 5.437910567536158
      },
      "MYO": {
        "dice": 0.8546430701928813,
        "iou": 0.7461805555555555,
        "precision": 0.7833059959905231,
        "recall": 0.9402756508422665,
        "hd95": 7.648529270389178
      },
      "MI": {
        "dice": NaN,
        "iou": NaN,
        "precision": NaN,
        "recall": NaN,
        "hd95": 0.0
      },
      "MVO": {
        "dice": NaN,
        "iou": NaN,
        "precision": NaN,
        "recall": NaN,
        "hd95": 0.0
      },
      "pathological": false
    },
    {
      "case": "Case_P007",
      "LV": {
        "dice": 0.9156954156954157,
        "iou": 0.8445001791472591,
        "precision": 0.9786173967199502,
        "recall": 0.860375981018434,
        "hd95": 6.193623568039104
      },
      "MYO": {
        "dice": 0.8218048557031608,
        "iou": 0.69751166407465,