{
  "summary": {
    "LV": {
      "dice": {
        "mean": 0.9053854373059125,
        "std": 0.03059145493253984,
        "n": 15
      },
      "iou": {
        "mean": 0.8284929055431968,
        "std": 0.048922239264647845,
        "n": 15
      },
      "precision": {
        "mean": 0.9488965995421419,
        "std": 0.04949295667400094,
        "n": 15
      },
      "recall": {
        "mean": 0.8716670702492169,
        "std": 0.06648898830185045,
        "n": 15
      },
      "hd95": {
        "mean": 5.443879222057486,
        "std": 0.8194943784499044,
        "n": 15
      }
    },
    "MYO": {
      "dice": {
        "mean": 0.7734933804274451,
        "std": 0.06106919613801285,
        "n": 15
      },
      "iou": {
        "mean": 0.6344634069207125,
        "std": 0.07684924953007037,
        "n": 15
      },
      "precision": {
        "mean": 0.7097033389656272,
        "std": 0.07992782388402947,
        "n": 15
      },
      "recall": {
        "mean": 0.857223526203807,
        "std": 0.07109891440911958,
        "n": 15
      },
      "hd95": {
        "mean": 7.127370247217289,
        "std": 1.234190461171936,
        "n": 15
      }
    },
    "MI": {
      "dice": {
        "mean": 0.32531696086786466,
        "std": 0.2562621395253556,
        "n": 14
      },
      "iou": {
        "mean": 0.22354053611049543,
        "std": 0.19280080352180748,
        "n": 14
      },
      "precision": {
        "mean": 0.34879587903985027,
        "std": 0.280417402720347,
        "n": 14
      },
      "recall": {
        "mean": 0.5139839551643789,
        "std": 0.24181334568229224,
        "n": 10
      },
      "hd95": {
        "mean": 96.61488607635991,
        "std": 133.36633255617448,
        "n": 15
      }
    },
    "MVO": {
      "dice": {
        "mean": 0.2398014440433213,
        "std": 0.21823894317469586,
        "n": 5
      },
      "iou": {
        "mean": 0.1546526705773387,
        "std": 0.14939464447219983,
        "n": 5
      },
      "precision": {
        "mean": 0.2975174244938599,
        "std": 0.2438233179471506,
        "n": 5
      },
      "recall": {
        "mean": 0.24209283151947442,
        "std": 0.2784074123423202,
        "n": 5
      },
      "hd95": {
        "mean": 45.214488259822694,
        "std": 106.14587557552315,
        "n": 15
      }
    },
    "MI_pathological": {
      "dice": {
        "mean": 0.4554437452150105,
        "std": 0.1807566535425676,
        "n": 10
      },
      "iou": {
        "mean": 0.31295675055469363,
        "std": 0.15510513161968087,
        "n": 10
      },
      "precision": {
        "mean": 0.4883142306557904,
        "std": 0.20483820716871523,
        "n": 10
      },
      "recall": {
        "mean": 0.5139839551643789,
        "std": 0.24181334568229224,
        "n": 10
      },
      "hd95": {
        "mean": 18.856949251549786,
        "std": 24.387246082177576,
        "n": 10
      }
    },
    "MVO_pathological": {
      "dice": {
        "mean": 0.23980144404332132,
        "std": 0.21823894317469586,
        "n": 5
      },
      "iou": {
        "mean": 0.1546526705773387,
        "std": 0.1493946444721998,
        "n": 5
      },
      "precision": {
        "mean": 0.2975174244938599,
        "std": 0.2438233179471506,
        "n": 5
      },
      "recall": {
        "mean": 0.24209283151947442,
        "std": 0.2784074123423202,
        "n": 5
      },
      "hd95": {
        "mean": 67.82173238973404,
        "std": 123.96434120783859,
        "n": 10
      }
    },
    "params_M": 16.058893,
    "inference_ms_mean": 59.319051106770836,
    "inference_ms_std": 52.4847155173521,
    "variant": "M5",
    "split": "test",
    "checkpoint": "E:\\Thesis Dataset 3\\checkpoints\\M5_best.pth",
    "hard_myo_mask": true
  },
  "per_case": [
    {
      "case": "Case_N012",
      "LV": {
        "dice": 0.9187698248517446,
        "iou": 0.8497448979591836,
        "precision": 0.9051630434782608,
        "recall": 0.9327919350322038,
        "hd95": 5.408326913195984
      },
      "MYO": {
        "dice": 0.8465315172632246,
        "iou": 0.7339008650281478,
        "precision": 0.833073566084788,
        "recall": 0.8604314230521571,
        "hd95": 9.12414379544733
      },
      "MI": {
        "dice": 0.0,
        "iou": 0.0,
        "precision": 0.0,
        "recall": NaN,
        "hd95": 315.1634496574753
      },
      "MVO": {
        "dice": NaN,
        "iou": NaN,
        "precision": NaN,
        "recall": NaN,
        "hd95": 0.0
      },
      "pathological": false
    },
    {
      "case": "Case_N023",
      "LV": {
        "dice": 0.9041009463722397,
        "iou": 0.824985607369027,
        "precision": 0.9788251366120219,
        "recall": 0.8399765533411488,
        "hd95": 5.408326913195984
      },
      "MYO": {
        "dice": 0.7921546493579794,
        "iou": 0.6558411214953271,
        "precision": 0.7350091647028018,
        "recall": 0.8589351285189718,
        "hd95": 6.009232921921316
      },
      "MI": {
        "dice": 0.0,
        "iou": 0.0,
        "precision": 0.0,
        "recall": NaN,
        "hd95": 315.1634496574753
      },
      "MVO": {
        "dice": NaN,
        "iou": NaN,
        "precision": NaN,
        "recall": NaN,
        "hd95": 0.0
      },
      "pathological": false
    },
    {
      "case": "Case_N024",
      "LV": {
        "dice": 0.916501976284585,
        "iou": 0.8458732330141359,
        "precision": 0.9406693711967545,
        "recall": 0.8935452793834296,
        "hd95": 5.408326913195984
      },
      "MYO": {
        "dice": 0.7340041279669762,
        "iou": 0.5797839820664357,
        "precision": 0.6195557491289199,
        "recall": 0.9003164556962026,
        "hd95": 6.747793735874365
      },
      "MI": {
        "dice": 0.0,
        "iou": 0.0,
        "precision": 0.0,
        "recall": NaN,
        "hd95": 315.1634496574753
      },
      "MVO": {
        "dice": NaN,
        "iou": NaN,
        "precision": NaN,
        "recall": NaN,
        "hd95": 0.0
      },
      "pathological": false
    },
    {
      "case": "Case_N054",
      "LV": {
        "dice": 0.9009084264383419,
        "iou": 0.8196845905377161,
        "precision": 0.9764599366229063,
        "recall": 0.8362085675518511,
        "hd95": 6.009232921921316
      },
      "MYO": {
        "dice": 0.8102121903795756,
        "iou": 0.6809720051158163,
        "precision": 0.7670882023371218,
        "recall": 0.8584736653529201,
        "hd95": 8.75910645015454
      },
      "MI": {
        "dice": 0.0,
        "iou": 0.0,
        "precision": 0.0,
        "recall": NaN,
        "hd95": 315.1634496574753
      },
      "MVO": {
        "dice": NaN,
        "iou": NaN,
        "precision": NaN,
        "recall": NaN,
        "hd95": 0.0
      },
      "pathological": false
    },
    {
      "case": "Case_N089",
      "LV": {
        "dice": 0.9315432673135717,
        "iou": 0.8718586713112715,
        "precision": 0.9954545454545455,
        "recall": 0.8753434923807145,
        "hd95": 4.743416490252569
      },
      "MYO": {
        "dice": 0.8539956354567183,
        "iou": 0.7451940515052593,
        "precision": 0.813341250989707,
        "recall": 0.8989280245022971,
        "hd95": 7.5
      },
      "MI": {
        "dice": NaN,
        "iou": NaN,
        "precision": NaN,
        "recall": NaN,
        "hd95": 0.0
      },
      "MVO": {
        "dice": NaN,
        "iou": NaN,
        "precision": NaN,
        "recall": NaN,
        "hd95": 0.0
      },
      "pathological": false
    },
    {
      "case": "Case_P007",
      "LV": {
        "dice": 0.9010576257783928,
        "iou": 0.8199316423817233,
        "precision": 0.9827511858559724,
        "recall": 0.8319036320496441,
        "hd95": 6.18465843842649
      },
      "MYO": {
        "dice": 0.801563840945933,
        "iou": 0.6688415022278803,
        "precision": 0.7748893805309734,