{
  "summary": {
    "LV": {
      "dice": {
        "mean": 0.918784295342279,
        "std": 0.024208017311607908,
        "n": 15
      },
      "iou": {
        "mean": 0.850681825875279,
        "std": 0.04075579450259333,
        "n": 15
      },
      "precision": {
        "mean": 0.9319697440725111,
        "std": 0.05356866386756595,
        "n": 15
      },
      "recall": {
        "mean": 0.9110277177931668,
        "std": 0.0521088125758497,
        "n": 15
      },
      "hd95": {
        "mean": 5.5711665383379145,
        "std": 0.8051082010747154,
        "n": 15
      }
    },
    "MYO": {
      "dice": {
        "mean": 0.7836434593892313,
        "std": 0.052268144813029084,
        "n": 15
      },
      "iou": {
        "mean": 0.6472600336128073,
        "std": 0.06998521343420833,
        "n": 15
      },
      "precision": {
        "mean": 0.7097423072001878,
        "std": 0.0659903893190086,
        "n": 15
      },
      "recall": {
        "mean": 0.8790950169883406,
        "std": 0.055898484115584526,
        "n": 15
      },
      "hd95": {
        "mean": 6.942899472389341,
        "std": 1.084210774706757,
        "n": 15
      }
    },
    "MI": {
      "dice": {
        "mean": 0.36717064875080224,
        "std": 0.23940051579093075,
        "n": 13
      },
      "iou": {
        "mean": 0.25048165473251155,
        "std": 0.17579821652903127,
        "n": 13
      },
      "precision": {
        "mean": 0.38322693131971464,
        "std": 0.2633459474330148,
        "n": 13
      },
      "recall": {
        "mean": 0.5961995162037211,
        "std": 0.24180182409528614,
        "n": 10
      },
      "hd95": {
        "mean": 76.15205116105122,
        "std": 121.05744860896165,
        "n": 15
      }
    },
    "MVO": {
      "dice": {
        "mean": 0.09112060334904923,
        "std": 0.13252582598468518,
        "n": 10
      },
      "iou": {
        "mean": 0.053257652525256695,
        "std": 0.07962220123440622,
        "n": 10
      },
      "precision": {
        "mean": 0.060040703031508616,
        "std": 0.09182802308808033,
        "n": 10
      },
      "recall": {
        "mean": 0.45749481103412337,
        "std": 0.3066886749445354,
        "n": 5
      },
      "hd95": {
        "mean": 136.1968757547779,
        "std": 148.0832691690416,
        "n": 15
      }
    },
    "params_M": 16.058893,
    "inference_ms_mean": 114.83155886332194,
    "inference_ms_std": 108.74409791436307,
    "variant": "M5",
    "split": "test",
    "checkpoint": "E:\\Thesis Dataset 3\\checkpoints\\M5_best.pth"
  },
  "per_case": [
    {
      "case": "Case_N012",
      "LV": {
        "dice": 0.9171957671957672,
        "iou": 0.8470559491815295,
        "precision": 0.8691401353722737,
        "recall": 0.9708765051806216,
        "hd95": 5.408326913195984
      },
      "MYO": {
        "dice": 0.841028044684009,
        "iou": 0.7256672957670531,
        "precision": 0.8169676733950524,
        "recall": 0.8665486155827431,
        "hd95": 7.648529270389178
      },
      "MI": {
        "dice": 0.0,
        "iou": 0.0,
        "precision": 0.0,
        "recall": NaN,
        "hd95": 315.1634496574753
      },
      "MVO": {
        "dice": 0.0,
        "iou": 0.0,
        "precision": 0.0,
        "recall": NaN,
        "hd95": 315.1634496574753
      }
    },
    {
      "case": "Case_N023",
      "LV": {
        "dice": 0.9239080104954468,
        "iou": 0.8585771658060815,
        "precision": 0.9758721878056733,
        "recall": 0.8771981242672919,
        "hd95": 4.743416490252569
      },
      "MYO": {
        "dice": 0.8230758639680573,
        "iou": 0.6993448759943847,
        "precision": 0.7481852315394243,
        "recall": 0.9146266829865362,
        "hd95": 7.5
      },
      "MI": {
        "dice": NaN,
        "iou": NaN,
        "precision": NaN,
        "recall": NaN,
        "hd95": 0.0
      },
      "MVO": {
        "dice": NaN,
        "iou": NaN,
        "precision": NaN,
        "recall": NaN,
        "hd95": 0.0
      }
    },
    {
      "case": "Case_N024",
      "LV": {
        "dice": 0.9161697649947387,
        "iou": 0.8453074433656957,
        "precision": 0.8902522154055896,
        "recall": 0.9436416184971098,
        "hd95": 6.708203932499369
      },
      "MYO": {
        "dice": 0.7168880975208876,
        "iou": 0.5587105038428694,
        "precision": 0.6319729533929003,
        "recall": 0.8281645569620253,
        "hd95": 7.648529270389178
      },
      "MI": {
        "dice": 0.0,
        "iou": 0.0,
        "precision": 0.0,
        "recall": NaN,
        "hd95": 315.1634496574753
      },
      "MVO": {
        "dice": NaN,
        "iou": NaN,
        "precision": NaN,
        "recall": NaN,
        "hd95": 0.0
      }
    },
    {
      "case": "Case_N054",
      "LV": {
        "dice": 0.9264472640761301,
        "iou": 0.8629732225300092,
        "precision": 0.9480624873199432,
        "recall": 0.905795696840473,
        "hd95": 6.18465843842649
      },
      "MYO": {
        "dice": 0.8293427607263377,
        "iou": 0.7084420041180508,
        "precision": 0.7518939393939394,
        "recall": 0.9245790039412397,
        "hd95": 8.098123918878578
      },
      "MI": {
        "dice": 0.0,
        "iou": 0.0,
        "precision": 0.0,
        "recall": NaN,
        "hd95": 315.1634496574753
      },
      "MVO": {
        "dice": NaN,
        "iou": NaN,
        "precision": NaN,
        "recall": NaN,
        "hd95": 0.0
      }
    },
    {
      "case": "Case_N089",
      "LV": {
        "dice": 0.9554480651731161,
        "iou": 0.9146965634901292,
        "precision": 0.974046197767973,
        "recall": 0.9375468398700975,
        "hd95": 6.0
      },
      "MYO": {
        "dice": 0.8656926952141057,
        "iou": 0.763190620003553,
        "precision": 0.8023907358983937,
        "recall": 0.9398381098227959,
        "hd95": 7.648529270389178
      },
      "MI": {
        "dice": NaN,
        "iou": NaN,
        "precision": NaN,
        "recall": NaN,
        "hd95": 0.0
      },
      "MVO": {
        "dice": NaN,
        "iou": NaN,
        "precision": NaN,
        "recall": NaN,
        "hd95": 0.0
      }
    },
    {
      "case": "Case_P007",
      "LV": {
        "dice": 0.9187030522011981,
        "iou": 0.8496306718255364,
        "precision": 0.9589122667725288,
        "recall": 0.8817302427450264,
        "hd95": 6.18465843842649
      },
      "MYO": {
        "dice": 0.8269911906275542,
        "iou": 0.7050170331371942,
        "precision": 0.76546738399462,
        "recall": 0.8992692079794589,
        "hd95": 8.74642784226795
      },
      "MI": {
        "dice": 0.3581081081081081,
        "iou": 0.21810699588477367,
        "precision": 0.8617886178861789,
        "recall": 0.2260127931769723,
        "hd95": 25.345607784789006
      },
      "MVO": {
        "dice": NaN,
        "iou": NaN,
        "precision": NaN,
        "recall": NaN,
        "hd95": 0.0
      }
    },
    {
      "case": "Case_P008",
      "LV": {
        "dice": 0.8644745612086203,
        "iou": 0.7612991586773625,
        "precision": 0.9966700819672131,
        "recall": 0.7632404864652805,
        "hd95": 6.18465843842649
      },
      "MYO": {
        "dice": 0.6868580458256518,
        "iou": 0.5230645808263137,
        "precision": 0.6370297997068881,
        "recall": 0.7451428571428571,
        "hd95": 7.648529270389178
      },
      "MI": {
        "dice": 0.46578366445916114,
        "iou": 0.3035971223021583,
        "precision": 0.4164473684210526,
        "recall": 0.5283806343906511,
        "hd95": 20.112185361118765
      },
      "MVO": {
        "dice": 0.08984375,
        "iou": 0.04703476482617587,
        "precision": 0.054245283018867926,
        "recall": 0.26136363636363635,
        "hd95": 100.32740127334753
      }
    },
    {
      "case": "Case_P021",
      "LV": {
        "dice": 0.9299615429437128,