{
  "summary": {
    "LV": {
      "dice": {
        "mean": 0.9040024228098091,
        "std": 0.035285282094679814,
        "n": 15
      },
      "iou": {
        "mean": 0.8266670498101224,
        "std": 0.05735140535835522,
        "n": 15
      },
      "precision": {
        "mean": 0.9362803764022942,
        "std": 0.07792582860039761,
        "n": 15
      },
      "recall": {
        "mean": 0.8828092057120143,
        "std": 0.0628855402936268,
        "n": 15
      },
      "hd95": {
        "mean": 5.621666428925301,
        "std": 0.9730706869977395,
        "n": 15
      }
    },
    "MYO": {
      "dice": {
        "mean": 0.7111204931431876,
        "std": 0.0786314222974536,
        "n": 15
      },
      "iou": {
        "mean": 0.5573807976444519,
        "std": 0.09284498789876977,
        "n": 15
      },
      "precision": {
        "mean": 0.6424351893802066,
        "std": 0.10432332239102199,
        "n": 15
      },
      "recall": {
        "mean": 0.8105406003709744,
        "std": 0.09057631416274585,
        "n": 15
      },
      "hd95": {
        "mean": 8.171675299748042,
        "std": 1.532175822636297,
        "n": 15
      }
    },
    "Infarct": {
      "dice": {
        "mean": 0.3511203111202014,
        "std": 0.24239052947929246,
        "n": 13
      },
      "iou": {
        "mean": 0.23893614486428574,
        "std": 0.1778368301561126,
        "n": 13
      },
      "precision": {
        "mean": 0.36068156167381726,
        "std": 0.2469039214581884,
        "n": 13
      },
      "recall": {
        "mean": 0.562461916652225,
        "std": 0.2566781438316249,
        "n": 10
      },
      "hd95": {
        "mean": 79.46146538058888,
        "std": 120.18942631794064,
        "n": 15
      }
    },
    "Infarct_pathological": {
      "dice": {
        "mean": 0.45645640445626184,
        "std": 0.1682194548557923,
        "n": 10
      },
      "iou": {
        "mean": 0.3106169883235715,
        "std": 0.13728959134672059,
        "n": 10
      },
      "precision": {
        "mean": 0.4688860301759624,
        "std": 0.1688622121067643,
        "n": 10
      },
      "recall": {
        "mean": 0.562461916652225,
        "std": 0.2566781438316249,
        "n": 10
      },
      "hd95": {
        "mean": 24.643163173640733,
        "std": 27.087792959129054,
        "n": 10
      }
    },
    "params_M": 16.663556,
    "inference_ms_mean": 45.887978871663414,
    "inference_ms_std": 19.98221613548572,
    "variant": "NNUNET",
    "split": "test",
    "checkpoint": "E:\\Thesis Dataset 3\\checkpoints\\NNUNET_best.pth",
    "hard_myo_mask": true
  },
  "per_case": [
    {
      "case": "Case_N012",
      "LV": {
        "dice": 0.941193101498445,
        "iou": 0.8889185580774366,
        "precision": 0.9503282900371111,
        "recall": 0.9322318678241389,
        "hd95": 6.0
      },
      "MYO": {
        "dice": 0.8107832298664852,
        "iou": 0.681779176201373,
        "precision": 0.8593834505137913,
        "recall": 0.7673857050869285,
        "hd95": 8.077747210701755
      },
      "Infarct": {
        "dice": 0.0,
        "iou": 0.0,
        "precision": 0.0,
        "recall": NaN,
        "hd95": 315.1634496574753
      },
      "pathological": false
    },
    {
      "case": "Case_N023",
      "LV": {
        "dice": 0.9260479041916168,
        "iou": 0.8622804572065793,
        "precision": 0.9464504283965728,
        "recall": 0.9065064478311841,
        "hd95": 4.743416490252569
      },
      "MYO": {
        "dice": 0.7662524525833878,
        "iou": 0.6210771840542832,
        "precision": 0.6691798035183916,
        "recall": 0.8962668298653611,
        "hd95": 8.077747210701755
      },
      "Infarct": {
        "dice": NaN,
        "iou": NaN,
        "precision": NaN,
        "recall": NaN,
        "hd95": 0.0
      },
      "pathological": false
    },
    {
      "case": "Case_N024",
      "LV": {
        "dice": 0.914175506268081,
        "iou": 0.8419182948490231,
        "precision": 0.915057915057915,
        "recall": 0.9132947976878613,
        "hd95": 6.0
      },
      "MYO": {
        "dice": 0.680312415836251,
        "iou": 0.5155102040816326,
        "precision": 0.5921237693389592,
        "recall": 0.799367088607595,
        "hd95": 6.747793735874365
      },
      "Infarct": {
        "dice": 0.0,
        "iou": 0.0,
        "precision": 0.0,
        "recall": NaN,
        "hd95": 315.1634496574753
      },
      "pathological": false
    },
    {
      "case": "Case_N054",
      "LV": {
        "dice": 0.9216812821288176,
        "iou": 0.854739203589456,
        "precision": 0.9601007979840404,
        "recall": 0.8862182593525877,
        "hd95": 6.18465843842649
      },
      "MYO": {
        "dice": 0.8185532323960586,
        "iou": 0.692839707078926,
        "precision": 0.7403274887697435,
        "recall": 0.915263346470799,
        "hd95": 8.077747210701755
      },
      "Infarct": {
        "dice": 0.0,
        "iou": 0.0,
        "precision": 0.0,
        "recall": NaN,
        "hd95": 315.1634496574753
      },
      "pathological": false
    },
    {
      "case": "Case_N089",
      "LV": {
        "dice": 0.9284679225398498,
        "iou": 0.8664863535775756,
        "precision": 0.9821627647714605,
        "recall": 0.8803397451911067,
        "hd95": 5.408326913195984
      },
      "MYO": {
        "dice": 0.8263138278046962,
        "iou": 0.7040330263575738,
        "precision": 0.7196883622788508,
        "recall": 0.9700284401662655,
        "hd95": 8.077747210701755
      },
      "Infarct": {
        "dice": NaN,
        "iou": NaN,
        "precision": NaN,
        "recall": NaN,
        "hd95": 0.0
      },
      "pathological": false
    },
    {
      "case": "Case_P007",
      "LV": {
        "dice": 0.8789046653144016,
        "iou": 0.7839696037633436,
        "precision": 0.9890435973522027,
        "recall": 0.7908377441138894,
        "hd95": 7.5
      },
      "MYO": {
        "dice": 0.7494561993276646,
        "iou": 0.599304237824162,
        "precision": 0.6865942028985508,
        "recall": 0.8249891162385721,
        "hd95": 9.006207189772361
      },
      "Infarct": {
        "dice": 0.4823386114494519,
        "iou": 0.31781701444622795,
        "precision": 0.5625,
        "recall": 0.42217484008528783,
        "hd95": 35.693308254504586
      },
      "pathological": true
    },
    {
      "case": "Case_P008",
      "LV": {
        "dice": 0.8493860538470204,
        "iou": 0.7382024672018798,
        "precision": 0.997618417570786,
        "recall": 0.7395056885052962,
        "hd95": 6.363961030678928
      },
      "MYO": {
        "dice": 0.6685739436619719,
        "iou": 0.5021487603305785,
        "precision": 0.651931330472103,
        "recall": 0.6860885275519422,
        "hd95": 10.111874208078342
      },
      "Infarct": {
        "dice": 0.549482163406214,
        "iou": 0.378817929393098,
        "precision": 0.4360730593607306,
        "recall": 0.7426127527216174,
        "hd95": 20.28758721615262
      },
      "pathological": true
    },
    {
      "case": "Case_P021",
      "LV": {
        "dice": 0.8922651933701657,
        "iou": 0.8054862842892768,
        "precision": 0.965226840532464,
        "recall": 0.829558720522998,
        "hd95": 6.0
      },
      "MYO": {
        "dice": 0.7418367346938776,
        "iou": 0.5896188158961881,
        "precision": 0.7232031832877394,
        "recall": 0.7614558785022257,
        "hd95": 8.14820149919186
      },
      "Infarct": {
        "dice": 0.3697478991596639,
        "iou": 0.2268041237113402,
        "precision": 0.3151862464183381,
        "recall": 0.44715447154471544,
        "hd95": 100.03599291545996
      },
      "pathological": true
    },
    {
      "case": "Case_P035",
      "LV": {
        "dice": 0.9291184617891478,
        "iou": 0.867620206938527,
        "precision": 0.9882149046793761,