{
  "summary": {
    "LV": {
      "dice": {
        "mean": 0.8963711238301754,
        "std": 0.03075154296972131,
        "n": 21
      },
      "iou": {
        "mean": 0.8135778906949488,
        "std": 0.0493527061075728,
        "n": 21
      },
      "precision": {
        "mean": 0.881860410381275,
        "std": 0.07706689392577906,
        "n": 21
      },
      "recall": {
        "mean": 0.9208582004963255,
        "std": 0.05735444647288345,
        "n": 21
      },
      "hd95": {
        "mean": 5.3119127911288855,
        "std": 1.0870048332880802,
        "n": 21
      }
    },
    "MYO": {
      "dice": {
        "mean": 0.6693511040325026,
        "std": 0.09336973527904047,
        "n": 21
      },
      "iou": {
        "mean": 0.5104841117506882,
        "std": 0.1064460606086502,
        "n": 21
      },
      "precision": {
        "mean": 0.5733962424718753,
        "std": 0.12538882290732573,
        "n": 21
      },
      "recall": {
        "mean": 0.8286159251851931,
        "std": 0.07129015895348705,
        "n": 21
      },
      "hd95": {
        "mean": 8.802197573886783,
        "std": 2.4896418063763464,
        "n": 21
      }
    },
    "Infarct": {
      "dice": {
        "mean": 0.5464880513393086,
        "std": 0.3481934695400523,
        "n": 21
      },
      "iou": {
        "mean": 0.46741842906947834,
        "std": 0.3871606806262122,
        "n": 21
      },
      "precision": {
        "mean": 0.566808009469853,
        "std": 0.3383920874653794,
        "n": 21
      },
      "recall": {
        "mean": 0.5880453595960465,
        "std": 0.37266620595189365,
        "n": 21
      },
      "hd95": {
        "mean": 27.72393471263032,
        "std": 65.50856164570389,
        "n": 21
      }
    },
    "Infarct_pathological": {
      "dice": {
        "mean": 0.31973207700896283,
        "std": 0.1661421760480938,
        "n": 14
      },
      "iou": {
        "mean": 0.2011276436042173,
        "std": 0.11003518375188429,
        "n": 14
      },
      "precision": {
        "mean": 0.3502120142047796,
        "std": 0.17613157523329614,
        "n": 14
      },
      "recall": {
        "mean": 0.3820680393940699,
        "std": 0.2846755737240303,
        "n": 14
      },
      "hd95": {
        "mean": 41.58590206894548,
        "std": 76.55452342200844,
        "n": 14
      }
    },
    "params_M": 16.663556,
    "inference_ms_mean": 22.705543608892533,
    "inference_ms_std": 0.9202373985122763,
    "variant": "NNUNET",
    "split": "fold1_test",
    "fold": 1,
    "n_cases": 21,
    "checkpoint": "E:\\Thesis Dataset 3\\checkpoints\\NNUNET_fold1_best.pth",
    "hard_myo_mask": true,
    "mi_voxel_suppression": true,
    "primary_metric": "MI_pathological",
    "protocol": "5-fold-cv"
  },
  "per_case": [
    {
      "case": "Case_N012",
      "fold": 1,
      "LV": {
        "dice": 0.9078726968174204,
        "iou": 0.8312883435582822,
        "precision": 0.8408114558472554,
        "recall": 0.9865583870064407,
        "hd95": 4.77666201139971
      },
      "MYO": {
        "dice": 0.8130499104570583,
        "iou": 0.6849908160587772,
        "precision": 0.7873623887799729,
        "recall": 0.8404700579523503,
        "hd95": 9.12414379544733
      },
      "Infarct": {
        "dice": 1.0,
        "iou": 1.0,
        "precision": 1.0,
        "recall": 1.0,
        "hd95": 0.0
      },
      "pathological": false
    },
    {
      "case": "Case_N013",
      "fold": 1,
      "LV": {
        "dice": 0.9250739401906014,
        "iou": 0.8605930907979211,
        "precision": 0.9700206753962785,
        "recall": 0.884108040201005,
        "hd95": 4.743416490252569
      },
      "MYO": {
        "dice": 0.7413237924865832,
        "iou": 0.5889710062535531,
        "precision": 0.6095312806432633,
        "recall": 0.945830797321972,
        "hd95": 6.381173175769934
      },
      "Infarct": {
        "dice": 1.0,
        "iou": 1.0,
        "precision": 1.0,
        "recall": 1.0,
        "hd95": 0.0
      },
      "pathological": false
    },
    {
      "case": "Case_N016",
      "fold": 1,
      "LV": {
        "dice": 0.9032412965186074,
        "iou": 0.8235551663747811,
        "precision": 0.9225110348209907,
        "recall": 0.8847601128880527,
        "hd95": 3.3541019662496847
      },
      "MYO": {
        "dice": 0.7289572864321608,
        "iou": 0.5735112428959723,
        "precision": 0.6034841393655747,
        "recall": 0.9203013481363996,
        "hd95": 5.408326913195984
      },
      "Infarct": {
        "dice": 1.0,
        "iou": 1.0,
        "precision": 1.0,
        "recall": 1.0,
        "hd95": 0.0
      },
      "pathological": false
    },
    {
      "case": "Case_N018",
      "fold": 1,
      "LV": {
        "dice": 0.9026068821689259,
        "iou": 0.822500950209046,
        "precision": 0.9077181208053692,
        "recall": 0.8975528826213189,
        "hd95": 7.5
      },
      "MYO": {
        "dice": 0.7801131088039166,
        "iou": 0.6394962634929422,
        "precision": 0.7269152115777883,
        "recall": 0.841712204007286,
        "hd95": 8.48528137423857
      },
      "Infarct": {
        "dice": 1.0,
        "iou": 1.0,
        "precision": 1.0,
        "recall": 1.0,
        "hd95": 0.0
      },
      "pathological": false
    },
    {
      "case": "Case_N048",
      "fold": 1,
      "LV": {
        "dice": 0.9101247248716068,
        "iou": 0.8350723662066645,
        "precision": 0.9849146486701071,
        "recall": 0.845891578588476,
        "hd95": 4.743416490252569
      },
      "MYO": {
        "dice": 0.7986612279050308,
        "iou": 0.6648093331011666,
        "precision": 0.7558899227875668,
        "recall": 0.8465631929046563,
        "hd95": 6.708203932499369
      },
      "Infarct": {
        "dice": 1.0,
        "iou": 1.0,
        "precision": 1.0,
        "recall": 1.0,
        "hd95": 0.0
      },
      "pathological": false
    },
    {
      "case": "Case_N052",
      "fold": 1,
      "LV": {
        "dice": 0.8910065515187612,
        "iou": 0.80343716433942,
        "precision": 0.8607594936708861,
        "recall": 0.9234567901234568,
        "hd95": 6.18465843842649
      },
      "MYO": {
        "dice": 0.7758856621559982,
        "iou": 0.6338343062973544,
        "precision": 0.7173179645768907,
        "recall": 0.8448675496688741,
        "hd95": 9.492725649287339
      },
      "Infarct": {
        "dice": 1.0,
        "iou": 1.0,
        "precision": 1.0,
        "recall": 1.0,
        "hd95": 0.0
      },
      "pathological": false
    },
    {
      "case": "Case_N065",
      "fold": 1,
      "LV": {
        "dice": 0.8725642352129678,
        "iou": 0.7739369837870909,
        "precision": 0.9394727070181953,
        "recall": 0.8145524790727624,
        "hd95": 5.408326913195984
      },
      "MYO": {
        "dice": 0.6652929055048572,
        "iou": 0.4984561093956771,
        "precision": 0.5323910482921084,
        "recall": 0.8866222047861907,
        "hd95": 6.708203932499369
      },
      "Infarct": {
        "dice": 1.0,
        "iou": 1.0,
        "precision": 1.0,
        "recall": 1.0,
        "hd95": 0.0
      },
      "pathological": false
    },
    {
      "case": "Case_P002",
      "fold": 1,
      "LV": {
        "dice": 0.9129720853858785,
        "iou": 0.8398791540785498,
        "precision": 0.9083404987102321,
        "recall": 0.9176511466296039,
        "hd95": 6.708203932499369
      },
      "MYO": {
        "dice": 0.7737307722961664,
        "iou": 0.6309632133108021,
        "precision": 0.7491896897669393,
        "recall": 0.7999340804218853,
        "hd95": 10.44030650891055
      },
      "Infarct": {
        "dice": 0.3559008509064003,
        "iou": 0.21647164716471648,
        "precision": 0.4893184130213632,
        "recall": 0.2796511627906977,
        "hd95": 11.423659658795863
      },
      "pathological": true
    },
    {
      "case": "Case_P005",