{
  "summary": {
    "LV": {
      "dice": {
        "mean": 0.8952028435485078,
        "std": 0.04812635116095425,
        "n": 19
      },
      "iou": {
        "mean": 0.8135926985642822,
        "std": 0.07592354905826729,
        "n": 19
      },
      "precision": {
        "mean": 0.9344187516882392,
        "std": 0.05697621359598574,
        "n": 19
      },
      "recall": {
        "mean": 0.8647080206972378,
        "std": 0.07631556269169576,
        "n": 19
      },
      "hd95": {
        "mean": 6.070876551336032,
        "std": 1.3918166142630624,
        "n": 19
      }
    },
    "MYO": {
      "dice": {
        "mean": 0.6922656864392579,
        "std": 0.0911218985872379,
        "n": 19
      },
      "iou": {
        "mean": 0.5366099228947263,
        "std": 0.10427531770105261,
        "n": 19
      },
      "precision": {
        "mean": 0.6161507571677161,
        "std": 0.09724967786196852,
        "n": 19
      },
      "recall": {
        "mean": 0.8064557736060728,
        "std": 0.13304437731578178,
        "n": 19
      },
      "hd95": {
        "mean": 11.150902649615707,
        "std": 6.038920970711082,
        "n": 19
      }
    },
    "Infarct": {
      "dice": {
        "mean": 0.5188641471729958,
        "std": 0.321899019667652,
        "n": 19
      },
      "iou": {
        "mean": 0.4269758911739994,
        "std": 0.3580916801231919,
        "n": 19
      },
      "precision": {
        "mean": 0.4825934136936578,
        "std": 0.3368663096601439,
        "n": 19
      },
      "recall": {
        "mean": 0.6827721851916566,
        "std": 0.27802792475041,
        "n": 18
      },
      "hd95": {
        "mean": 29.67625042989429,
        "std": 68.243898013388,
        "n": 19
      }
    },
    "Infarct_pathological": {
      "dice": {
        "mean": 0.37372452279130147,
        "std": 0.1436422943511303,
        "n": 13
      },
      "iou": {
        "mean": 0.23942630248507607,
        "std": 0.10919241701854351,
        "n": 13
      },
      "precision": {
        "mean": 0.3207134507830383,
        "std": 0.13699759382927965,
        "n": 13
      },
      "recall": {
        "mean": 0.5607614871884474,
        "std": 0.2311672915617566,
        "n": 13
      },
      "hd95": {
        "mean": 19.12963911619355,
        "std": 9.343938602295912,
        "n": 13
      }
    },
    "params_M": 16.663556,
    "inference_ms_mean": 23.124581889102334,
    "inference_ms_std": 1.5196016173716462,
    "variant": "NNUNET",
    "split": "fold3_test",
    "fold": 3,
    "n_cases": 19,
    "checkpoint": "E:\\Thesis Dataset 3\\checkpoints\\NNUNET_fold3_best.pth",
    "hard_myo_mask": true,
    "mi_voxel_suppression": true,
    "primary_metric": "MI_pathological",
    "protocol": "5-fold-cv"
  },
  "per_case": [
    {
      "case": "Case_N027",
      "fold": 3,
      "LV": {
        "dice": 0.9105772439105773,
        "iou": 0.8358346094946402,
        "precision": 0.8763648041104688,
        "recall": 0.9475694444444445,
        "hd95": 4.743416490252569
      },
      "MYO": {
        "dice": 0.7696073431922489,
        "iou": 0.6254973474801061,
        "precision": 0.67375,
        "recall": 0.8972651605231867,
        "hd95": 7.669990167404787
      },
      "Infarct": {
        "dice": 0.0,
        "iou": 0.0,
        "precision": 0.0,
        "recall": NaN,
        "hd95": 315.1634496574753
      },
      "pathological": false
    },
    {
      "case": "Case_N040",
      "fold": 3,
      "LV": {
        "dice": 0.9162378502001144,
        "iou": 0.8454233711421788,
        "precision": 0.9423698912084681,
        "recall": 0.8915159944367177,
        "hd95": 4.743416490252569
      },
      "MYO": {
        "dice": 0.7847758887171561,
        "iou": 0.6457869634340223,
        "precision": 0.7747472820904062,
        "recall": 0.7950675278919553,
        "hd95": 9.142278254700203
      },
      "Infarct": {
        "dice": 1.0,
        "iou": 1.0,
        "precision": 1.0,
        "recall": 1.0,
        "hd95": 0.0
      },
      "pathological": false
    },
    {
      "case": "Case_N049",
      "fold": 3,
      "LV": {
        "dice": 0.9384349827387802,
        "iou": 0.884010840108401,
        "precision": 0.9168071950534008,
        "recall": 0.9611078373600471,
        "hd95": 4.743416490252569
      },
      "MYO": {
        "dice": 0.7310933812787954,
        "iou": 0.5761601133545873,
        "precision": 0.6081510562722005,
        "recall": 0.9163380281690141,
        "hd95": 7.648529270389178
      },
      "Infarct": {
        "dice": 1.0,
        "iou": 1.0,
        "precision": 1.0,
        "recall": 1.0,
        "hd95": 0.0
      },
      "pathological": false
    },
    {
      "case": "Case_N079",
      "fold": 3,
      "LV": {
        "dice": 0.931861600509446,
        "iou": 0.8724165341812401,
        "precision": 0.9457130547177941,
        "recall": 0.9184100418410042,
        "hd95": 6.0
      },
      "MYO": {
        "dice": 0.7547104878258625,
        "iou": 0.6060522315876744,
        "precision": 0.6292682926829268,
        "recall": 0.9426176660219213,
        "hd95": 8.077747210701755
      },
      "Infarct": {
        "dice": 1.0,
        "iou": 1.0,
        "precision": 1.0,
        "recall": 1.0,
        "hd95": 0.0
      },
      "pathological": false
    },
    {
      "case": "Case_N084",
      "fold": 3,
      "LV": {
        "dice": 0.9295654035538429,
        "iou": 0.8684,
        "precision": 0.9757303370786516,
        "recall": 0.8875715453802125,
        "hd95": 6.193623568039104
      },
      "MYO": {
        "dice": 0.8385988498020763,
        "iou": 0.7220578778135048,
        "precision": 0.7817852666759504,
        "recall": 0.9043170103092784,
        "hd95": 9.604686356149273
      },
      "Infarct": {
        "dice": 1.0,
        "iou": 1.0,
        "precision": 1.0,
        "recall": 1.0,
        "hd95": 0.0
      },
      "pathological": false
    },
    {
      "case": "Case_N089",
      "fold": 3,
      "LV": {
        "dice": 0.9226701916721745,
        "iou": 0.8564417177914111,
        "precision": 0.9797866367209432,
        "recall": 0.8718461154134399,
        "hd95": 5.408326913195984
      },
      "MYO": {
        "dice": 0.7726643598615917,
        "iou": 0.6295460952917958,
        "precision": 0.6390041493775933,
        "recall": 0.9770290964777948,
        "hd95": 7.5
      },
      "Infarct": {
        "dice": 1.0,
        "iou": 1.0,
        "precision": 1.0,
        "recall": 1.0,
        "hd95": 0.0
      },
      "pathological": false
    },
    {
      "case": "Case_P008",
      "fold": 3,
      "LV": {
        "dice": 0.8593715177178516,
        "iou": 0.7534193044157874,
        "precision": 0.9948400412796697,
        "recall": 0.7563750490388388,
        "hd95": 6.381173175769934
      },
      "MYO": {
        "dice": 0.6719930900453466,
        "iou": 0.5060162601626016,
        "precision": 0.643773272652048,
        "recall": 0.7028003613369467,
        "hd95": 19.066631260533544
      },
      "Infarct": {
        "dice": 0.49965461662445315,
        "iou": 0.33302639656230815,
        "precision": 0.3549231272489369,
        "recall": 0.843701399688958,
        "hd95": 20.28758721615262
      },
      "pathological": true
    },
    {
      "case": "Case_P011",
      "fold": 3,
      "LV": {
        "dice": 0.830755334763464,
        "iou": 0.7105059868675164,
        "precision": 0.9580729166666667,
        "recall": 0.7333067570261113,
        "hd95": 8.74642784226795
      },
      "MYO": {
        "dice": 0.6640471512770137,
        "iou": 0.4970588235294118,
        "precision": 0.6757297081167533,
        "recall": 0.6527616840478949,
        "hd95": 10.111874208078342
      },
      "Infarct": {
        "dice": 0.22841225626740946,
        "iou": 0.1289308176100629,
        "precision": 0.19133333333333333,
        "recall": 0.2833168805528134,
        "hd95": 21.118754684748666
      },