{
  "summary": {
    "LV": {
      "dice": {
        "mean": 0.8951923022745314,
        "std": 0.03626443652154002,
        "n": 21
      },
      "iou": {
        "mean": 0.8122042386933144,
        "std": 0.05894710137062266,
        "n": 21
      },
      "precision": {
        "mean": 0.8929871237295588,
        "std": 0.06676419393075664,
        "n": 21
      },
      "recall": {
        "mean": 0.9051563285252286,
        "std": 0.06590041093491687,
        "n": 21
      },
      "hd95": {
        "mean": 5.373456957750483,
        "std": 0.9909015286545532,
        "n": 21
      }
    },
    "MYO": {
      "dice": {
        "mean": 0.6769651014519616,
        "std": 0.08388678209290568,
        "n": 21
      },
      "iou": {
        "mean": 0.5178646123164635,
        "std": 0.09779047847693541,
        "n": 21
      },
      "precision": {
        "mean": 0.5710387239518642,
        "std": 0.09851755811349937,
        "n": 21
      },
      "recall": {
        "mean": 0.8414637561420736,
        "std": 0.07078476375245782,
        "n": 21
      },
      "hd95": {
        "mean": 8.766675070968505,
        "std": 2.3381362967672104,
        "n": 21
      }
    },
    "Infarct": {
      "dice": {
        "mean": 0.38688189407210594,
        "std": 0.32489544328352665,
        "n": 21
      },
      "iou": {
        "mean": 0.3020124871472569,
        "std": 0.31761890017355626,
        "n": 21
      },
      "precision": {
        "mean": 0.38386805931064927,
        "std": 0.32516545302003524,
        "n": 21
      },
      "recall": {
        "mean": 0.5100509970131736,
        "std": 0.3187330557522921,
        "n": 17
      },
      "hd95": {
        "mean": 78.19937602798883,
        "std": 116.06112326855474,
        "n": 21
      }
    },
    "Infarct_pathological": {
      "dice": {
        "mean": 0.3660371268224446,
        "std": 0.18596526837741645,
        "n": 14
      },
      "iou": {
        "mean": 0.23873301643517117,
        "std": 0.1298491231720389,
        "n": 14
      },
      "precision": {
        "mean": 0.36151637468025954,
        "std": 0.1861480183813441,
        "n": 14
      },
      "recall": {
        "mean": 0.40506192494456794,
        "std": 0.2467756331973528,
        "n": 14
      },
      "hd95": {
        "mean": 27.25236413984743,
        "std": 15.995943099697634,
        "n": 14
      }
    },
    "params_M": 16.663556,
    "inference_ms_mean": 23.312001001267205,
    "inference_ms_std": 2.0567456654620386,
    "variant": "NNUNET",
    "split": "fold0_test",
    "fold": 0,
    "n_cases": 21,
    "checkpoint": "E:\\Thesis Dataset 3\\checkpoints\\NNUNET_fold0_best.pth",
    "hard_myo_mask": true,
    "mi_voxel_suppression": true,
    "primary_metric": "MI_pathological",
    "protocol": "5-fold-cv"
  },
  "per_case": [
    {
      "case": "Case_N020",
      "fold": 0,
      "LV": {
        "dice": 0.9314443510625525,
        "iou": 0.871685393258427,
        "precision": 0.9521354933726067,
        "recall": 0.9116333725029377,
        "hd95": 4.77666201139971
      },
      "MYO": {
        "dice": 0.8088879616106822,
        "iou": 0.6791031704326502,
        "precision": 0.7305445637836819,
        "recall": 0.9060528160785231,
        "hd95": 7.5
      },
      "Infarct": {
        "dice": 0.0,
        "iou": 0.0,
        "precision": 0.0,
        "recall": NaN,
        "hd95": 315.1634496574753
      },
      "pathological": false
    },
    {
      "case": "Case_N032",
      "fold": 0,
      "LV": {
        "dice": 0.9312643199333472,
        "iou": 0.8713701032937049,
        "precision": 0.9375131054728455,
        "recall": 0.9250982826401821,
        "hd95": 6.18465843842649
      },
      "MYO": {
        "dice": 0.7690886699507389,
        "iou": 0.6248124062031015,
        "precision": 0.661897191308956,
        "recall": 0.9177075679647319,
        "hd95": 9.486832980505138
      },
      "Infarct": {
        "dice": 1.0,
        "iou": 1.0,
        "precision": 1.0,
        "recall": 1.0,
        "hd95": 0.0
      },
      "pathological": false
    },
    {
      "case": "Case_N042",
      "fold": 0,
      "LV": {
        "dice": 0.8506392266916121,
        "iou": 0.7400976668475312,
        "precision": 0.8487865588052271,
        "recall": 0.8525,
        "hd95": 3.3985289022931244
      },
      "MYO": {
        "dice": 0.590103201905266,
        "iou": 0.41854354354354356,
        "precision": 0.4620803978450062,
        "recall": 0.8162518301610542,
        "hd95": 9.627567333279242
      },
      "Infarct": {
        "dice": 0.0,
        "iou": 0.0,
        "precision": 0.0,
        "recall": NaN,
        "hd95": 315.1634496574753
      },
      "pathological": false
    },
    {
      "case": "Case_N046",
      "fold": 0,
      "LV": {
        "dice": 0.9138644128753821,
        "iou": 0.8413907284768212,
        "precision": 0.8584459459459459,
        "recall": 0.9769319492502884,
        "hd95": 4.743416490252569
      },
      "MYO": {
        "dice": 0.7473419138220482,
        "iou": 0.5966048693321421,
        "precision": 0.6599950580677044,
        "recall": 0.8613350532086423,
        "hd95": 8.077747210701755
      },
      "Infarct": {
        "dice": 1.0,
        "iou": 1.0,
        "precision": 1.0,
        "recall": 1.0,
        "hd95": 0.0
      },
      "pathological": false
    },
    {
      "case": "Case_N054",
      "fold": 0,
      "LV": {
        "dice": 0.9297222496787585,
        "iou": 0.8686738086442556,
        "precision": 0.9485679709560306,
        "recall": 0.9116107772824191,
        "hd95": 6.363961030678928
      },
      "MYO": {
        "dice": 0.8366674700731099,
        "iou": 0.7191988950276244,
        "precision": 0.7584850691915513,
        "recall": 0.9328197778573988,
        "hd95": 8.48528137423857
      },
      "Infarct": {
        "dice": 1.0,
        "iou": 1.0,
        "precision": 1.0,
        "recall": 1.0,
        "hd95": 0.0
      },
      "pathological": false
    },
    {
      "case": "Case_N070",
      "fold": 0,
      "LV": {
        "dice": 0.8732351135666053,
        "iou": 0.7749931898665214,
        "precision": 0.7982603815937149,
        "recall": 0.9637533875338753,
        "hd95": 4.77666201139971
      },
      "MYO": {
        "dice": 0.7440992629909506,
        "iou": 0.592482543455653,
        "precision": 0.6976906927921623,
        "recall": 0.7971217269638217,
        "hd95": 8.74642784226795
      },
      "Infarct": {
        "dice": 0.0,
        "iou": 0.0,
        "precision": 0.0,
        "recall": NaN,
        "hd95": 315.1634496574753
      },
      "pathological": false
    },
    {
      "case": "Case_N083",
      "fold": 0,
      "LV": {
        "dice": 0.8297811059907834,
        "iou": 0.70908195914349,
        "precision": 0.7127659574468085,
        "recall": 0.99276361130255,
        "hd95": 6.363961030678928
      },
      "MYO": {
        "dice": 0.7121951219512195,
        "iou": 0.553030303030303,
        "precision": 0.6549110595514308,
        "recall": 0.7804608294930876,
        "hd95": 8.48528137423857
      },
      "Infarct": {
        "dice": 0.0,
        "iou": 0.0,
        "precision": 0.0,
        "recall": NaN,
        "hd95": 315.1634496574753
      },
      "pathological": false
    },
    {
      "case": "Case_P003",
      "fold": 0,
      "LV": {
        "dice": 0.8695022624434389,
        "iou": 0.7691322446365674,
        "precision": 0.7841984982043748,
        "recall": 0.9756295694557271,
        "hd95": 5.408326913195984
      },
      "MYO": {
        "dice": 0.6046788854120101,
        "iou": 0.4333618111917984,
        "precision": 0.48505857040401623,
        "recall": 0.8026107594936709,
        "hd95": 8.498338697640026
      },
      "Infarct": {
        "dice": 0.0,
        "iou": 0.0,
        "precision": 0.0,
        "recall": 0.0,
        "hd95": 50.05172067479476
      },
      "pathological": true
    },
    {
      "case": "Case_P029",