{
  "summary": {
    "LV": {
      "dice": {
        "mean": 0.9021250602584615,
        "std": 0.037836932812381714,
        "n": 19
      },
      "iou": {
        "mean": 0.8237902126580121,
        "std": 0.060657402706456885,
        "n": 19
      },
      "precision": {
        "mean": 0.9510230903660976,
        "std": 0.032929552808206745,
        "n": 19
      },
      "recall": {
        "mean": 0.8624046082348066,
        "std": 0.07107230768045104,
        "n": 19
      },
      "hd95": {
        "mean": 5.923701377173908,
        "std": 1.2956699301471006,
        "n": 19
      }
    },
    "MYO": {
      "dice": {
        "mean": 0.7084360941194363,
        "std": 0.09104079975222841,
        "n": 19
      },
      "iou": {
        "mean": 0.5559877583865318,
        "std": 0.10640971715616288,
        "n": 19
      },
      "precision": {
        "mean": 0.6441224150103235,
        "std": 0.0876584038360623,
        "n": 19
      },
      "recall": {
        "mean": 0.80430449406256,
        "std": 0.13823326435856323,
        "n": 19
      },
      "hd95": {
        "mean": 13.037891430513094,
        "std": 8.800406797963756,
        "n": 19
      }
    },
    "Infarct": {
      "dice": {
        "mean": 0.5435023112139532,
        "std": 0.3047514267160815,
        "n": 19
      },
      "iou": {
        "mean": 0.4444196066707994,
        "std": 0.3461833833744317,
        "n": 19
      },
      "precision": {
        "mean": 0.47506943932571066,
        "std": 0.3289279919986621,
        "n": 19
      },
      "recall": {
        "mean": 0.7810114618632811,
        "std": 0.22213380710785904,
        "n": 18
      },
      "hd95": {
        "mean": 25.903967354532437,
        "std": 68.78339187691681,
        "n": 19
      }
    },
    "Infarct_pathological": {
      "dice": {
        "mean": 0.40973414715885464,
        "std": 0.12235785024125667,
        "n": 13
      },
      "iou": {
        "mean": 0.2649209635957837,
        "std": 0.09499076564803441,
        "n": 13
      },
      "precision": {
        "mean": 0.30971687286065414,
        "std": 0.086285879306145,
        "n": 13
      },
      "recall": {
        "mean": 0.6967851010414662,
        "std": 0.20684047575982434,
        "n": 13
      },
      "hd95": {
        "mean": 13.616302313741611,
        "std": 8.334321900688735,
        "n": 13
      }
    },
    "params_M": 4.700948,
    "inference_ms_mean": 15.298554771824888,
    "inference_ms_std": 0.8700413754448215,
    "variant": "SEGRESNET",
    "split": "fold3_test",
    "fold": 3,
    "n_cases": 19,
    "checkpoint": "E:\\Thesis Dataset 3\\checkpoints\\SEGRESNET_fold3_best.pth",
    "hard_myo_mask": true,
    "mi_voxel_suppression": true,
    "primary_metric": "MI_pathological",
    "protocol": "5-fold-cv"
  },
  "per_case": [
    {
      "case": "Case_N027",
      "fold": 3,
      "LV": {
        "dice": 0.9111915847559924,
        "iou": 0.8368704466265442,
        "precision": 0.9051044878383008,
        "recall": 0.9173611111111111,
        "hd95": 4.743416490252569
      },
      "MYO": {
        "dice": 0.787938166775528,
        "iou": 0.6500808334830249,
        "precision": 0.7265609315398515,
        "recall": 0.8606420927467301,
        "hd95": 8.498338697640026
      },
      "Infarct": {
        "dice": 1.0,
        "iou": 1.0,
        "precision": 1.0,
        "recall": 1.0,
        "hd95": 0.0
      },
      "pathological": false
    },
    {
      "case": "Case_N040",
      "fold": 3,
      "LV": {
        "dice": 0.9294800884955752,
        "iou": 0.8682510979075174,
        "precision": 0.9241132801759692,
        "recall": 0.9349095966620306,
        "hd95": 5.408326913195984
      },
      "MYO": {
        "dice": 0.8292126950727687,
        "iou": 0.7082522090759323,
        "precision": 0.7509925361283151,
        "recall": 0.9256214523390096,
        "hd95": 7.5
      },
      "Infarct": {
        "dice": 0.0,
        "iou": 0.0,
        "precision": 0.0,
        "recall": NaN,
        "hd95": 315.1634496574753
      },
      "pathological": false
    },
    {
      "case": "Case_N049",
      "fold": 3,
      "LV": {
        "dice": 0.9404261487172054,
        "iou": 0.8875512995896033,
        "precision": 0.9255349500713267,
        "recall": 0.9558043606364172,
        "hd95": 4.743416490252569
      },
      "MYO": {
        "dice": 0.7346665177075187,
        "iou": 0.5806109835776091,
        "precision": 0.6087761525643399,
        "recall": 0.9261971830985916,
        "hd95": 7.5
      },
      "Infarct": {
        "dice": 1.0,
        "iou": 1.0,
        "precision": 1.0,
        "recall": 1.0,
        "hd95": 0.0
      },
      "pathological": false
    },
    {
      "case": "Case_N079",
      "fold": 3,
      "LV": {
        "dice": 0.9306612367377559,
        "iou": 0.8703146923231109,
        "precision": 0.954076027246759,
        "recall": 0.9083682008368201,
        "hd95": 6.18465843842649
      },
      "MYO": {
        "dice": 0.7983848765715335,
        "iou": 0.6644264548648235,
        "precision": 0.696668802049968,
        "recall": 0.9348807221147647,
        "hd95": 8.077747210701755
      },
      "Infarct": {
        "dice": 1.0,
        "iou": 1.0,
        "precision": 1.0,
        "recall": 1.0,
        "hd95": 0.0
      },
      "pathological": false
    },
    {
      "case": "Case_N084",
      "fold": 3,
      "LV": {
        "dice": 0.9309605488850772,
        "iou": 0.8708383473726434,
        "precision": 0.978809738503156,
        "recall": 0.8875715453802125,
        "hd95": 6.708203932499369
      },
      "MYO": {
        "dice": 0.8484667611728718,
        "iou": 0.7368148244136322,
        "precision": 0.790271021542738,
        "recall": 0.9159149484536082,
        "hd95": 9.12414379544733
      },
      "Infarct": {
        "dice": 1.0,
        "iou": 1.0,
        "precision": 1.0,
        "recall": 1.0,
        "hd95": 0.0
      },
      "pathological": false
    },
    {
      "case": "Case_N089",
      "fold": 3,
      "LV": {
        "dice": 0.9112729234088457,
        "iou": 0.8370076789695319,
        "precision": 0.9900380896571931,
        "recall": 0.8441169123157631,
        "hd95": 5.408326913195984
      },
      "MYO": {
        "dice": 0.7968155683325961,
        "iou": 0.6622555506543155,
        "precision": 0.6688446688446689,
        "recall": 0.9853423758477358,
        "hd95": 7.507426463519452
      },
      "Infarct": {
        "dice": 1.0,
        "iou": 1.0,
        "precision": 1.0,
        "recall": 1.0,
        "hd95": 0.0
      },
      "pathological": false
    },
    {
      "case": "Case_P008",
      "fold": 3,
      "LV": {
        "dice": 0.8161611484139847,
        "iou": 0.6894191277136711,
        "precision": 0.9957627118644068,
        "recall": 0.691447626520204,
        "hd95": 6.18465843842649
      },
      "MYO": {
        "dice": 0.6503700381251402,
        "iou": 0.48188767032236623,
        "precision": 0.6458797327394209,
        "recall": 0.6549232158988256,
        "hd95": 19.580351659637003
      },
      "Infarct": {
        "dice": 0.4894342194955692,
        "iou": 0.3240072202166065,
        "precision": 0.34574638844301764,
        "recall": 0.8374805598755832,
        "hd95": 20.279299790673246
      },
      "pathological": true
    },
    {
      "case": "Case_P011",
      "fold": 3,
      "LV": {
        "dice": 0.872457627118644,
        "iou": 0.7737692596768132,
        "precision": 0.9310422789961564,
        "recall": 0.8208092485549133,
        "hd95": 6.363961030678928
      },
      "MYO": {
        "dice": 0.7087259319950839,
        "iou": 0.5488578680203046,
        "precision": 0.6154831364736019,
        "recall": 0.8352645809192738,
        "hd95": 14.202534435715062
      },
      "Infarct": {
        "dice": 0.13632958801498127,
        "iou": 0.07315112540192927,
        "precision": 0.2826086956521739,
        "recall": 0.08983218163869694,