{
  "summary": {
    "LV": {
      "dice": {
        "mean": 0.9107240962312234,
        "std": 0.025658473240724577,
        "n": 20
      },
      "iou": {
        "mean": 0.8370841049234476,
        "std": 0.04255160433603989,
        "n": 20
      },
      "precision": {
        "mean": 0.9266795691143621,
        "std": 0.053472825864689065,
        "n": 20
      },
      "recall": {
        "mean": 0.9000306941370466,
        "std": 0.04998593343104121,
        "n": 20
      },
      "hd95": {
        "mean": 5.529022974992937,
        "std": 0.9188702852858625,
        "n": 20
      }
    },
    "MYO": {
      "dice": {
        "mean": 0.7223802483352666,
        "std": 0.08934464677905168,
        "n": 20
      },
      "iou": {
        "mean": 0.5729163114000567,
        "std": 0.10754315038131709,
        "n": 20
      },
      "precision": {
        "mean": 0.645712329767601,
        "std": 0.1038242727189049,
        "n": 20
      },
      "recall": {
        "mean": 0.8352562188653432,
        "std": 0.10755874496657637,
        "n": 20
      },
      "hd95": {
        "mean": 10.12584884382229,
        "std": 5.2490056423376155,
        "n": 20
      }
    },
    "Infarct": {
      "dice": {
        "mean": 0.5890478312803531,
        "std": 0.3001905232923163,
        "n": 20
      },
      "iou": {
        "mean": 0.4902406295744289,
        "std": 0.34761238649130777,
        "n": 20
      },
      "precision": {
        "mean": 0.590350071639606,
        "std": 0.30001076672249555,
        "n": 20
      },
      "recall": {
        "mean": 0.6727603983014364,
        "std": 0.2878354951012836,
        "n": 19
      },
      "hd95": {
        "mean": 26.217698763751127,
        "std": 67.29336137414835,
        "n": 20
      }
    },
    "Infarct_pathological": {
      "dice": {
        "mean": 0.44468897120054307,
        "std": 0.11472586114998447,
        "n": 13
      },
      "iou": {
        "mean": 0.29267789165296765,
        "std": 0.09191149385843299,
        "n": 13
      },
      "precision": {
        "mean": 0.446692417907086,
        "std": 0.1165034941312673,
        "n": 13
      },
      "recall": {
        "mean": 0.5217267359790226,
        "std": 0.22102496518163184,
        "n": 13
      },
      "hd95": {
        "mean": 16.09157889365747,
        "std": 11.166841104152107,
        "n": 13
      }
    },
    "params_M": 4.700948,
    "inference_ms_mean": 15.880072116851807,
    "inference_ms_std": 0.9180867482281954,
    "variant": "SEGRESNET",
    "split": "fold2_test",
    "fold": 2,
    "n_cases": 20,
    "checkpoint": "E:\\Thesis Dataset 3\\checkpoints\\SEGRESNET_fold2_best.pth",
    "hard_myo_mask": true,
    "mi_voxel_suppression": true,
    "primary_metric": "MI_pathological",
    "protocol": "5-fold-cv"
  },
  "per_case": [
    {
      "case": "Case_N006",
      "fold": 2,
      "LV": {
        "dice": 0.9174517004630369,
        "iou": 0.8474926253687316,
        "precision": 0.9270732494353017,
        "recall": 0.9080278128950695,
        "hd95": 4.743416490252569
      },
      "MYO": {
        "dice": 0.7592156862745097,
        "iou": 0.6118836915297092,
        "precision": 0.640695915279879,
        "recall": 0.93153698102832,
        "hd95": 7.648529270389178
      },
      "Infarct": {
        "dice": 1.0,
        "iou": 1.0,
        "precision": 1.0,
        "recall": 1.0,
        "hd95": 0.0
      },
      "pathological": false
    },
    {
      "case": "Case_N023",
      "fold": 2,
      "LV": {
        "dice": 0.9242172137346846,
        "iou": 0.859111361079865,
        "precision": 0.9549859331040951,
        "recall": 0.895369284876905,
        "hd95": 4.743416490252569
      },
      "MYO": {
        "dice": 0.7819037656903766,
        "iou": 0.6419063975955346,
        "precision": 0.682648401826484,
        "recall": 0.9149326805385557,
        "hd95": 6.363961030678928
      },
      "Infarct": {
        "dice": 1.0,
        "iou": 1.0,
        "precision": 1.0,
        "recall": 1.0,
        "hd95": 0.0
      },
      "pathological": false
    },
    {
      "case": "Case_N025",
      "fold": 2,
      "LV": {
        "dice": 0.935129740518962,
        "iou": 0.8781630740393627,
        "precision": 0.8957934990439771,
        "recall": 0.9780793319415448,
        "hd95": 4.743416490252569
      },
      "MYO": {
        "dice": 0.7453480806766428,
        "iou": 0.5940676208255549,
        "precision": 0.6408592526292235,
        "recall": 0.8905472636815921,
        "hd95": 7.5
      },
      "Infarct": {
        "dice": 1.0,
        "iou": 1.0,
        "precision": 1.0,
        "recall": 1.0,
        "hd95": 0.0
      },
      "pathological": false
    },
    {
      "case": "Case_N030",
      "fold": 2,
      "LV": {
        "dice": 0.9034236075625958,
        "iou": 0.8238583410997204,
        "precision": 0.8857715430861723,
        "recall": 0.921793534932221,
        "hd95": 5.408326913195984
      },
      "MYO": {
        "dice": 0.7957145828999376,
        "iou": 0.6607358783900501,
        "precision": 0.7402748209792916,
        "recall": 0.8601304250056218,
        "hd95": 6.708203932499369
      },
      "Infarct": {
        "dice": 1.0,
        "iou": 1.0,
        "precision": 1.0,
        "recall": 1.0,
        "hd95": 0.0
      },
      "pathological": false
    },
    {
      "case": "Case_N037",
      "fold": 2,
      "LV": {
        "dice": 0.858297078931013,
        "iou": 0.7517691888949374,
        "precision": 0.9787384833451452,
        "recall": 0.7642501383508578,
        "hd95": 8.077747210701755
      },
      "MYO": {
        "dice": 0.7077077077077077,
        "iou": 0.5476374903175832,
        "precision": 0.6356008390770153,
        "recall": 0.798268724124953,
        "hd95": 9.12414379544733
      },
      "Infarct": {
        "dice": 1.0,
        "iou": 1.0,
        "precision": 1.0,
        "recall": 1.0,
        "hd95": 0.0
      },
      "pathological": false
    },
    {
      "case": "Case_N041",
      "fold": 2,
      "LV": {
        "dice": 0.9277700743728728,
        "iou": 0.865271573007289,
        "precision": 0.9491875161207118,
        "recall": 0.9072978303747534,
        "hd95": 5.408326913195984
      },
      "MYO": {
        "dice": 0.8477195314447121,
        "iou": 0.7356885364095169,
        "precision": 0.8124203821656051,
        "recall": 0.8862254646517284,
        "hd95": 8.74642784226795
      },
      "Infarct": {
        "dice": 1.0,
        "iou": 1.0,
        "precision": 1.0,
        "recall": 1.0,
        "hd95": 0.0
      },
      "pathological": false
    },
    {
      "case": "Case_N075",
      "fold": 2,
      "LV": {
        "dice": 0.9478862413528055,
        "iou": 0.9009351256575102,
        "precision": 0.9457055214723926,
        "recall": 0.9500770416024653,
        "hd95": 4.743416490252569
      },
      "MYO": {
        "dice": 0.7867938371239912,
        "iou": 0.6485244315432994,
        "precision": 0.7062697576396206,
        "recall": 0.8880423981450811,
        "hd95": 6.18465843842649
      },
      "Infarct": {
        "dice": 0.0,
        "iou": 0.0,
        "precision": 0.0,
        "recall": NaN,
        "hd95": 315.1634496574753
      },
      "pathological": false
    },
    {
      "case": "Case_P001",
      "fold": 2,
      "LV": {
        "dice": 0.9040409541444288,
        "iou": 0.8248857086066388,
        "precision": 0.929243170622481,
        "recall": 0.88016967126193,
        "hd95": 6.18465843842649
      },
      "MYO": {
        "dice": 0.5930434782608696,
        "iou": 0.4215080346106304,
        "precision": 0.5752846900042177,
        "recall": 0.6119336025123374,
        "hd95": 30.210950433954345
      },
      "Infarct": {
        "dice": 0.5652423835983905,
        "iou": 0.3939636752136752,
        "precision": 0.4974704890387858,
        "recall": 0.6543921916592724,
        "hd95": 10.222524150130436
      },