{
  "summary": {
    "LV": {
      "dice": {
        "mean": 0.9016011578682643,
        "std": 0.0380300648272644,
        "n": 15
      },
      "iou": {
        "mean": 0.8228886753558223,
        "std": 0.05945539633545974,
        "n": 15
      },
      "precision": {
        "mean": 0.9388212066906529,
        "std": 0.05364300232218528,
        "n": 15
      },
      "recall": {
        "mean": 0.8748554086174894,
        "std": 0.07667205102368273,
        "n": 15
      },
      "hd95": {
        "mean": 5.543897564086079,
        "std": 0.8910608369390359,
        "n": 15
      }
    },
    "MYO": {
      "dice": {
        "mean": 0.6804857718671158,
        "std": 0.12614104545318786,
        "n": 15
      },
      "iou": {
        "mean": 0.5288896295376225,
        "std": 0.13884807202378022,
        "n": 15
      },
      "precision": {
        "mean": 0.5745576939500503,
        "std": 0.14718831491909593,
        "n": 15
      },
      "recall": {
        "mean": 0.8595975540611642,
        "std": 0.09991036448327181,
        "n": 15
      },
      "hd95": {
        "mean": 8.926615036070285,
        "std": 2.3207145796459416,
        "n": 15
      }
    },
    "Infarct": {
      "dice": {
        "mean": 0.36484782561957413,
        "std": 0.17745780653208534,
        "n": 11
      },
      "iou": {
        "mean": 0.23737464042176298,
        "std": 0.13248666623782165,
        "n": 11
      },
      "precision": {
        "mean": 0.4115133051093393,
        "std": 0.17590159800417549,
        "n": 11
      },
      "recall": {
        "mean": 0.49767819181622475,
        "std": 0.27137738239578707,
        "n": 10
      },
      "hd95": {
        "mean": 35.08966859344572,
        "std": 76.75343552396856,
        "n": 15
      }
    },
    "Infarct_pathological": {
      "dice": {
        "mean": 0.40133260818153155,
        "std": 0.14141381638500003,
        "n": 10
      },
      "iou": {
        "mean": 0.2611121044639393,
        "std": 0.11449824982594013,
        "n": 10
      },
      "precision": {
        "mean": 0.45266463562027326,
        "std": 0.12412798784900798,
        "n": 10
      },
      "recall": {
        "mean": 0.49767819181622475,
        "std": 0.27137738239578707,
        "n": 10
      },
      "hd95": {
        "mean": 21.11815792442105,
        "std": 17.458106024823717,
        "n": 10
      }
    },
    "params_M": 4.700948,
    "inference_ms_mean": 54.37715848286947,
    "inference_ms_std": 30.8824944612397,
    "variant": "SEGRESNET",
    "split": "test",
    "checkpoint": "E:\\Thesis Dataset 3\\checkpoints\\SEGRESNET_best.pth",
    "hard_myo_mask": true
  },
  "per_case": [
    {
      "case": "Case_N012",
      "LV": {
        "dice": 0.9280334728033472,
        "iou": 0.8657298985167837,
        "precision": 0.9244234509585996,
        "recall": 0.9316718006160739,
        "hd95": 5.408326913195984
      },
      "MYO": {
        "dice": 0.8549038233198765,
        "iou": 0.7465781833264206,
        "precision": 0.8409904999221305,
        "recall": 0.8692852543464262,
        "hd95": 7.669990167404787
      },
      "Infarct": {
        "dice": NaN,
        "iou": NaN,
        "precision": NaN,
        "recall": NaN,
        "hd95": 0.0
      },
      "pathological": false
    },
    {
      "case": "Case_N023",
      "LV": {
        "dice": 0.9265467845169155,
        "iou": 0.8631459398069279,
        "precision": 0.9650793650793651,
        "recall": 0.8909730363423212,
        "hd95": 4.743416490252569
      },
      "MYO": {
        "dice": 0.763094083414161,
        "iou": 0.6169378553224858,
        "precision": 0.6319277108433735,
        "recall": 0.9629742962056304,
        "hd95": 6.381173175769934
      },
      "Infarct": {
        "dice": NaN,
        "iou": NaN,
        "precision": NaN,
        "recall": NaN,
        "hd95": 0.0
      },
      "pathological": false
    },
    {
      "case": "Case_N024",
      "LV": {
        "dice": 0.9233636151875145,
        "iou": 0.8576373864128083,
        "precision": 0.894000902119982,
        "recall": 0.9547206165703276,
        "hd95": 6.0
      },
      "MYO": {
        "dice": 0.621932424422051,
        "iou": 0.4513076393668273,
        "precision": 0.4972511848341232,
        "recall": 0.8300632911392405,
        "hd95": 10.111874208078342
      },
      "Infarct": {
        "dice": 0.0,
        "iou": 0.0,
        "precision": 0.0,
        "recall": NaN,
        "hd95": 315.1634496574753
      },
      "pathological": false
    },
    {
      "case": "Case_N054",
      "LV": {
        "dice": 0.9152611673310845,
        "iou": 0.8437617791179797,
        "precision": 0.9682093425605537,
        "recall": 0.8678038379530917,
        "hd95": 6.18465843842649
      },
      "MYO": {
        "dice": 0.840260471098963,
        "iou": 0.7245251629003189,
        "precision": 0.762140877934957,
        "recall": 0.9362235757792906,
        "hd95": 9.142278254700203
      },
      "Infarct": {
        "dice": NaN,
        "iou": NaN,
        "precision": NaN,
        "recall": NaN,
        "hd95": 0.0
      },
      "pathological": false
    },
    {
      "case": "Case_N089",
      "LV": {
        "dice": 0.9165341812400636,
        "iou": 0.8459280997798972,
        "precision": 0.9757404795486601,
        "recall": 0.864101923557332,
        "hd95": 5.408326913195984
      },
      "MYO": {
        "dice": 0.8049916185509406,
        "iou": 0.6736284289276808,
        "precision": 0.7008269823252797,
        "recall": 0.9455261430759133,
        "hd95": 7.507426463519452
      },
      "Infarct": {
        "dice": NaN,
        "iou": NaN,
        "precision": NaN,
        "recall": NaN,
        "hd95": 0.0
      },
      "pathological": false
    },
    {
      "case": "Case_P007",
      "LV": {
        "dice": 0.9162363740676994,
        "iou": 0.845420857596612,
        "precision": 0.9622414139385419,
        "recall": 0.8744296404453368,
        "hd95": 6.708203932499369
      },
      "MYO": {
        "dice": 0.7843883002807208,
        "iou": 0.6452622169249106,
        "precision": 0.6715769886804156,
        "recall": 0.9427514148889856,
        "hd95": 8.098123918878578
      },
      "Infarct": {
        "dice": 0.2049469964664311,
        "iou": 0.1141732283464567,
        "precision": 0.5979381443298969,
        "recall": 0.12366737739872068,
        "hd95": 40.37092494238825
      },
      "pathological": true
    },
    {
      "case": "Case_P008",
      "LV": {
        "dice": 0.7840800762631077,
        "iou": 0.6448451587612701,
        "precision": 0.9987856709168185,
        "recall": 0.6453511180855237,
        "hd95": 6.708203932499369
      },
      "MYO": {
        "dice": 0.6491192549099007,
        "iou": 0.48051558752997603,
        "precision": 0.588256880733945,
        "recall": 0.7240289069557362,
        "hd95": 10.606601717798213
      },
      "Infarct": {
        "dice": 0.3971475589687329,
        "iou": 0.24777549623545517,
        "precision": 0.30677966101694915,
        "recall": 0.5629860031104199,
        "hd95": 20.55662756563844
      },
      "pathological": true
    },
    {
      "case": "Case_P021",
      "LV": {
        "dice": 0.9327113702623907,
        "iou": 0.8739073426573427,
        "precision": 0.9317334575955266,
        "recall": 0.9336913378473033,
        "hd95": 5.437910567536158
      },
      "MYO": {
        "dice": 0.7241025641025641,
        "iou": 0.567524115755627,
        "precision": 0.5951778789411566,
        "recall": 0.9243257397224405,
        "hd95": 10.233413268069432
      },
      "Infarct": {
        "dice": 0.2727272727272727,
        "iou": 0.15789473684210525,
        "precision": 0.4528301886792453,
        "recall": 0.1951219512195122,
        "hd95": 32.21429227280246
      },
      "pathological": true
    },
    {
      "case": "Case_P035",
      "LV": {
        "dice": 0.8937457969065232,
        "iou": 0.8079027355623101,