{
  "summary": {
    "LV": {
      "dice": {
        "mean": 0.9065480510017855,
        "std": 0.024352239955001423,
        "n": 21
      },
      "iou": {
        "mean": 0.8299715124254649,
        "std": 0.040494483585556705,
        "n": 21
      },
      "precision": {
        "mean": 0.9006555754698157,
        "std": 0.062076091250164195,
        "n": 21
      },
      "recall": {
        "mean": 0.9188988541428011,
        "std": 0.05147161787635461,
        "n": 21
      },
      "hd95": {
        "mean": 5.355301558285151,
        "std": 1.1153265788670275,
        "n": 21
      }
    },
    "MYO": {
      "dice": {
        "mean": 0.6907450169277178,
        "std": 0.09342011498160707,
        "n": 21
      },
      "iou": {
        "mean": 0.5354414100428228,
        "std": 0.11030574474554908,
        "n": 21
      },
      "precision": {
        "mean": 0.5851742287831074,
        "std": 0.13256008989463386,
        "n": 21
      },
      "recall": {
        "mean": 0.8722831515455661,
        "std": 0.06647664789533514,
        "n": 21
      },
      "hd95": {
        "mean": 8.562702880709299,
        "std": 1.923980024666966,
        "n": 21
      }
    },
    "Infarct": {
      "dice": {
        "mean": 0.5170744012051447,
        "std": 0.38684341437149244,
        "n": 21
      },
      "iou": {
        "mean": 0.45269684207049304,
        "std": 0.40571912155595147,
        "n": 21
      },
      "precision": {
        "mean": 0.530747361272802,
        "std": 0.3900624967179291,
        "n": 21
      },
      "recall": {
        "mean": 0.5379893497987482,
        "std": 0.39600272331772607,
        "n": 21
      },
      "hd95": {
        "mean": 82.24320829939263,
        "std": 130.56025878459602,
        "n": 21
      }
    },
    "Infarct_pathological": {
      "dice": {
        "mean": 0.2756116018077171,
        "std": 0.22261826157205572,
        "n": 14
      },
      "iou": {
        "mean": 0.17904526310573954,
        "std": 0.1491859523698237,
        "n": 14
      },
      "precision": {
        "mean": 0.2961210419092028,
        "std": 0.25114656637988886,
        "n": 14
      },
      "recall": {
        "mean": 0.30698402469812225,
        "std": 0.2741110261154148,
        "n": 14
      },
      "hd95": {
        "mean": 123.36481244908896,
        "std": 143.1642859700633,
        "n": 14
      }
    },
    "params_M": 4.700948,
    "inference_ms_mean": 15.082347960699172,
    "inference_ms_std": 0.8841959981419859,
    "variant": "SEGRESNET",
    "split": "fold1_test",
    "fold": 1,
    "n_cases": 21,
    "checkpoint": "E:\\Thesis Dataset 3\\checkpoints\\SEGRESNET_fold1_best.pth",
    "hard_myo_mask": true,
    "mi_voxel_suppression": true,
    "primary_metric": "MI_pathological",
    "protocol": "5-fold-cv"
  },
  "per_case": [
    {
      "case": "Case_N012",
      "fold": 1,
      "LV": {
        "dice": 0.9320414479881577,
        "iou": 0.8727318548387096,
        "precision": 0.8971502590673575,
        "recall": 0.9697563707644917,
        "hd95": 5.408326913195984
      },
      "MYO": {
        "dice": 0.847655624899984,
        "iou": 0.7355922788501597,
        "precision": 0.8426662424435253,
        "recall": 0.8527044430135222,
        "hd95": 8.098123918878578
      },
      "Infarct": {
        "dice": 1.0,
        "iou": 1.0,
        "precision": 1.0,
        "recall": 1.0,
        "hd95": 0.0
      },
      "pathological": false
    },
    {
      "case": "Case_N013",
      "fold": 1,
      "LV": {
        "dice": 0.9305669008331972,
        "iou": 0.87014970974641,
        "precision": 0.9696969696969697,
        "recall": 0.8944723618090452,
        "hd95": 4.743416490252569
      },
      "MYO": {
        "dice": 0.7188418909748926,
        "iou": 0.561087570621469,
        "precision": 0.5719942404607632,
        "recall": 0.9671332927571515,
        "hd95": 7.5
      },
      "Infarct": {
        "dice": 1.0,
        "iou": 1.0,
        "precision": 1.0,
        "recall": 1.0,
        "hd95": 0.0
      },
      "pathological": false
    },
    {
      "case": "Case_N016",
      "fold": 1,
      "LV": {
        "dice": 0.9001004016064257,
        "iou": 0.8183477863989046,
        "precision": 0.965016146393972,
        "recall": 0.8433678269049859,
        "hd95": 4.242640687119285
      },
      "MYO": {
        "dice": 0.7922511690046761,
        "iou": 0.6559734513274337,
        "precision": 0.6843623773802654,
        "recall": 0.9405233941316415,
        "hd95": 5.408326913195984
      },
      "Infarct": {
        "dice": 1.0,
        "iou": 1.0,
        "precision": 1.0,
        "recall": 1.0,
        "hd95": 0.0
      },
      "pathological": false
    },
    {
      "case": "Case_N018",
      "fold": 1,
      "LV": {
        "dice": 0.9096934548467275,
        "iou": 0.8343465045592705,
        "precision": 0.9085643359536616,
        "recall": 0.9108253836582331,
        "hd95": 6.18465843842649
      },
      "MYO": {
        "dice": 0.7821431513054938,
        "iou": 0.642229135668876,
        "precision": 0.7138776123891144,
        "recall": 0.8648451730418943,
        "hd95": 9.492725649287339
      },
      "Infarct": {
        "dice": 1.0,
        "iou": 1.0,
        "precision": 1.0,
        "recall": 1.0,
        "hd95": 0.0
      },
      "pathological": false
    },
    {
      "case": "Case_N048",
      "fold": 1,
      "LV": {
        "dice": 0.9421804249390456,
        "iou": 0.8906815936779717,
        "precision": 0.9629761480954077,
        "recall": 0.9222638936242755,
        "hd95": 4.743416490252569
      },
      "MYO": {
        "dice": 0.8360295586179349,
        "iou": 0.7182566918325326,
        "precision": 0.7605377906976745,
        "recall": 0.9281596452328159,
        "hd95": 7.5
      },
      "Infarct": {
        "dice": 1.0,
        "iou": 1.0,
        "precision": 1.0,
        "recall": 1.0,
        "hd95": 0.0
      },
      "pathological": false
    },
    {
      "case": "Case_N052",
      "fold": 1,
      "LV": {
        "dice": 0.8993942273429149,
        "iou": 0.817181092164904,
        "precision": 0.8665598535133898,
        "recall": 0.9348148148148148,
        "hd95": 6.18465843842649
      },
      "MYO": {
        "dice": 0.7904871499808208,
        "iou": 0.6535582899911201,
        "precision": 0.7365260900643317,
        "recall": 0.8529801324503311,
        "hd95": 9.0
      },
      "Infarct": {
        "dice": 1.0,
        "iou": 1.0,
        "precision": 1.0,
        "recall": 1.0,
        "hd95": 0.0
      },
      "pathological": false
    },
    {
      "case": "Case_N065",
      "fold": 1,
      "LV": {
        "dice": 0.8697531976220501,
        "iou": 0.7695250239081926,
        "precision": 0.9873210633946831,
        "recall": 0.7772054088860271,
        "hd95": 6.18465843842649
      },
      "MYO": {
        "dice": 0.6691800188501413,
        "iou": 0.5028328611898017,
        "precision": 0.509430094300943,
        "recall": 0.9748921145547274,
        "hd95": 6.18465843842649
      },
      "Infarct": {
        "dice": 1.0,
        "iou": 1.0,
        "precision": 1.0,
        "recall": 1.0,
        "hd95": 0.0
      },
      "pathological": false
    },
    {
      "case": "Case_P002",
      "fold": 1,
      "LV": {
        "dice": 0.9286824382662753,
        "iou": 0.8668600902643456,
        "precision": 0.9231033299004463,
        "recall": 0.9343293954134816,
        "hd95": 6.708203932499369
      },
      "MYO": {
        "dice": 0.7934280052840158,
        "iou": 0.657588613658136,
        "precision": 0.7950033090668431,
        "recall": 0.7918589321028345,
        "hd95": 10.443291183465021
      },
      "Infarct": {
        "dice": 0.540207522697795,
        "iou": 0.3700577521101733,
        "precision": 0.6107038123167156,
        "recall": 0.48430232558139535,
        "hd95": 9.0
      },
      "pathological": true
    },
    {
      "case": "Case_P005",
      "fold": 1,