{
  "variant": "SEGRESNET",
  "protocol": "5-fold stratified CV (same folds for all models)",
  "n_folds_requested": 5,
  "n_folds_evaluated": 5,
  "seed": 42,
  "primary_metric": "MI_pathological",
  "folds": [
    {
      "fold": 0,
      "summary": {
        "LV": {
          "dice": {
            "mean": 0.0,
            "std": 0.0,
            "n": 21
          },
          "iou": {
            "mean": 0.0,
            "std": 0.0,
            "n": 21
          },
          "precision": {
            "mean": 0.0,
            "std": 0.0,
            "n": 21
          },
          "recall": {
            "mean": 0.0,
            "std": 0.0,
            "n": 21
          },
          "hd95": {
            "mean": 306.38834069472495,
            "std": 39.243480301355014,
            "n": 21
          }
        },
        "MYO": {
          "dice": {
            "mean": 0.0,
            "std": 0.0,
            "n": 21
          },
          "iou": {
            "mean": 0.0,
            "std": 0.0,
            "n": 21
          },
          "precision": {
            "mean": 0.0,
            "std": 0.0,
            "n": 21
          },
          "recall": {
            "mean": 0.0,
            "std": 0.0,
            "n": 21
          },
          "hd95": {
            "mean": 315.1634496574753,
            "std": 0.0,
            "n": 21
          }
        },
        "Infarct": {
          "dice": {
            "mean": 0.3333333333333333,
            "std": 0.47140452079103157,
            "n": 21
          },
          "iou": {
            "mean": 0.3333333333333333,
            "std": 0.47140452079103157,
            "n": 21
          },
          "precision": {
            "mean": 0.3333333333333333,
            "std": 0.47140452079103157,
            "n": 21
          },
          "recall": {
            "mean": 0.3333333333333333,
            "std": 0.47140452079103157,
            "n": 21
          },
          "hd95": {
            "mean": 210.10896643831686,
            "std": 148.5694749566306,
            "n": 21
          }
        },
        "Infarct_pathological": {
          "dice": {
            "mean": 0.0,
            "std": 0.0,
            "n": 14
          },
          "iou": {
            "mean": 0.0,
            "std": 0.0,
            "n": 14
          },
          "precision": {
            "mean": 0.0,
            "std": 0.0,
            "n": 14
          },
          "recall": {
            "mean": 0.0,
            "std": 0.0,
            "n": 14
          },
          "hd95": {
            "mean": 315.16344965747527,
            "std": 5.684341886080802e-14,
            "n": 14
          }
        },
        "params_M": 4.700948,
        "inference_ms_mean": 19.99775568644206,
        "inference_ms_std": 7.781551541108002,
        "variant": "SEGRESNET",
        "split": "fold0_test",
        "fold": 0,
        "n_cases": 21,
        "checkpoint": "E:\\Thesis Dataset 3\\checkpoints\\SEGRESNET_fold0_best.pth",
        "hard_myo_mask": true,
        "mi_voxel_suppression": true,
        "primary_metric": "MI_pathological",
        "protocol": "5-fold-cv"
      }
    },
    {
      "fold": 1,
      "summary": {
        "LV": {
          "dice": {
            "mean": 0.9065480510017855,
            "std": 0.024352239955001423,
            "n": 21
          },
          "iou": {
            "mean": 0.8299715124254649,
            "std": 0.040494483585556705,
            "n": 21
          },
          "precision": {
            "mean": 0.9006555754698157,
            "std": 0.062076091250164195,
            "n": 21
          },
          "recall": {
            "mean": 0.9188988541428011,
            "std": 0.05147161787635461,
            "n": 21
          },
          "hd95": {
            "mean": 5.355301558285151,
            "std": 1.1153265788670275,
            "n": 21
          }
        },
        "MYO": {
          "dice": {
            "mean": 0.6907450169277178,
            "std": 0.09342011498160707,
            "n": 21
          },
          "iou": {
            "mean": 0.5354414100428228,
            "std": 0.11030574474554908,
            "n": 21
          },
          "precision": {
            "mean": 0.5851742287831074,
            "std": 0.13256008989463386,
            "n": 21
          },
          "recall": {
            "mean": 0.8722831515455661,
            "std": 0.06647664789533514,
            "n": 21
          },
          "hd95": {
            "mean": 8.562702880709299,
            "std": 1.923980024666966,
            "n": 21
          }
        },
        "Infarct": {
          "dice": {
            "mean": 0.5170744012051447,
            "std": 0.38684341437149244,
            "n": 21
          },
          "iou": {
            "mean": 0.45269684207049304,
            "std": 0.40571912155595147,
            "n": 21
          },
          "precision": {
            "mean": 0.530747361272802,
            "std": 0.3900624967179291,
            "n": 21
          },
          "recall": {
            "mean": 0.5379893497987482,
            "std": 0.39600272331772607,
            "n": 21
          },
          "hd95": {
            "mean": 82.24320829939263,
            "std": 130.56025878459602,
            "n": 21
          }
        },
        "Infarct_pathological": {
          "dice": {
            "mean": 0.2756116018077171,
            "std": 0.22261826157205572,
            "n": 14
          },
          "iou": {
            "mean": 0.17904526310573954,
            "std": 0.1491859523698237,
            "n": 14
          },
          "precision": {
            "mean": 0.2961210419092028,
            "std": 0.25114656637988886,
            "n": 14
          },
          "recall": {
            "mean": 0.30698402469812225,
            "std": 0.2741110261154148,
            "n": 14
          },
          "hd95": {
            "mean": 123.36481244908896,
            "std": 143.1642859700633,
            "n": 14
          }
        },
        "params_M": 4.700948,
        "inference_ms_mean": 15.082347960699172,
        "inference_ms_std": 0.8841959981419859,
        "variant": "SEGRESNET",
        "split": "fold1_test",
        "fold": 1,
        "n_cases": 21,
        "checkpoint": "E:\\Thesis Dataset 3\\checkpoints\\SEGRESNET_fold1_best.pth",
        "hard_myo_mask": true,
        "mi_voxel_suppression": true,
        "primary_metric": "MI_pathological",
        "protocol": "5-fold-cv"
      }
    },
    {
      "fold": 2,
      "summary": {
        "LV": {
          "dice": {
            "mean": 0.9107240962312234,
            "std": 0.025658473240724577,
            "n": 20
          },
          "iou": {
            "mean": 0.8370841049234476,
            "std": 0.04255160433603989,
            "n": 20
          },
          "precision": {
            "mean": 0.9266795691143621,
            "std": 0.053472825864689065,
            "n": 20
          },
          "recall": {
            "mean": 0.9000306941370466,
            "std": 0.04998593343104121,
            "n": 20
          },
          "hd95": {
            "mean": 5.529022974992937,
            "std": 0.9188702852858625,
            "n": 20
          }
        },
        "MYO": {
          "dice": {
            "mean": 0.7223802483352666,
            "std": 0.08934464677905168,
            "n": 20
          },
          "iou": {
            "mean": 0.5729163114000567,
            "std": 0.10754315038131709,
            "n": 20
          },
          "precision": {
            "mean": 0.645712329767601,
            "std": 0.1038242727189049,
            "n": 20
          },
          "recall": {
            "mean": 0.8352562188653432,
            "std": 0.10755874496657637,
            "n": 20
          },
          "hd95": {
            "mean": 10.12584884382229,
            "std": 5.2490056423376155,
            "n": 20
          }
        },
        "Infarct": {
          "dice": {
            "mean": 0.5890478312803531,