{
  "summary": {
    "LV": {
      "dice": {
        "mean": 0.9202319528938943,
        "std": 0.03188892088850383,
        "n": 19
      },
      "iou": {
        "mean": 0.8538135833579152,
        "std": 0.05296608569228271,
        "n": 19
      },
      "precision": {
        "mean": 0.9094822274040686,
        "std": 0.07780788971310551,
        "n": 19
      },
      "recall": {
        "mean": 0.9377595997381007,
        "std": 0.03216484801265657,
        "n": 19
      },
      "hd95": {
        "mean": 5.212301476940664,
        "std": 0.5870998502022354,
        "n": 19
      }
    },
    "MYO": {
      "dice": {
        "mean": 0.6949409242695538,
        "std": 0.09911090488424391,
        "n": 19
      },
      "iou": {
        "mean": 0.5412622285957528,
        "std": 0.11583391013811116,
        "n": 19
      },
      "precision": {
        "mean": 0.6029532748791337,
        "std": 0.12794339853346626,
        "n": 19
      },
      "recall": {
        "mean": 0.8445880476039934,
        "std": 0.09967663276064866,
        "n": 19
      },
      "hd95": {
        "mean": 9.575458880249334,
        "std": 3.9879179477716877,
        "n": 19
      }
    },
    "Infarct": {
      "dice": {
        "mean": 0.5810351018143677,
        "std": 0.3231548324220268,
        "n": 19
      },
      "iou": {
        "mean": 0.486607805007528,
        "std": 0.3465801453474303,
        "n": 19
      },
      "precision": {
        "mean": 0.5862185949887139,
        "std": 0.32505117105004805,
        "n": 19
      },
      "recall": {
        "mean": 0.6727954547896142,
        "std": 0.33620296660437204,
        "n": 18
      },
      "hd95": {
        "mean": 41.1085613742415,
        "std": 94.44319898583734,
        "n": 19
      }
    },
    "Infarct_pathological": {
      "dice": {
        "mean": 0.4645897641902297,
        "std": 0.21350886002699382,
        "n": 13
      },
      "iou": {
        "mean": 0.3265806380879256,
        "std": 0.17424126433496223,
        "n": 13
      },
      "precision": {
        "mean": 0.4721656388296587,
        "std": 0.2216501951153908,
        "n": 13
      },
      "recall": {
        "mean": 0.5469475527856198,
        "std": 0.31542154038783876,
        "n": 13
      },
      "hd95": {
        "mean": 35.83840126562409,
        "std": 81.12389306450693,
        "n": 13
      }
    },
    "params_M": 4.700948,
    "inference_ms_mean": 15.533848812705592,
    "inference_ms_std": 0.9580204650373413,
    "variant": "SEGRESNET",
    "split": "fold4_test",
    "fold": 4,
    "n_cases": 19,
    "checkpoint": "E:\\Thesis Dataset 3\\checkpoints\\SEGRESNET_fold4_best.pth",
    "hard_myo_mask": true,
    "mi_voxel_suppression": true,
    "primary_metric": "MI_pathological",
    "protocol": "5-fold-cv"
  },
  "per_case": [
    {
      "case": "Case_N014",
      "fold": 4,
      "LV": {
        "dice": 0.8789356984478935,
        "iou": 0.7840189873417721,
        "precision": 0.8267519466073415,
        "recall": 0.9381508362259388,
        "hd95": 4.743416490252569
      },
      "MYO": {
        "dice": 0.8296834972316337,
        "iou": 0.7089394153368168,
        "precision": 0.7934250039513198,
        "recall": 0.8694146172497402,
        "hd95": 7.5
      },
      "Infarct": {
        "dice": 1.0,
        "iou": 1.0,
        "precision": 1.0,
        "recall": 1.0,
        "hd95": 0.0
      },
      "pathological": false
    },
    {
      "case": "Case_N024",
      "fold": 4,
      "LV": {
        "dice": 0.9247538677918424,
        "iou": 0.8600392413342054,
        "precision": 0.9006849315068494,
        "recall": 0.9501445086705202,
        "hd95": 5.408326913195984
      },
      "MYO": {
        "dice": 0.6212571428571428,
        "iou": 0.4505968169761273,
        "precision": 0.48622540250447227,
        "recall": 0.860126582278481,
        "hd95": 7.648529270389178
      },
      "Infarct": {
        "dice": 1.0,
        "iou": 1.0,
        "precision": 1.0,
        "recall": 1.0,
        "hd95": 0.0
      },
      "pathological": false
    },
    {
      "case": "Case_N033",
      "fold": 4,
      "LV": {
        "dice": 0.9112726043603178,
        "iou": 0.837007140639553,
        "precision": 0.8660456151622229,
        "recall": 0.9614835948644793,
        "hd95": 4.743416490252569
      },
      "MYO": {
        "dice": 0.8160291438979964,
        "iou": 0.6892307692307692,
        "precision": 0.7987321711568938,
        "recall": 0.8340918494000827,
        "hd95": 7.648529270389178
      },
      "Infarct": {
        "dice": 0.0,
        "iou": 0.0,
        "precision": 0.0,
        "recall": NaN,
        "hd95": 315.1634496574753
      },
      "pathological": false
    },
    {
      "case": "Case_N034",
      "fold": 4,
      "LV": {
        "dice": 0.8574237954768928,
        "iou": 0.7504302925989673,
        "precision": 0.7739644970414201,
        "recall": 0.9610580455547392,
        "hd95": 5.408326913195984
      },
      "MYO": {
        "dice": 0.8154281670205237,
        "iou": 0.6883737603058908,
        "precision": 0.8028149386845039,
        "recall": 0.8284440609721024,
        "hd95": 10.062305898749054
      },
      "Infarct": {
        "dice": 1.0,
        "iou": 1.0,
        "precision": 1.0,
        "recall": 1.0,
        "hd95": 0.0
      },
      "pathological": false
    },
    {
      "case": "Case_N058",
      "fold": 4,
      "LV": {
        "dice": 0.9308303737527481,
        "iou": 0.8706105662764948,
        "precision": 0.9779673063255153,
        "recall": 0.888028396256857,
        "hd95": 4.743416490252569
      },
      "MYO": {
        "dice": 0.7384790011350738,
        "iou": 0.5853877991722152,
        "precision": 0.5941552511415525,
        "recall": 0.9754122938530735,
        "hd95": 6.708203932499369
      },
      "Infarct": {
        "dice": 1.0,
        "iou": 1.0,
        "precision": 1.0,
        "recall": 1.0,
        "hd95": 0.0
      },
      "pathological": false
    },
    {
      "case": "Case_N068",
      "fold": 4,
      "LV": {
        "dice": 0.9447149813806932,
        "iou": 0.8952225841476655,
        "precision": 0.955388180764774,
        "recall": 0.9342776203966006,
        "hd95": 4.77666201139971
      },
      "MYO": {
        "dice": 0.8486919942158538,
        "iou": 0.7371546015071935,
        "precision": 0.769487485101311,
        "recall": 0.9460726846424384,
        "hd95": 6.18465843842649
      },
      "Infarct": {
        "dice": 1.0,
        "iou": 1.0,
        "precision": 1.0,
        "recall": 1.0,
        "hd95": 0.0
      },
      "pathological": false
    },
    {
      "case": "Case_P004",
      "fold": 4,
      "LV": {
        "dice": 0.9154163231657049,
        "iou": 0.8440255396777135,
        "precision": 0.884358075820325,
        "recall": 0.9487354750512645,
        "hd95": 5.408326913195984
      },
      "MYO": {
        "dice": 0.6609769384419829,
        "iou": 0.4936262544073773,
        "precision": 0.5699968681490761,
        "recall": 0.7865168539325843,
        "hd95": 7.648529270389178
      },
      "Infarct": {
        "dice": 0.39197707736389686,
        "iou": 0.24376336421952957,
        "precision": 0.32540437678401524,
        "recall": 0.49279538904899134,
        "hd95": 29.124731758421397
      },
      "pathological": true
    },
    {
      "case": "Case_P017",
      "fold": 4,
      "LV": {
        "dice": 0.8613491983462741,
        "iou": 0.7564647538080057,
        "precision": 0.758075967341143,
        "recall": 0.9971982255428438,
        "hd95": 6.708203932499369
      },
      "MYO": {
        "dice": 0.5876189644634594,
        "iou": 0.4160484668644906,
        "precision": 0.47602206818503323,
        "recall": 0.7675638686131386,
        "hd95": 10.070316811318117
      },
      "Infarct": {
        "dice": 0.17892976588628762,
        "iou": 0.09825528007346189,
        "precision": 0.2123015873015873,
        "recall": 0.1546242774566474,