{
  "summary": {
    "LV": {
      "dice": {
        "mean": 0.9106248300255694,
        "std": 0.040895423488339855,
        "n": 15
      },
      "iou": {
        "mean": 0.8383986245914421,
        "std": 0.06619973151328512,
        "n": 15
      },
      "precision": {
        "mean": 0.9220179953691134,
        "std": 0.0808791853917905,
        "n": 15
      },
      "recall": {
        "mean": 0.909431644267968,
        "std": 0.06690446333756842,
        "n": 15
      },
      "hd95": {
        "mean": 5.566025314406176,
        "std": 0.8311158896875016,
        "n": 15
      }
    },
    "MYO": {
      "dice": {
        "mean": 0.7260526786946978,
        "std": 0.09774978416121079,
        "n": 15
      },
      "iou": {
        "mean": 0.5787035887983373,
        "std": 0.11467759844786882,
        "n": 15
      },
      "precision": {
        "mean": 0.6692820607475415,
        "std": 0.1061882510939161,
        "n": 15
      },
      "recall": {
        "mean": 0.8049559816154276,
        "std": 0.11428070450006793,
        "n": 15
      },
      "hd95": {
        "mean": 8.040603810634305,
        "std": 1.5416978014236078,
        "n": 15
      }
    },
    "Infarct": {
      "dice": {
        "mean": 0.3725202685867674,
        "std": 0.2871701234075086,
        "n": 14
      },
      "iou": {
        "mean": 0.26715489152442207,
        "std": 0.2180777195852661,
        "n": 14
      },
      "precision": {
        "mean": 0.35464627999196924,
        "std": 0.25647432221633754,
        "n": 14
      },
      "recall": {
        "mean": 0.593004088617965,
        "std": 0.24471805051815693,
        "n": 10
      },
      "hd95": {
        "mean": 99.99888163531851,
        "std": 132.08954873440996,
        "n": 15
      }
    },
    "Infarct_pathological": {
      "dice": {
        "mean": 0.5215283760214744,
        "std": 0.19427144773378582,
        "n": 10
      },
      "iou": {
        "mean": 0.3740168481341909,
        "std": 0.16313453434106315,
        "n": 10
      },
      "precision": {
        "mean": 0.4965047919887569,
        "std": 0.1471641197713016,
        "n": 10
      },
      "recall": {
        "mean": 0.593004088617965,
        "std": 0.24471805051815693,
        "n": 10
      },
      "hd95": {
        "mean": 23.93294258998767,
        "std": 29.447446047936392,
        "n": 10
      }
    },
    "params_M": 15.703054,
    "inference_ms_mean": 102.96812057495117,
    "inference_ms_std": 80.91403959482263,
    "variant": "SWINUNETR",
    "split": "test",
    "checkpoint": "E:\\Thesis Dataset 3\\checkpoints\\SWINUNETR_best.pth",
    "hard_myo_mask": true
  },
  "per_case": [
    {
      "case": "Case_N012",
      "LV": {
        "dice": 0.9001936733376372,
        "iou": 0.8185019957736558,
        "precision": 0.8351701006229036,
        "recall": 0.9761971436572389,
        "hd95": 6.18465843842649
      },
      "MYO": {
        "dice": 0.8005780346820809,
        "iou": 0.6674698795180722,
        "precision": 0.8481628242074928,
        "recall": 0.7580489375402447,
        "hd95": 8.74642784226795
      },
      "Infarct": {
        "dice": 0.0,
        "iou": 0.0,
        "precision": 0.0,
        "recall": NaN,
        "hd95": 315.1634496574753
      },
      "pathological": false
    },
    {
      "case": "Case_N023",
      "LV": {
        "dice": 0.9360710645114315,
        "iou": 0.8798248015329866,
        "precision": 0.9302460202604921,
        "recall": 0.9419695193434936,
        "hd95": 5.408326913195984
      },
      "MYO": {
        "dice": 0.8026370004120313,
        "iou": 0.6703372333103923,
        "precision": 0.7281335659107899,
        "recall": 0.894124847001224,
        "hd95": 6.18465843842649
      },
      "Infarct": {
        "dice": 0.0,
        "iou": 0.0,
        "precision": 0.0,
        "recall": NaN,
        "hd95": 315.1634496574753
      },
      "pathological": false
    },
    {
      "case": "Case_N024",
      "LV": {
        "dice": 0.9200049609326554,
        "iou": 0.8518603582912264,
        "precision": 0.9483508054206086,
        "recall": 0.8933044315992292,
        "hd95": 4.743416490252569
      },
      "MYO": {
        "dice": 0.7651373507838343,
        "iou": 0.6196133240158397,
        "precision": 0.701291853414184,
        "recall": 0.8417721518987342,
        "hd95": 7.648529270389178
      },
      "Infarct": {
        "dice": 0.0,
        "iou": 0.0,
        "precision": 0.0,
        "recall": NaN,
        "hd95": 315.1634496574753
      },
      "pathological": false
    },
    {
      "case": "Case_N054",
      "LV": {
        "dice": 0.9388352355867721,
        "iou": 0.8847214561500276,
        "precision": 0.9450117831893166,
        "recall": 0.9327389028881566,
        "hd95": 6.18465843842649
      },
      "MYO": {
        "dice": 0.827935385357229,
        "iou": 0.7063905650027428,
        "precision": 0.7507651945780498,
        "recall": 0.9227875313507703,
        "hd95": 9.12414379544733
      },
      "Infarct": {
        "dice": 0.0,
        "iou": 0.0,
        "precision": 0.0,
        "recall": NaN,
        "hd95": 315.1634496574753
      },
      "pathological": false
    },
    {
      "case": "Case_N089",
      "LV": {
        "dice": 0.9289024228783265,
        "iou": 0.8672435105067985,
        "precision": 0.9881690140845071,
        "recall": 0.8763427429427929,
        "hd95": 5.408326913195984
      },
      "MYO": {
        "dice": 0.8413397129186603,
        "iou": 0.7261314833168153,
        "precision": 0.7477462153427453,
        "recall": 0.9617151607963247,
        "hd95": 8.077747210701755
      },
      "Infarct": {
        "dice": NaN,
        "iou": NaN,
        "precision": NaN,
        "recall": NaN,
        "hd95": 0.0
      },
      "pathological": false
    },
    {
      "case": "Case_P007",
      "LV": {
        "dice": 0.9307006613629828,
        "iou": 0.8703836500537827,
        "precision": 0.9800161485668147,
        "recall": 0.8861106041248403,
        "hd95": 6.363961030678928
      },
      "MYO": {
        "dice": 0.8140300349722279,
        "iou": 0.6863833477883782,
        "precision": 0.7716458658346333,
        "recall": 0.8613408794079234,
        "hd95": 8.098123918878578
      },
      "Infarct": {
        "dice": 0.6044538706256628,
        "iou": 0.4331306990881459,
        "precision": 0.6012658227848101,
        "recall": 0.6076759061833689,
        "hd95": 5.437910567536158
      },
      "pathological": true
    },
    {
      "case": "Case_P008",
      "LV": {
        "dice": 0.827807732017896,
        "iou": 0.7062047367390879,
        "precision": 0.9969604863221885,
        "recall": 0.707728520988623,
        "hd95": 7.5
      },
      "MYO": {
        "dice": 0.5283864541832669,
        "iou": 0.35905245346869713,
        "precision": 0.5887902330743618,
        "recall": 0.47922312556458896,
        "hd95": 8.74642784226795
      },
      "Infarct": {
        "dice": 0.4756955059614797,
        "iou": 0.3120738066586442,
        "precision": 0.3919395465994962,
        "recall": 0.6049766718506998,
        "hd95": 20.891333522416485
      },
      "pathological": true
    },
    {
      "case": "Case_P021",
      "LV": {
        "dice": 0.9301775147928995,
        "iou": 0.8694690265486725,
        "precision": 0.9431245500359972,
        "recall": 0.9175811347186551,
        "hd95": 6.0
      },
      "MYO": {
        "dice": 0.8015775203352231,
        "iou": 0.6688605512134924,
        "precision": 0.7571594877764842,
        "recall": 0.8515318146111548,
        "hd95": 8.498338697640026
      },
      "Infarct": {
        "dice": 0.5537848605577689,
        "iou": 0.38292011019283745,
        "precision": 0.54296875,
        "recall": 0.5650406504065041,
        "hd95": 90.11555066013986
      },
      "pathological": true
    },
    {
      "case": "Case_P035",
      "LV": {
        "dice": 0.9486203615604186,
        "iou": 0.902262443438914,