{
  "summary": {
    "LV": {
      "dice": {
        "mean": 0.9129403232192934,
        "std": 0.020322367193280292,
        "n": 19
      },
      "iou": {
        "mean": 0.8404661328827409,
        "std": 0.03428071346457379,
        "n": 19
      },
      "precision": {
        "mean": 0.9275347568062151,
        "std": 0.05535058320332009,
        "n": 19
      },
      "recall": {
        "mean": 0.9029201522884203,
        "std": 0.03823644820076965,
        "n": 19
      },
      "hd95": {
        "mean": 5.379518295699413,
        "std": 0.75171107929139,
        "n": 19
      }
    },
    "MYO": {
      "dice": {
        "mean": 0.7396087603396722,
        "std": 0.06997953960981389,
        "n": 19
      },
      "iou": {
        "mean": 0.5916469925477222,
        "std": 0.08725848253196951,
        "n": 19
      },
      "precision": {
        "mean": 0.6732156851166481,
        "std": 0.11094621693578102,
        "n": 19
      },
      "recall": {
        "mean": 0.8360989658827753,
        "std": 0.06152399970525155,
        "n": 19
      },
      "hd95": {
        "mean": 8.74714483606848,
        "std": 2.02495403901062,
        "n": 19
      }
    },
    "Infarct": {
      "dice": {
        "mean": 0.4863214614119039,
        "std": 0.32523297758805064,
        "n": 19
      },
      "iou": {
        "mean": 0.38792703158453534,
        "std": 0.3192586441115751,
        "n": 19
      },
      "precision": {
        "mean": 0.5044111958645774,
        "std": 0.3220616267419512,
        "n": 19
      },
      "recall": {
        "mean": 0.5759872750955685,
        "std": 0.2886968146918866,
        "n": 16
      },
      "hd95": {
        "mean": 73.91625817385568,
        "std": 124.80390639006228,
        "n": 19
      }
    },
    "Infarct_pathological": {
      "dice": {
        "mean": 0.48000828975585946,
        "std": 0.19770073736777405,
        "n": 13
      },
      "iou": {
        "mean": 0.3362010461620132,
        "std": 0.15846643543652086,
        "n": 13
      },
      "precision": {
        "mean": 0.5064471324174593,
        "std": 0.19025883171467245,
        "n": 13
      },
      "recall": {
        "mean": 0.47813818473300734,
        "std": 0.22697093376551586,
        "n": 13
      },
      "hd95": {
        "mean": 35.30142741006401,
        "std": 81.13069089996927,
        "n": 13
      }
    },
    "params_M": 15.703054,
    "inference_ms_mean": 86.40304364656147,
    "inference_ms_std": 1.2938965806847547,
    "variant": "SWINUNETR",
    "split": "fold4_test",
    "fold": 4,
    "n_cases": 19,
    "checkpoint": "E:\\Thesis Dataset 3\\checkpoints\\SWINUNETR_fold4_best.pth",
    "hard_myo_mask": true,
    "mi_voxel_suppression": true,
    "primary_metric": "MI_pathological",
    "protocol": "5-fold-cv"
  },
  "per_case": [
    {
      "case": "Case_N014",
      "fold": 4,
      "LV": {
        "dice": 0.8723404255319149,
        "iou": 0.7735849056603774,
        "precision": 0.7923215666065447,
        "recall": 0.9703376459450931,
        "hd95": 5.408326913195984
      },
      "MYO": {
        "dice": 0.8332610769097373,
        "iou": 0.7141795481569561,
        "precision": 0.8343462406667824,
        "recall": 0.8321787322480083,
        "hd95": 7.648529270389178
      },
      "Infarct": {
        "dice": 1.0,
        "iou": 1.0,
        "precision": 1.0,
        "recall": 1.0,
        "hd95": 0.0
      },
      "pathological": false
    },
    {
      "case": "Case_N024",
      "fold": 4,
      "LV": {
        "dice": 0.8980007640392207,
        "iou": 0.8148832909637163,
        "precision": 0.9527154823020805,
        "recall": 0.8492292870905588,
        "hd95": 5.408326913195984
      },
      "MYO": {
        "dice": 0.7169911270030459,
        "iou": 0.5588356729975227,
        "precision": 0.6164882714643589,
        "recall": 0.8566455696202532,
        "hd95": 7.648529270389178
      },
      "Infarct": {
        "dice": 0.0,
        "iou": 0.0,
        "precision": 0.0,
        "recall": NaN,
        "hd95": 315.1634496574753
      },
      "pathological": false
    },
    {
      "case": "Case_N033",
      "fold": 4,
      "LV": {
        "dice": 0.9072237960339944,
        "iou": 0.830200907323396,
        "precision": 0.9008438818565401,
        "recall": 0.9136947218259629,
        "hd95": 4.743416490252569
      },
      "MYO": {
        "dice": 0.7934543165844959,
        "iou": 0.6576247609111459,
        "precision": 0.8048520961906789,
        "recall": 0.7823748448489863,
        "hd95": 8.077747210701755
      },
      "Infarct": {
        "dice": 0.0,
        "iou": 0.0,
        "precision": 0.0,
        "recall": NaN,
        "hd95": 315.1634496574753
      },
      "pathological": false
    },
    {
      "case": "Case_N034",
      "fold": 4,
      "LV": {
        "dice": 0.8784110535405872,
        "iou": 0.7831844779796735,
        "precision": 0.8288787483702738,
        "recall": 0.9342395297575312,
        "hd95": 4.5
      },
      "MYO": {
        "dice": 0.8160455732257299,
        "iou": 0.6892542101042503,
        "precision": 0.9071240105540898,
        "recall": 0.7415875754961173,
        "hd95": 8.48528137423857
      },
      "Infarct": {
        "dice": 1.0,
        "iou": 1.0,
        "precision": 1.0,
        "recall": 1.0,
        "hd95": 0.0
      },
      "pathological": false
    },
    {
      "case": "Case_N058",
      "fold": 4,
      "LV": {
        "dice": 0.9276511397423192,
        "iou": 0.8650646950092421,
        "precision": 0.950253807106599,
        "recall": 0.9060987415295256,
        "hd95": 4.5
      },
      "MYO": {
        "dice": 0.7755816862646985,
        "iou": 0.63342868818962,
        "precision": 0.6653788366602276,
        "recall": 0.9295352323838081,
        "hd95": 7.5
      },
      "Infarct": {
        "dice": 0.0,
        "iou": 0.0,
        "precision": 0.0,
        "recall": NaN,
        "hd95": 315.1634496574753
      },
      "pathological": false
    },
    {
      "case": "Case_N068",
      "fold": 4,
      "LV": {
        "dice": 0.933644450926061,
        "iou": 0.87554704595186,
        "precision": 0.9621280432822362,
        "recall": 0.9067988668555241,
        "hd95": 5.408326913195984
      },
      "MYO": {
        "dice": 0.8542795232936078,
        "iou": 0.7456264775413711,
        "precision": 0.7940584088620343,
        "recall": 0.9243845252051582,
        "hd95": 6.708203932499369
      },
      "Infarct": {
        "dice": 1.0,
        "iou": 1.0,
        "precision": 1.0,
        "recall": 1.0,
        "hd95": 0.0
      },
      "pathological": false
    },
    {
      "case": "Case_P004",
      "fold": 4,
      "LV": {
        "dice": 0.9113966858302334,
        "iou": 0.8372165268716993,
        "precision": 0.9019410977242303,
        "recall": 0.9210526315789473,
        "hd95": 4.5121708245126175
      },
      "MYO": {
        "dice": 0.7012115563839701,
        "iou": 0.5398966704936854,
        "precision": 0.616519174041298,
        "recall": 0.8128781331028522,
        "hd95": 6.708203932499369
      },
      "Infarct": {
        "dice": 0.4702549575070821,
        "iou": 0.3074074074074074,
        "precision": 0.4623955431754875,
        "recall": 0.4783861671469741,
        "hd95": 13.849363325180231
      },
      "pathological": true
    },
    {
      "case": "Case_P017",
      "fold": 4,
      "LV": {
        "dice": 0.9025981458166419,
        "iou": 0.8224864413850647,
        "precision": 0.8852716659182757,
        "recall": 0.9206163903805744,
        "hd95": 6.0
      },
      "MYO": {
        "dice": 0.7805341496885886,
        "iou": 0.6400623268698061,
        "precision": 0.7264688543918255,
        "recall": 0.8432937956204379,
        "hd95": 9.486832980505138
      },
      "Infarct": {
        "dice": 0.36818851251840945,
        "iou": 0.22563176895306858,
        "precision": 0.37537537537537535,
        "recall": 0.36127167630057805,