{
  "summary": {
    "LV": {
      "dice": {
        "mean": 0.8875711247429714,
        "std": 0.040692492810108664,
        "n": 21
      },
      "iou": {
        "mean": 0.8002012448749758,
        "std": 0.06384154361174289,
        "n": 21
      },
      "precision": {
        "mean": 0.8749614313851327,
        "std": 0.09114216652566702,
        "n": 21
      },
      "recall": {
        "mean": 0.9136477819933162,
        "std": 0.0665069436851928,
        "n": 21
      },
      "hd95": {
        "mean": 5.435319927630296,
        "std": 0.8467617378163416,
        "n": 21
      }
    },
    "MYO": {
      "dice": {
        "mean": 0.7015327483903895,
        "std": 0.08566448878423343,
        "n": 21
      },
      "iou": {
        "mean": 0.5467880032148594,
        "std": 0.0989098693822699,
        "n": 21
      },
      "precision": {
        "mean": 0.628324312414688,
        "std": 0.12381994001290743,
        "n": 21
      },
      "recall": {
        "mean": 0.8129975913051675,
        "std": 0.059689580722446865,
        "n": 21
      },
      "hd95": {
        "mean": 8.409886426757632,
        "std": 1.8906342110371637,
        "n": 21
      }
    },
    "Infarct": {
      "dice": {
        "mean": 0.3712292326522548,
        "std": 0.3295273024957392,
        "n": 21
      },
      "iou": {
        "mean": 0.29133427819472035,
        "std": 0.3218267675226294,
        "n": 21
      },
      "precision": {
        "mean": 0.42730338301906734,
        "std": 0.3431216210392699,
        "n": 21
      },
      "recall": {
        "mean": 0.4626245936228588,
        "std": 0.33903170209903577,
        "n": 17
      },
      "hd95": {
        "mean": 86.15959555591749,
        "std": 128.4102653939807,
        "n": 21
      }
    },
    "Infarct_pathological": {
      "dice": {
        "mean": 0.342558134692668,
        "std": 0.19485196809043573,
        "n": 14
      },
      "iou": {
        "mean": 0.22271570300636617,
        "std": 0.13705544960570046,
        "n": 14
      },
      "precision": {
        "mean": 0.4266693602428866,
        "std": 0.23269826963354426,
        "n": 14
      },
      "recall": {
        "mean": 0.3474727208277571,
        "std": 0.25383713564111704,
        "n": 14
      },
      "hd95": {
        "mean": 39.192693431740416,
        "std": 77.15900762389822,
        "n": 14
      }
    },
    "params_M": 15.703054,
    "inference_ms_mean": 86.48814473833356,
    "inference_ms_std": 0.8845375939166127,
    "variant": "SWINUNETR",
    "split": "fold1_test",
    "fold": 1,
    "n_cases": 21,
    "checkpoint": "E:\\Thesis Dataset 3\\checkpoints\\SWINUNETR_fold1_best.pth",
    "hard_myo_mask": true,
    "mi_voxel_suppression": true,
    "primary_metric": "MI_pathological",
    "protocol": "5-fold-cv"
  },
  "per_case": [
    {
      "case": "Case_N012",
      "fold": 1,
      "LV": {
        "dice": 0.893422886833101,
        "iou": 0.8073751717819514,
        "precision": 0.8159722222222222,
        "recall": 0.9871184542145057,
        "hd95": 6.18465843842649
      },
      "MYO": {
        "dice": 0.7985353946297803,
        "iou": 0.6646349722335094,
        "precision": 0.8073379401118789,
        "recall": 0.7899227301996137,
        "hd95": 8.077747210701755
      },
      "Infarct": {
        "dice": 0.0,
        "iou": 0.0,
        "precision": 0.0,
        "recall": NaN,
        "hd95": 315.1634496574753
      },
      "pathological": false
    },
    {
      "case": "Case_N013",
      "fold": 1,
      "LV": {
        "dice": 0.9385154507805034,
        "iou": 0.8841536614645858,
        "precision": 0.9521654815772462,
        "recall": 0.925251256281407,
        "hd95": 5.408326913195984
      },
      "MYO": {
        "dice": 0.7996828752642706,
        "iou": 0.6662263320123294,
        "precision": 0.7066791219056515,
        "recall": 0.920876445526476,
        "hd95": 6.363961030678928
      },
      "Infarct": {
        "dice": 0.0,
        "iou": 0.0,
        "precision": 0.0,
        "recall": NaN,
        "hd95": 315.1634496574753
      },
      "pathological": false
    },
    {
      "case": "Case_N016",
      "fold": 1,
      "LV": {
        "dice": 0.9019972131908964,
        "iou": 0.8214890016920474,
        "precision": 0.8908256880733945,
        "recall": 0.9134524929444967,
        "hd95": 4.242640687119285
      },
      "MYO": {
        "dice": 0.7675675675675676,
        "iou": 0.6228070175438597,
        "precision": 0.6850295673825085,
        "recall": 0.8727200634417129,
        "hd95": 5.408326913195984
      },
      "Infarct": {
        "dice": 1.0,
        "iou": 1.0,
        "precision": 1.0,
        "recall": 1.0,
        "hd95": 0.0
      },
      "pathological": false
    },
    {
      "case": "Case_N018",
      "fold": 1,
      "LV": {
        "dice": 0.9144973762732791,
        "iou": 0.8424644549763033,
        "precision": 0.9074943843169287,
        "recall": 0.9216092907507258,
        "hd95": 6.0
      },
      "MYO": {
        "dice": 0.8108245673566339,
        "iou": 0.6818376373234413,
        "precision": 0.758812321371864,
        "recall": 0.8704918032786885,
        "hd95": 9.142278254700203
      },
      "Infarct": {
        "dice": 0.0,
        "iou": 0.0,
        "precision": 0.0,
        "recall": NaN,
        "hd95": 315.1634496574753
      },
      "pathological": false
    },
    {
      "case": "Case_N048",
      "fold": 1,
      "LV": {
        "dice": 0.8872366790582404,
        "iou": 0.7973273942093542,
        "precision": 0.9226804123711341,
        "recall": 0.8544152744630071,
        "hd95": 4.743416490252569
      },
      "MYO": {
        "dice": 0.734040251027916,
        "iou": 0.5798290598290599,
        "precision": 0.716821639898563,
        "recall": 0.7521064301552106,
        "hd95": 7.5
      },
      "Infarct": {
        "dice": 1.0,
        "iou": 1.0,
        "precision": 1.0,
        "recall": 1.0,
        "hd95": 0.0
      },
      "pathological": false
    },
    {
      "case": "Case_N052",
      "fold": 1,
      "LV": {
        "dice": 0.8888888888888888,
        "iou": 0.8,
        "precision": 0.8736289938006676,
        "recall": 0.9046913580246914,
        "hd95": 6.18465843842649
      },
      "MYO": {
        "dice": 0.7943635060902794,
        "iou": 0.6588748019017433,
        "precision": 0.7650667075601901,
        "recall": 0.8259933774834437,
        "hd95": 9.006207189772361
      },
      "Infarct": {
        "dice": 0.0,
        "iou": 0.0,
        "precision": 0.0,
        "recall": NaN,
        "hd95": 315.1634496574753
      },
      "pathological": false
    },
    {
      "case": "Case_N065",
      "fold": 1,
      "LV": {
        "dice": 0.8151908253431096,
        "iou": 0.6880355442716598,
        "precision": 0.9796656122910077,
        "recall": 0.6980038634900193,
        "hd95": 5.437910567536158
      },
      "MYO": {
        "dice": 0.6970926301555105,
        "iou": 0.5350285417747794,
        "precision": 0.6124146124146124,
        "recall": 0.8089446841898784,
        "hd95": 6.363961030678928
      },
      "Infarct": {
        "dice": 1.0,
        "iou": 1.0,
        "precision": 1.0,
        "recall": 1.0,
        "hd95": 0.0
      },
      "pathological": false
    },
    {
      "case": "Case_P002",
      "fold": 1,
      "LV": {
        "dice": 0.9087493290391842,
        "iou": 0.8327594687653713,
        "precision": 0.9367392106233862,
        "recall": 0.8823835997220292,
        "hd95": 6.363961030678928
      },
      "MYO": {
        "dice": 0.7446309016607252,
        "iou": 0.5931569469455603,
        "precision": 0.7881465120559543,
        "recall": 0.7056690837178642,
        "hd95": 10.547511554864494
      },
      "Infarct": {
        "dice": 0.24338206242591862,
        "iou": 0.1385515069725596,
        "precision": 0.3797780517879161,
        "recall": 0.17906976744186046,
        "hd95": 36.51027252705737
      },