{
  "summary": {
    "LV": {
      "dice": {
        "mean": 0.9035608726992409,
        "std": 0.028937222211753832,
        "n": 21
      },
      "iou": {
        "mean": 0.8253538521327606,
        "std": 0.04802057489054934,
        "n": 21
      },
      "precision": {
        "mean": 0.8951684998626593,
        "std": 0.05909236604120933,
        "n": 21
      },
      "recall": {
        "mean": 0.9170083272402104,
        "std": 0.04745425496690405,
        "n": 21
      },
      "hd95": {
        "mean": 5.274630159551608,
        "std": 0.8267775419545852,
        "n": 21
      }
    },
    "MYO": {
      "dice": {
        "mean": 0.6969273250545408,
        "std": 0.0946207829777803,
        "n": 21
      },
      "iou": {
        "mean": 0.5426366738620743,
        "std": 0.10777298194766378,
        "n": 21
      },
      "precision": {
        "mean": 0.6042479130252483,
        "std": 0.11086237798122778,
        "n": 21
      },
      "recall": {
        "mean": 0.8349454086537788,
        "std": 0.07742360320822406,
        "n": 21
      },
      "hd95": {
        "mean": 8.11140242507921,
        "std": 1.4251414818804615,
        "n": 21
      }
    },
    "Infarct": {
      "dice": {
        "mean": 0.4541706985764668,
        "std": 0.34311719336342783,
        "n": 21
      },
      "iou": {
        "mean": 0.36829808067852554,
        "std": 0.3441254292220264,
        "n": 21
      },
      "precision": {
        "mean": 0.470454178800474,
        "std": 0.35368336652617505,
        "n": 21
      },
      "recall": {
        "mean": 0.5449513670763605,
        "std": 0.3258560089222013,
        "n": 18
      },
      "hd95": {
        "mean": 61.011315525534144,
        "std": 105.12914111526835,
        "n": 21
      }
    },
    "Infarct_pathological": {
      "dice": {
        "mean": 0.3955417621504145,
        "std": 0.20936350307827523,
        "n": 14
      },
      "iou": {
        "mean": 0.2667328353035027,
        "std": 0.15568554769073226,
        "n": 14
      },
      "precision": {
        "mean": 0.41996698248642544,
        "std": 0.23987920933073037,
        "n": 14
      },
      "recall": {
        "mean": 0.4149374719553206,
        "std": 0.24587320769430035,
        "n": 14
      },
      "hd95": {
        "mean": 23.981948361699345,
        "std": 17.38016469688353,
        "n": 14
      }
    },
    "params_M": 15.703054,
    "inference_ms_mean": 91.28168651035854,
    "inference_ms_std": 21.535597168452934,
    "variant": "SWINUNETR",
    "split": "fold0_test",
    "fold": 0,
    "n_cases": 21,
    "checkpoint": "E:\\Thesis Dataset 3\\checkpoints\\SWINUNETR_fold0_best.pth",
    "hard_myo_mask": true,
    "mi_voxel_suppression": true,
    "primary_metric": "MI_pathological",
    "protocol": "5-fold-cv"
  },
  "per_case": [
    {
      "case": "Case_N020",
      "fold": 0,
      "LV": {
        "dice": 0.9321833648393195,
        "iou": 0.872980747953087,
        "precision": 0.9372772630078403,
        "recall": 0.927144535840188,
        "hd95": 5.408326913195984
      },
      "MYO": {
        "dice": 0.7975090814737935,
        "iou": 0.6632142240635249,
        "precision": 0.7173263629574309,
        "recall": 0.8978733348913297,
        "hd95": 8.077747210701755
      },
      "Infarct": {
        "dice": 0.0,
        "iou": 0.0,
        "precision": 0.0,
        "recall": NaN,
        "hd95": 315.1634496574753
      },
      "pathological": false
    },
    {
      "case": "Case_N032",
      "fold": 0,
      "LV": {
        "dice": 0.9305421363392378,
        "iou": 0.8701064043364786,
        "precision": 0.9669790272199911,
        "recall": 0.8967515001034554,
        "hd95": 6.0
      },
      "MYO": {
        "dice": 0.7873436350257542,
        "iou": 0.6492718446601942,
        "precision": 0.6896869244935543,
        "recall": 0.91721773205976,
        "hd95": 7.648529270389178
      },
      "Infarct": {
        "dice": 1.0,
        "iou": 1.0,
        "precision": 1.0,
        "recall": 1.0,
        "hd95": 0.0
      },
      "pathological": false
    },
    {
      "case": "Case_N042",
      "fold": 0,
      "LV": {
        "dice": 0.864417568427753,
        "iou": 0.7612107623318386,
        "precision": 0.880674448767834,
        "recall": 0.84875,
        "hd95": 3.3541019662496847
      },
      "MYO": {
        "dice": 0.6601671309192201,
        "iou": 0.49272349272349275,
        "precision": 0.5328237410071942,
        "recall": 0.8674963396778916,
        "hd95": 7.648529270389178
      },
      "Infarct": {
        "dice": 0.0,
        "iou": 0.0,
        "precision": 0.0,
        "recall": NaN,
        "hd95": 315.1634496574753
      },
      "pathological": false
    },
    {
      "case": "Case_N046",
      "fold": 0,
      "LV": {
        "dice": 0.9174511223750905,
        "iou": 0.8474916387959867,
        "precision": 0.8669175504618543,
        "recall": 0.974240676662822,
        "hd95": 4.743416490252569
      },
      "MYO": {
        "dice": 0.8037832157333734,
        "iou": 0.6719377510040161,
        "precision": 0.7519662921348315,
        "recall": 0.8632699129313125,
        "hd95": 6.0
      },
      "Infarct": {
        "dice": 1.0,
        "iou": 1.0,
        "precision": 1.0,
        "recall": 1.0,
        "hd95": 0.0
      },
      "pathological": false
    },
    {
      "case": "Case_N054",
      "fold": 0,
      "LV": {
        "dice": 0.9234265388795574,
        "iou": 0.8577459618208517,
        "precision": 0.9417573559048771,
        "recall": 0.905795696840473,
        "hd95": 6.18465843842649
      },
      "MYO": {
        "dice": 0.808735301175906,
        "iou": 0.6788879935535859,
        "precision": 0.7305969070674952,
        "recall": 0.9055893944822644,
        "hd95": 9.142278254700203
      },
      "Infarct": {
        "dice": 1.0,
        "iou": 1.0,
        "precision": 1.0,
        "recall": 1.0,
        "hd95": 0.0
      },
      "pathological": false
    },
    {
      "case": "Case_N070",
      "fold": 0,
      "LV": {
        "dice": 0.8727551803530315,
        "iou": 0.7742374727668845,
        "precision": 0.7979230985124894,
        "recall": 0.9630758807588076,
        "hd95": 5.408326913195984
      },
      "MYO": {
        "dice": 0.7350906711534866,
        "iou": 0.5811409991132132,
        "precision": 0.6904302019315188,
        "recall": 0.7859284429342395,
        "hd95": 9.630045748745703
      },
      "Infarct": {
        "dice": 0.0,
        "iou": 0.0,
        "precision": 0.0,
        "recall": NaN,
        "hd95": 315.1634496574753
      },
      "pathological": false
    },
    {
      "case": "Case_N083",
      "fold": 0,
      "LV": {
        "dice": 0.8706711615078149,
        "iou": 0.7709633649932157,
        "precision": 0.7839403973509934,
        "recall": 0.9789800137835976,
        "hd95": 5.408326913195984
      },
      "MYO": {
        "dice": 0.7896497095581764,
        "iou": 0.652414194299011,
        "precision": 0.7556004716186626,
        "recall": 0.8269124423963133,
        "hd95": 8.74642784226795
      },
      "Infarct": {
        "dice": 1.0,
        "iou": 1.0,
        "precision": 1.0,
        "recall": 1.0,
        "hd95": 0.0
      },
      "pathological": false
    },
    {
      "case": "Case_P003",
      "fold": 0,
      "LV": {
        "dice": 0.9010251630941286,
        "iou": 0.8198778833107191,
        "precision": 0.8325869789872545,
        "recall": 0.9817221770917953,
        "hd95": 4.5
      },
      "MYO": {
        "dice": 0.703542780748663,
        "iou": 0.54266563547306,
        "precision": 0.6090856481481481,
        "recall": 0.8326740506329114,
        "hd95": 9.006207189772361
      },
      "Infarct": {
        "dice": 0.0,
        "iou": 0.0,
        "precision": 0.0,
        "recall": 0.0,
        "hd95": 50.42562877812328
      },
      "pathological": true
    },
    {
      "case": "Case_P029",
      "fold": 0,