{
  "summary": {
    "LV": {
      "dice": {
        "mean": 0.8842793871535048,
        "std": 0.06798784521097245,
        "n": 20
      },
      "iou": {
        "mean": 0.7983464382245727,
        "std": 0.09520070554960525,
        "n": 20
      },
      "precision": {
        "mean": 0.942735110997684,
        "std": 0.04957292152505704,
        "n": 20
      },
      "recall": {
        "mean": 0.844525990646758,
        "std": 0.11066006873388427,
        "n": 20
      },
      "hd95": {
        "mean": 5.899869603804213,
        "std": 1.6027071648069415,
        "n": 20
      }
    },
    "MYO": {
      "dice": {
        "mean": 0.6947076575993814,
        "std": 0.11528884942750806,
        "n": 20
      },
      "iou": {
        "mean": 0.5432043032367149,
        "std": 0.1247920404318293,
        "n": 20
      },
      "precision": {
        "mean": 0.6518286845018797,
        "std": 0.1303248455418498,
        "n": 20
      },
      "recall": {
        "mean": 0.7616559663695796,
        "std": 0.1313068259552217,
        "n": 20
      },
      "hd95": {
        "mean": 8.754381782145016,
        "std": 2.3817207232944533,
        "n": 20
      }
    },
    "Infarct": {
      "dice": {
        "mean": 0.527661565140391,
        "std": 0.32790336398238834,
        "n": 20
      },
      "iou": {
        "mean": 0.4351941038224643,
        "std": 0.352405872871274,
        "n": 20
      },
      "precision": {
        "mean": 0.5427554341763443,
        "std": 0.3152541960499484,
        "n": 20
      },
      "recall": {
        "mean": 0.5957910073261495,
        "std": 0.3052534470922299,
        "n": 18
      },
      "hd95": {
        "mean": 47.581692270805256,
        "std": 92.48660283856312,
        "n": 20
      }
    },
    "Infarct_pathological": {
      "dice": {
        "mean": 0.42717163867752483,
        "std": 0.16332222826051424,
        "n": 13
      },
      "iou": {
        "mean": 0.28491400588071436,
        "std": 0.12901647629100083,
        "n": 13
      },
      "precision": {
        "mean": 0.4503929756559144,
        "std": 0.13651530383033952,
        "n": 13
      },
      "recall": {
        "mean": 0.44032601014389944,
        "std": 0.20495922802483138,
        "n": 13
      },
      "hd95": {
        "mean": 24.715918930858034,
        "std": 27.397903411753006,
        "n": 13
      }
    },
    "params_M": 15.703054,
    "inference_ms_mean": 86.7201566696167,
    "inference_ms_std": 1.2822005532023697,
    "variant": "SWINUNETR",
    "split": "fold2_test",
    "fold": 2,
    "n_cases": 20,
    "checkpoint": "E:\\Thesis Dataset 3\\checkpoints\\SWINUNETR_fold2_best.pth",
    "hard_myo_mask": true,
    "mi_voxel_suppression": true,
    "primary_metric": "MI_pathological",
    "protocol": "5-fold-cv"
  },
  "per_case": [
    {
      "case": "Case_N006",
      "fold": 2,
      "LV": {
        "dice": 0.8995983935742972,
        "iou": 0.8175182481751825,
        "precision": 0.9559032716927454,
        "recall": 0.8495575221238938,
        "hd95": 4.743416490252569
      },
      "MYO": {
        "dice": 0.7955038957721292,
        "iou": 0.6604453870625663,
        "precision": 0.7428435114503816,
        "recall": 0.85620016497113,
        "hd95": 7.648529270389178
      },
      "Infarct": {
        "dice": 1.0,
        "iou": 1.0,
        "precision": 1.0,
        "recall": 1.0,
        "hd95": 0.0
      },
      "pathological": false
    },
    {
      "case": "Case_N023",
      "fold": 2,
      "LV": {
        "dice": 0.9215151515151515,
        "iou": 0.8544534981736442,
        "precision": 0.9538895859473023,
        "recall": 0.8912661195779601,
        "hd95": 4.743416490252569
      },
      "MYO": {
        "dice": 0.7936243936243936,
        "iou": 0.6578584558823529,
        "precision": 0.7253610336964783,
        "recall": 0.8760709914320686,
        "hd95": 6.708203932499369
      },
      "Infarct": {
        "dice": 1.0,
        "iou": 1.0,
        "precision": 1.0,
        "recall": 1.0,
        "hd95": 0.0
      },
      "pathological": false
    },
    {
      "case": "Case_N025",
      "fold": 2,
      "LV": {
        "dice": 0.9157808667211774,
        "iou": 0.8446455505279035,
        "precision": 0.8639308855291576,
        "recall": 0.9742519137091162,
        "hd95": 5.408326913195984
      },
      "MYO": {
        "dice": 0.7506841817186645,
        "iou": 0.6008762322015334,
        "precision": 0.6703323558162267,
        "recall": 0.8529228855721394,
        "hd95": 6.18465843842649
      },
      "Infarct": {
        "dice": 1.0,
        "iou": 1.0,
        "precision": 1.0,
        "recall": 1.0,
        "hd95": 0.0
      },
      "pathological": false
    },
    {
      "case": "Case_N030",
      "fold": 2,
      "LV": {
        "dice": 0.8844397611520899,
        "iou": 0.7928211586901763,
        "precision": 0.8938587149449769,
        "recall": 0.8752172401807439,
        "hd95": 4.743416490252569
      },
      "MYO": {
        "dice": 0.7788933511825078,
        "iou": 0.6378585784761557,
        "precision": 0.7728580916537525,
        "recall": 0.7850236114234316,
        "hd95": 6.363961030678928
      },
      "Infarct": {
        "dice": 1.0,
        "iou": 1.0,
        "precision": 1.0,
        "recall": 1.0,
        "hd95": 0.0
      },
      "pathological": false
    },
    {
      "case": "Case_N037",
      "fold": 2,
      "LV": {
        "dice": 0.6316186169210477,
        "iou": 0.46158083172679704,
        "precision": 0.9899586532782044,
        "recall": 0.4637520752628666,
        "hd95": 12.093386622447824
      },
      "MYO": {
        "dice": 0.42121366649668535,
        "iou": 0.26679586563307495,
        "precision": 0.4598085059006903,
        "recall": 0.38859616108392925,
        "hd95": 12.04418418097507
      },
      "Infarct": {
        "dice": 0.0,
        "iou": 0.0,
        "precision": 0.0,
        "recall": NaN,
        "hd95": 315.1634496574753
      },
      "pathological": false
    },
    {
      "case": "Case_N041",
      "fold": 2,
      "LV": {
        "dice": 0.909115067765081,
        "iou": 0.833373934226553,
        "precision": 0.985878962536023,
        "recall": 0.8434418145956607,
        "hd95": 5.408326913195984
      },
      "MYO": {
        "dice": 0.7886277060299173,
        "iou": 0.6510200951066114,
        "precision": 0.8477826608070316,
        "recall": 0.7371895084245267,
        "hd95": 8.498338697640026
      },
      "Infarct": {
        "dice": 1.0,
        "iou": 1.0,
        "precision": 1.0,
        "recall": 1.0,
        "hd95": 0.0
      },
      "pathological": false
    },
    {
      "case": "Case_N075",
      "fold": 2,
      "LV": {
        "dice": 0.9278582930756843,
        "iou": 0.8654250525683388,
        "precision": 0.9716694772344013,
        "recall": 0.8878274268104777,
        "hd95": 4.5
      },
      "MYO": {
        "dice": 0.8071338383838383,
        "iou": 0.6766340301667108,
        "precision": 0.7708772987639433,
        "recall": 0.8469691950977145,
        "hd95": 6.18465843842649
      },
      "Infarct": {
        "dice": 0.0,
        "iou": 0.0,
        "precision": 0.0,
        "recall": NaN,
        "hd95": 315.1634496574753
      },
      "pathological": false
    },
    {
      "case": "Case_P001",
      "fold": 2,
      "LV": {
        "dice": 0.9311123052122515,
        "iou": 0.8711039613915141,
        "precision": 0.9437908496732026,
        "recall": 0.9187698833510074,
        "hd95": 6.009232921921316
      },
      "MYO": {
        "dice": 0.601918934795379,
        "iou": 0.4305322128851541,
        "precision": 0.534051424600417,
        "recall": 0.6895468820098699,
        "hd95": 15.703035771180788
      },
      "Infarct": {
        "dice": 0.4973060344827586,
        "iou": 0.3309429903191108,
        "precision": 0.6330589849108368,
        "recall": 0.40949423247559896,
        "hd95": 8.098123918878578
      },