{
  "variant": "SWINUNETR",
  "protocol": "5-fold stratified CV (same folds for all models)",
  "n_folds_requested": 5,
  "n_folds_evaluated": 5,
  "seed": 42,
  "primary_metric": "MI_pathological",
  "folds": [
    {
      "fold": 0,
      "summary": {
        "LV": {
          "dice": {
            "mean": 0.9035608726992409,
            "std": 0.028937222211753832,
            "n": 21
          },
          "iou": {
            "mean": 0.8253538521327606,
            "std": 0.04802057489054934,
            "n": 21
          },
          "precision": {
            "mean": 0.8951684998626593,
            "std": 0.05909236604120933,
            "n": 21
          },
          "recall": {
            "mean": 0.9170083272402104,
            "std": 0.04745425496690405,
            "n": 21
          },
          "hd95": {
            "mean": 5.274630159551608,
            "std": 0.8267775419545852,
            "n": 21
          }
        },
        "MYO": {
          "dice": {
            "mean": 0.6969273250545408,
            "std": 0.0946207829777803,
            "n": 21
          },
          "iou": {
            "mean": 0.5426366738620743,
            "std": 0.10777298194766378,
            "n": 21
          },
          "precision": {
            "mean": 0.6042479130252483,
            "std": 0.11086237798122778,
            "n": 21
          },
          "recall": {
            "mean": 0.8349454086537788,
            "std": 0.07742360320822406,
            "n": 21
          },
          "hd95": {
            "mean": 8.11140242507921,
            "std": 1.4251414818804615,
            "n": 21
          }
        },
        "Infarct": {
          "dice": {
            "mean": 0.4541706985764668,
            "std": 0.34311719336342783,
            "n": 21
          },
          "iou": {
            "mean": 0.36829808067852554,
            "std": 0.3441254292220264,
            "n": 21
          },
          "precision": {
            "mean": 0.470454178800474,
            "std": 0.35368336652617505,
            "n": 21
          },
          "recall": {
            "mean": 0.5449513670763605,
            "std": 0.3258560089222013,
            "n": 18
          },
          "hd95": {
            "mean": 61.011315525534144,
            "std": 105.12914111526835,
            "n": 21
          }
        },
        "Infarct_pathological": {
          "dice": {
            "mean": 0.3955417621504145,
            "std": 0.20936350307827523,
            "n": 14
          },
          "iou": {
            "mean": 0.2667328353035027,
            "std": 0.15568554769073226,
            "n": 14
          },
          "precision": {
            "mean": 0.41996698248642544,
            "std": 0.23987920933073037,
            "n": 14
          },
          "recall": {
            "mean": 0.4149374719553206,
            "std": 0.24587320769430035,
            "n": 14
          },
          "hd95": {
            "mean": 23.981948361699345,
            "std": 17.38016469688353,
            "n": 14
          }
        },
        "params_M": 15.703054,
        "inference_ms_mean": 91.28168651035854,
        "inference_ms_std": 21.535597168452934,
        "variant": "SWINUNETR",
        "split": "fold0_test",
        "fold": 0,
        "n_cases": 21,
        "checkpoint": "E:\\Thesis Dataset 3\\checkpoints\\SWINUNETR_fold0_best.pth",
        "hard_myo_mask": true,
        "mi_voxel_suppression": true,
        "primary_metric": "MI_pathological",
        "protocol": "5-fold-cv"
      }
    },
    {
      "fold": 1,
      "summary": {
        "LV": {
          "dice": {
            "mean": 0.8875711247429714,
            "std": 0.040692492810108664,
            "n": 21
          },
          "iou": {
            "mean": 0.8002012448749758,
            "std": 0.06384154361174289,
            "n": 21
          },
          "precision": {
            "mean": 0.8749614313851327,
            "std": 0.09114216652566702,
            "n": 21
          },
          "recall": {
            "mean": 0.9136477819933162,
            "std": 0.0665069436851928,
            "n": 21
          },
          "hd95": {
            "mean": 5.435319927630296,
            "std": 0.8467617378163416,
            "n": 21
          }
        },
        "MYO": {
          "dice": {
            "mean": 0.7015327483903895,
            "std": 0.08566448878423343,
            "n": 21
          },
          "iou": {
            "mean": 0.5467880032148594,
            "std": 0.0989098693822699,
            "n": 21
          },
          "precision": {
            "mean": 0.628324312414688,
            "std": 0.12381994001290743,
            "n": 21
          },
          "recall": {
            "mean": 0.8129975913051675,
            "std": 0.059689580722446865,
            "n": 21
          },
          "hd95": {
            "mean": 8.409886426757632,
            "std": 1.8906342110371637,
            "n": 21
          }
        },
        "Infarct": {
          "dice": {
            "mean": 0.3712292326522548,
            "std": 0.3295273024957392,
            "n": 21
          },
          "iou": {
            "mean": 0.29133427819472035,
            "std": 0.3218267675226294,
            "n": 21
          },
          "precision": {
            "mean": 0.42730338301906734,
            "std": 0.3431216210392699,
            "n": 21
          },
          "recall": {
            "mean": 0.4626245936228588,
            "std": 0.33903170209903577,
            "n": 17
          },
          "hd95": {
            "mean": 86.15959555591749,
            "std": 128.4102653939807,
            "n": 21
          }
        },
        "Infarct_pathological": {
          "dice": {
            "mean": 0.342558134692668,
            "std": 0.19485196809043573,
            "n": 14
          },
          "iou": {
            "mean": 0.22271570300636617,
            "std": 0.13705544960570046,
            "n": 14
          },
          "precision": {
            "mean": 0.4266693602428866,
            "std": 0.23269826963354426,
            "n": 14
          },
          "recall": {
            "mean": 0.3474727208277571,
            "std": 0.25383713564111704,
            "n": 14
          },
          "hd95": {
            "mean": 39.192693431740416,
            "std": 77.15900762389822,
            "n": 14
          }
        },
        "params_M": 15.703054,
        "inference_ms_mean": 86.48814473833356,
        "inference_ms_std": 0.8845375939166127,
        "variant": "SWINUNETR",
        "split": "fold1_test",
        "fold": 1,
        "n_cases": 21,
        "checkpoint": "E:\\Thesis Dataset 3\\checkpoints\\SWINUNETR_fold1_best.pth",
        "hard_myo_mask": true,
        "mi_voxel_suppression": true,
        "primary_metric": "MI_pathological",
        "protocol": "5-fold-cv"
      }
    },
    {
      "fold": 2,
      "summary": {
        "LV": {
          "dice": {
            "mean": 0.8842793871535048,
            "std": 0.06798784521097245,
            "n": 20
          },
          "iou": {
            "mean": 0.7983464382245727,
            "std": 0.09520070554960525,
            "n": 20
          },
          "precision": {
            "mean": 0.942735110997684,
            "std": 0.04957292152505704,
            "n": 20
          },
          "recall": {
            "mean": 0.844525990646758,
            "std": 0.11066006873388427,
            "n": 20
          },
          "hd95": {
            "mean": 5.899869603804213,
            "std": 1.6027071648069415,
            "n": 20
          }
        },
        "MYO": {
          "dice": {
            "mean": 0.6947076575993814,
            "std": 0.11528884942750806,
            "n": 20
          },
          "iou": {
            "mean": 0.5432043032367149,
            "std": 0.1247920404318293,
            "n": 20
          },
          "precision": {
            "mean": 0.6518286845018797,
            "std": 0.1303248455418498,