{
  "summary": {
    "LV": {
      "dice": {
        "mean": 0.8848901129414666,
        "std": 0.05371307780620495,
        "n": 19
      },
      "iou": {
        "mean": 0.7975095963091592,
        "std": 0.08241016592667837,
        "n": 19
      },
      "precision": {
        "mean": 0.9325665135437677,
        "std": 0.05812770424278634,
        "n": 19
      },
      "recall": {
        "mean": 0.8497030464558385,
        "std": 0.09407219380411036,
        "n": 19
      },
      "hd95": {
        "mean": 6.354340494189848,
        "std": 1.756723381028382,
        "n": 19
      }
    },
    "MYO": {
      "dice": {
        "mean": 0.7168379096612236,
        "std": 0.11770091875894578,
        "n": 19
      },
      "iou": {
        "mean": 0.5701016133367041,
        "std": 0.12572179455356697,
        "n": 19
      },
      "precision": {
        "mean": 0.6948772938996614,
        "std": 0.10382482120701765,
        "n": 19
      },
      "recall": {
        "mean": 0.7479554867921562,
        "std": 0.151094012076697,
        "n": 19
      },
      "hd95": {
        "mean": 8.83486754658757,
        "std": 2.963393346878598,
        "n": 19
      }
    },
    "Infarct": {
      "dice": {
        "mean": 0.38399467244342955,
        "std": 0.3291495697353859,
        "n": 19
      },
      "iou": {
        "mean": 0.3036666327182411,
        "std": 0.3312786117401541,
        "n": 19
      },
      "precision": {
        "mean": 0.3813302774336004,
        "std": 0.3356956159504408,
        "n": 19
      },
      "recall": {
        "mean": 0.5255720298871746,
        "std": 0.30362920980974906,
        "n": 16
      },
      "hd95": {
        "mean": 60.965342267163244,
        "std": 110.43188449209397,
        "n": 19
      }
    },
    "Infarct_pathological": {
      "dice": {
        "mean": 0.33045375203270466,
        "std": 0.1840651510271048,
        "n": 13
      },
      "iou": {
        "mean": 0.21305123243435237,
        "std": 0.13787930806216137,
        "n": 13
      },
      "precision": {
        "mean": 0.3265596362491084,
        "std": 0.19954692251539932,
        "n": 13
      },
      "recall": {
        "mean": 0.41608865216883023,
        "std": 0.22256883574144404,
        "n": 13
      },
      "hd95": {
        "mean": 16.373165700282748,
        "std": 8.12621644710458,
        "n": 13
      }
    },
    "params_M": 15.703054,
    "inference_ms_mean": 86.9946981731214,
    "inference_ms_std": 1.1686166790842516,
    "variant": "SWINUNETR",
    "split": "fold3_test",
    "fold": 3,
    "n_cases": 19,
    "checkpoint": "E:\\Thesis Dataset 3\\checkpoints\\SWINUNETR_fold3_best.pth",
    "hard_myo_mask": true,
    "mi_voxel_suppression": true,
    "primary_metric": "MI_pathological",
    "protocol": "5-fold-cv"
  },
  "per_case": [
    {
      "case": "Case_N027",
      "fold": 3,
      "LV": {
        "dice": 0.9086934588868337,
        "iou": 0.8326656394453005,
        "precision": 0.8809911966090642,
        "recall": 0.9381944444444444,
        "hd95": 4.743416490252569
      },
      "MYO": {
        "dice": 0.7801531953812736,
        "iou": 0.6395501405810684,
        "precision": 0.7512109202994276,
        "recall": 0.8114149821640904,
        "hd95": 7.648529270389178
      },
      "Infarct": {
        "dice": 1.0,
        "iou": 1.0,
        "precision": 1.0,
        "recall": 1.0,
        "hd95": 0.0
      },
      "pathological": false
    },
    {
      "case": "Case_N040",
      "fold": 3,
      "LV": {
        "dice": 0.912232204561161,
        "iou": 0.8386277001270648,
        "precision": 0.9065934065934066,
        "recall": 0.9179415855354659,
        "hd95": 6.0
      },
      "MYO": {
        "dice": 0.7272167487684729,
        "iou": 0.571359458151911,
        "precision": 0.7644012944983819,
        "recall": 0.6934820904286553,
        "hd95": 8.74642784226795
      },
      "Infarct": {
        "dice": 0.0,
        "iou": 0.0,
        "precision": 0.0,
        "recall": NaN,
        "hd95": 315.1634496574753
      },
      "pathological": false
    },
    {
      "case": "Case_N049",
      "fold": 3,
      "LV": {
        "dice": 0.9345052452509215,
        "iou": 0.8770622671633848,
        "precision": 0.9005464480874317,
        "recall": 0.9711255156157925,
        "hd95": 4.77666201139971
      },
      "MYO": {
        "dice": 0.7787676317743133,
        "iou": 0.6376899696048632,
        "precision": 0.6943954104148279,
        "recall": 0.8864788732394366,
        "hd95": 6.708203932499369
      },
      "Infarct": {
        "dice": 1.0,
        "iou": 1.0,
        "precision": 1.0,
        "recall": 1.0,
        "hd95": 0.0
      },
      "pathological": false
    },
    {
      "case": "Case_N079",
      "fold": 3,
      "LV": {
        "dice": 0.9181001839229688,
        "iou": 0.8486,
        "precision": 0.9507058032713421,
        "recall": 0.8876569037656904,
        "hd95": 6.708203932499369
      },
      "MYO": {
        "dice": 0.8145270926393474,
        "iou": 0.6870904325032765,
        "precision": 0.7429583702391497,
        "recall": 0.9013539651837524,
        "hd95": 8.74642784226795
      },
      "Infarct": {
        "dice": 0.0,
        "iou": 0.0,
        "precision": 0.0,
        "recall": NaN,
        "hd95": 315.1634496574753
      },
      "pathological": false
    },
    {
      "case": "Case_N084",
      "fold": 3,
      "LV": {
        "dice": 0.9368702447049146,
        "iou": 0.881237911025145,
        "precision": 0.9424906909391808,
        "recall": 0.9313164349959117,
        "hd95": 5.408326913195984
      },
      "MYO": {
        "dice": 0.8284695201037614,
        "iou": 0.707168557985054,
        "precision": 0.8338772845953003,
        "recall": 0.823131443298969,
        "hd95": 8.48528137423857
      },
      "Infarct": {
        "dice": 0.0,
        "iou": 0.0,
        "precision": 0.0,
        "recall": NaN,
        "hd95": 315.1634496574753
      },
      "pathological": false
    },
    {
      "case": "Case_N089",
      "fold": 3,
      "LV": {
        "dice": 0.9318930312211829,
        "iou": 0.8724716329551061,
        "precision": 0.9857859531772575,
        "recall": 0.8835873095178616,
        "hd95": 5.408326913195984
      },
      "MYO": {
        "dice": 0.8491234981288163,
        "iou": 0.7378059216156084,
        "precision": 0.7721655024180548,
        "recall": 0.9431196674688253,
        "hd95": 7.648529270389178
      },
      "Infarct": {
        "dice": 1.0,
        "iou": 1.0,
        "precision": 1.0,
        "recall": 1.0,
        "hd95": 0.0
      },
      "pathological": false
    },
    {
      "case": "Case_P008",
      "fold": 3,
      "LV": {
        "dice": 0.8482867448151488,
        "iou": 0.7365433548639656,
        "precision": 0.9970853206147324,
        "recall": 0.7381326010200079,
        "hd95": 6.18465843842649
      },
      "MYO": {
        "dice": 0.6730506155950753,
        "iou": 0.5072164948453608,
        "precision": 0.6795580110497238,
        "recall": 0.6666666666666666,
        "hd95": 10.064784314215517
      },
      "Infarct": {
        "dice": 0.4706246134817563,
        "iou": 0.30772341285887583,
        "precision": 0.3906570841889117,
        "recall": 0.5917573872472783,
        "hd95": 20.279299790673246
      },
      "pathological": true
    },
    {
      "case": "Case_P011",
      "fold": 3,
      "LV": {
        "dice": 0.7950509794936419,
        "iou": 0.6598212587944476,
        "precision": 0.9348060344827587,
        "recall": 0.6916483954554514,
        "hd95": 8.75910645015454
      },
      "MYO": {
        "dice": 0.507086947323884,
        "iou": 0.3396627462094374,
        "precision": 0.5605706267539757,
        "recall": 0.46292004634994205,
        "hd95": 12.041594578792296
      },
      "Infarct": {
        "dice": 0.075,
        "iou": 0.03896103896103896,
        "precision": 0.12646370023419204,
        "recall": 0.05330700888450148,