{
  "summary": {
    "LV": {
      "dice": {
        "mean": 0.9129587410804901,
        "std": 0.024123818493110263,
        "n": 19
      },
      "iou": {
        "mean": 0.8407472677159201,
        "std": 0.040148688148702566,
        "n": 19
      },
      "precision": {
        "mean": 0.9153202858136593,
        "std": 0.06587291070686183,
        "n": 19
      },
      "recall": {
        "mean": 0.9167145735208124,
        "std": 0.044970438874153,
        "n": 19
      },
      "hd95": {
        "mean": 5.379050225827512,
        "std": 0.723138544979646,
        "n": 19
      }
    },
    "MYO": {
      "dice": {
        "mean": 0.7128739691654922,
        "std": 0.09499397944236214,
        "n": 19
      },
      "iou": {
        "mean": 0.5623481830936828,
        "std": 0.11544500566161219,
        "n": 19
      },
      "precision": {
        "mean": 0.6658040528301016,
        "std": 0.12464410918947391,
        "n": 19
      },
      "recall": {
        "mean": 0.7852503136026666,
        "std": 0.10370100357121091,
        "n": 19
      },
      "hd95": {
        "mean": 9.793577376484452,
        "std": 3.588912549309591,
        "n": 19
      }
    },
    "Infarct": {
      "dice": {
        "mean": 0.46702476069329113,
        "std": 0.3314572800169134,
        "n": 19
      },
      "iou": {
        "mean": 0.3736931508757997,
        "std": 0.32733640926628454,
        "n": 19
      },
      "precision": {
        "mean": 0.45801917787188656,
        "std": 0.3221228027869289,
        "n": 19
      },
      "recall": {
        "mean": 0.6392509632505671,
        "std": 0.31972761063689803,
        "n": 16
      },
      "hd95": {
        "mean": 58.996325614621405,
        "std": 111.47690453443194,
        "n": 19
      }
    },
    "Infarct_pathological": {
      "dice": {
        "mean": 0.4518054194748103,
        "std": 0.2108370267604401,
        "n": 13
      },
      "iou": {
        "mean": 0.3153976820492457,
        "std": 0.17451783004946134,
        "n": 13
      },
      "precision": {
        "mean": 0.43864341381275723,
        "std": 0.18729739861106479,
        "n": 13
      },
      "recall": {
        "mean": 0.5560011855391594,
        "std": 0.29808304033418953,
        "n": 13
      },
      "hd95": {
        "mean": 13.495372131183128,
        "std": 12.070437615647075,
        "n": 13
      }
    },
    "params_M": 19.220713,
    "inference_ms_mean": 14.273304688303094,
    "inference_ms_std": 1.7066810017937082,
    "variant": "UNET",
    "split": "fold4_test",
    "fold": 4,
    "n_cases": 19,
    "checkpoint": "E:\\Thesis Dataset 3\\checkpoints\\UNET_fold4_best.pth",
    "hard_myo_mask": true,
    "mi_voxel_suppression": true,
    "primary_metric": "MI_pathological",
    "protocol": "5-fold-cv"
  },
  "per_case": [
    {
      "case": "Case_N014",
      "fold": 4,
      "LV": {
        "dice": 0.8825172768710484,
        "iou": 0.7897368421052632,
        "precision": 0.8262665198237885,
        "recall": 0.9469864310508047,
        "hd95": 4.77666201139971
      },
      "MYO": {
        "dice": 0.8290232251688354,
        "iou": 0.7079758053172035,
        "precision": 0.790358040201005,
        "recall": 0.871666089366124,
        "hd95": 9.0
      },
      "Infarct": {
        "dice": 1.0,
        "iou": 1.0,
        "precision": 1.0,
        "recall": 1.0,
        "hd95": 0.0
      },
      "pathological": false
    },
    {
      "case": "Case_N024",
      "fold": 4,
      "LV": {
        "dice": 0.8996181795787659,
        "iou": 0.8175509290351466,
        "precision": 0.9205949079909251,
        "recall": 0.8795761078998073,
        "hd95": 6.420762979144929
      },
      "MYO": {
        "dice": 0.692389286661363,
        "iou": 0.5295071993510444,
        "precision": 0.5958466453674122,
        "recall": 0.8262658227848101,
        "hd95": 7.5
      },
      "Infarct": {
        "dice": 0.0,
        "iou": 0.0,
        "precision": 0.0,
        "recall": NaN,
        "hd95": 315.1634496574753
      },
      "pathological": false
    },
    {
      "case": "Case_N033",
      "fold": 4,
      "LV": {
        "dice": 0.9267955801104972,
        "iou": 0.8635778635778636,
        "precision": 0.8982597054886211,
        "recall": 0.9572039942938659,
        "hd95": 4.743416490252569
      },
      "MYO": {
        "dice": 0.7981479439973542,
        "iou": 0.6640983305815447,
        "precision": 0.8543780977106443,
        "recall": 0.7488622258998758,
        "hd95": 7.507426463519452
      },
      "Infarct": {
        "dice": 0.0,
        "iou": 0.0,
        "precision": 0.0,
        "recall": NaN,
        "hd95": 315.1634496574753
      },
      "pathological": false
    },
    {
      "case": "Case_N034",
      "fold": 4,
      "LV": {
        "dice": 0.904054054054054,
        "iou": 0.8249075215782984,
        "precision": 0.8367729831144465,
        "recall": 0.9831006612784717,
        "hd95": 5.408326913195984
      },
      "MYO": {
        "dice": 0.8482286047528794,
        "iou": 0.7364556962025316,
        "precision": 0.8601419278533412,
        "recall": 0.8366407822835777,
        "hd95": 7.648529270389178
      },
      "Infarct": {
        "dice": 1.0,
        "iou": 1.0,
        "precision": 1.0,
        "recall": 1.0,
        "hd95": 0.0
      },
      "pathological": false
    },
    {
      "case": "Case_N058",
      "fold": 4,
      "LV": {
        "dice": 0.9320481927710843,
        "iou": 0.8727436823104693,
        "precision": 0.9280230326295585,
        "recall": 0.936108422071636,
        "hd95": 4.743416490252569
      },
      "MYO": {
        "dice": 0.726490620145776,
        "iou": 0.570463501595046,
        "precision": 0.6038935240365515,
        "recall": 0.9115442278860569,
        "hd95": 7.648529270389178
      },
      "Infarct": {
        "dice": 0.0,
        "iou": 0.0,
        "precision": 0.0,
        "recall": NaN,
        "hd95": 315.1634496574753
      },
      "pathological": false
    },
    {
      "case": "Case_N068",
      "fold": 4,
      "LV": {
        "dice": 0.9360070775582424,
        "iou": 0.8797117516629712,
        "precision": 0.9760147601476015,
        "recall": 0.8991501416430595,
        "hd95": 4.743416490252569
      },
      "MYO": {
        "dice": 0.8628828322562517,
        "iou": 0.7588337039782554,
        "precision": 0.828656233135456,
        "recall": 0.9000586166471278,
        "hd95": 6.18465843842649
      },
      "Infarct": {
        "dice": 1.0,
        "iou": 1.0,
        "precision": 1.0,
        "recall": 1.0,
        "hd95": 0.0
      },
      "pathological": false
    },
    {
      "case": "Case_P004",
      "fold": 4,
      "LV": {
        "dice": 0.9060484573819069,
        "iou": 0.8282345442957297,
        "precision": 0.9245819992885095,
        "recall": 0.8882433356117566,
        "hd95": 4.5121708245126175
      },
      "MYO": {
        "dice": 0.6642320085929109,
        "iou": 0.49726600192988096,
        "precision": 0.6604015378043571,
        "recall": 0.6681071737251513,
        "hd95": 11.440375476671298
      },
      "Infarct": {
        "dice": 0.44914816726897266,
        "iou": 0.28961384820239683,
        "precision": 0.3499597747385358,
        "recall": 0.6268011527377522,
        "hd95": 14.860520956255678
      },
      "pathological": true
    },
    {
      "case": "Case_P017",
      "fold": 4,
      "LV": {
        "dice": 0.8513966480446927,
        "iou": 0.7412451361867705,
        "precision": 0.7535059331175836,
        "recall": 0.9785197291618025,
        "hd95": 6.747793735874365
      },
      "MYO": {
        "dice": 0.5412520064205457,
        "iou": 0.3710387323943662,
        "precision": 0.5097762547873412,
        "recall": 0.5768704379562044,
        "hd95": 10.821829376768404
      },
      "Infarct": {
        "dice": 0.17434961204929256,
        "iou": 0.0955,
        "precision": 0.12741827885256837,
        "recall": 0.27601156069364163,