{
  "variant": "UNET",
  "protocol": "5-fold stratified CV (same folds for all models)",
  "n_folds_requested": 5,
  "n_folds_evaluated": 5,
  "seed": 42,
  "primary_metric": "MI_pathological",
  "folds": [
    {
      "fold": 0,
      "summary": {
        "LV": {
          "dice": {
            "mean": 0.9003652040141028,
            "std": 0.03787559699013111,
            "n": 21
          },
          "iou": {
            "mean": 0.8208987628245412,
            "std": 0.06137972390297969,
            "n": 21
          },
          "precision": {
            "mean": 0.8901964968180045,
            "std": 0.07059817894036068,
            "n": 21
          },
          "recall": {
            "mean": 0.9173440209910126,
            "std": 0.05500042926294867,
            "n": 21
          },
          "hd95": {
            "mean": 5.2998969969215635,
            "std": 0.8132457291681163,
            "n": 21
          }
        },
        "MYO": {
          "dice": {
            "mean": 0.6842270792972718,
            "std": 0.08733115657212638,
            "n": 21
          },
          "iou": {
            "mean": 0.5266546897272869,
            "std": 0.10032260415460752,
            "n": 21
          },
          "precision": {
            "mean": 0.5863661308481419,
            "std": 0.0947153763529493,
            "n": 21
          },
          "recall": {
            "mean": 0.8364831412946132,
            "std": 0.1055666997469742,
            "n": 21
          },
          "hd95": {
            "mean": 9.12777245954173,
            "std": 3.1528657385143113,
            "n": 21
          }
        },
        "Infarct": {
          "dice": {
            "mean": 0.44736223413149423,
            "std": 0.3665351208917113,
            "n": 21
          },
          "iou": {
            "mean": 0.37544505940980794,
            "std": 0.37684208309976036,
            "n": 21
          },
          "precision": {
            "mean": 0.48074545959163456,
            "std": 0.36077948156248996,
            "n": 21
          },
          "recall": {
            "mean": 0.5117469566132912,
            "std": 0.3787001426992492,
            "n": 19
          },
          "hd95": {
            "mean": 71.78688427483837,
            "std": 118.78328579396155,
            "n": 21
          }
        },
        "Infarct_pathological": {
          "dice": {
            "mean": 0.31390049405438425,
            "std": 0.21458114491001126,
            "n": 14
          },
          "iou": {
            "mean": 0.2060247319718547,
            "std": 0.15768441590204657,
            "n": 14
          },
          "precision": {
            "mean": 0.3639753322445948,
            "std": 0.22868350886385794,
            "n": 14
          },
          "recall": {
            "mean": 0.33737086968946656,
            "std": 0.28122293088455275,
            "n": 14
          },
          "hd95": {
            "mean": 62.656976461189686,
            "std": 103.82016962939387,
            "n": 14
          }
        },
        "params_M": 19.220713,
        "inference_ms_mean": 8.892468043736049,
        "inference_ms_std": 6.868929901526487,
        "variant": "UNET",
        "split": "fold0_test",
        "fold": 0,
        "n_cases": 21,
        "checkpoint": "E:\\Thesis Dataset 3\\checkpoints\\UNET_fold0_best.pth",
        "hard_myo_mask": true,
        "mi_voxel_suppression": true,
        "primary_metric": "MI_pathological",
        "protocol": "5-fold-cv"
      }
    },
    {
      "fold": 1,
      "summary": {
        "LV": {
          "dice": {
            "mean": 0.8826420357380207,
            "std": 0.03511671175822272,
            "n": 21
          },
          "iou": {
            "mean": 0.7916726709526325,
            "std": 0.055271012626966945,
            "n": 21
          },
          "precision": {
            "mean": 0.9061943987800557,
            "std": 0.07034762516667235,
            "n": 21
          },
          "recall": {
            "mean": 0.8697932745636008,
            "std": 0.07330933275478797,
            "n": 21
          },
          "hd95": {
            "mean": 5.4301172741372215,
            "std": 1.0848789275512576,
            "n": 21
          }
        },
        "MYO": {
          "dice": {
            "mean": 0.6786071101747353,
            "std": 0.07573453347942916,
            "n": 21
          },
          "iou": {
            "mean": 0.5184500569749542,
            "std": 0.08557888103059767,
            "n": 21
          },
          "precision": {
            "mean": 0.5965540980875396,
            "std": 0.11448578463854303,
            "n": 21
          },
          "recall": {
            "mean": 0.8106974781805018,
            "std": 0.07641809289922286,
            "n": 21
          },
          "hd95": {
            "mean": 8.916177970075914,
            "std": 2.2203628985399204,
            "n": 21
          }
        },
        "Infarct": {
          "dice": {
            "mean": 0.5290921021476294,
            "std": 0.36063095213340685,
            "n": 21
          },
          "iou": {
            "mean": 0.45577260692214583,
            "std": 0.39650356845916707,
            "n": 21
          },
          "precision": {
            "mean": 0.5325314605672874,
            "std": 0.35877657679084546,
            "n": 21
          },
          "recall": {
            "mean": 0.5754983619282837,
            "std": 0.3786391843939636,
            "n": 21
          },
          "hd95": {
            "mean": 28.18214868406919,
            "std": 65.32895465826473,
            "n": 21
          }
        },
        "Infarct_pathological": {
          "dice": {
            "mean": 0.29363815322144393,
            "std": 0.16960642458399755,
            "n": 14
          },
          "iou": {
            "mean": 0.18365891038321883,
            "std": 0.11698302513203436,
            "n": 14
          },
          "precision": {
            "mean": 0.29879719085093115,
            "std": 0.17083858335025198,
            "n": 14
          },
          "recall": {
            "mean": 0.36324754289242545,
            "std": 0.282666265043445,
            "n": 14
          },
          "hd95": {
            "mean": 42.273223026103786,
            "std": 76.19798781315802,
            "n": 14
          }
        },
        "params_M": 19.220713,
        "inference_ms_mean": 8.870999018351236,
        "inference_ms_std": 2.1290971042000755,
        "variant": "UNET",
        "split": "fold1_test",
        "fold": 1,
        "n_cases": 21,
        "checkpoint": "E:\\Thesis Dataset 3\\checkpoints\\UNET_fold1_best.pth",
        "hard_myo_mask": true,
        "mi_voxel_suppression": true,
        "primary_metric": "MI_pathological",
        "protocol": "5-fold-cv"
      }
    },
    {
      "fold": 2,
      "summary": {
        "LV": {
          "dice": {
            "mean": 0.8955387301562897,
            "std": 0.04017300457050345,
            "n": 20
          },
          "iou": {
            "mean": 0.8130127334887307,
            "std": 0.05988186637507171,
            "n": 20
          },
          "precision": {
            "mean": 0.93635730585841,
            "std": 0.04667587930466614,
            "n": 20
          },
          "recall": {
            "mean": 0.8652556686116754,
            "std": 0.07857171799061936,
            "n": 20
          },
          "hd95": {
            "mean": 5.632712758052639,
            "std": 1.015978504019234,
            "n": 20
          }
        },
        "MYO": {
          "dice": {
            "mean": 0.6803477060195718,
            "std": 0.13337884281059278,
            "n": 20
          },
          "iou": {
            "mean": 0.5293615833593621,
            "std": 0.13714051339431144,
            "n": 20
          },
          "precision": {
            "mean": 0.6318586433441276,
            "std": 0.1180384469509872,
            "n": 20
          },