{
  "summary": {
    "LV": {
      "dice": {
        "mean": 0.8816782666202386,
        "std": 0.051137658518233174,
        "n": 19
      },
      "iou": {
        "mean": 0.7919829609148151,
        "std": 0.07856436935542227,
        "n": 19
      },
      "precision": {
        "mean": 0.9379185407160264,
        "std": 0.05963692536211518,
        "n": 19
      },
      "recall": {
        "mean": 0.8403651804295452,
        "std": 0.08980869250560818,
        "n": 19
      },
      "hd95": {
        "mean": 6.175045909573577,
        "std": 1.7439085303826143,
        "n": 19
      }
    },
    "MYO": {
      "dice": {
        "mean": 0.6856562500866228,
        "std": 0.10818013523135445,
        "n": 19
      },
      "iou": {
        "mean": 0.5314791035945262,
        "std": 0.11961234521063079,
        "n": 19
      },
      "precision": {
        "mean": 0.6336781197957716,
        "std": 0.1002917755693249,
        "n": 19
      },
      "recall": {
        "mean": 0.7684319416053799,
        "std": 0.16123219266721794,
        "n": 19
      },
      "hd95": {
        "mean": 10.397889187363267,
        "std": 5.097437424198108,
        "n": 19
      }
    },
    "Infarct": {
      "dice": {
        "mean": 0.4650672444379995,
        "std": 0.39368313936626864,
        "n": 19
      },
      "iou": {
        "mean": 0.40792812394574024,
        "std": 0.41416098078524205,
        "n": 19
      },
      "precision": {
        "mean": 0.4408314709941617,
        "std": 0.39921504959264525,
        "n": 19
      },
      "recall": {
        "mean": 0.5181746656379363,
        "std": 0.3932854020969582,
        "n": 19
      },
      "hd95": {
        "mean": 58.583621201209795,
        "std": 111.42162986335576,
        "n": 19
      }
    },
    "Infarct_pathological": {
      "dice": {
        "mean": 0.2181752034093839,
        "std": 0.18300897694729118,
        "n": 13
      },
      "iou": {
        "mean": 0.1346641811514665,
        "std": 0.11929634464684265,
        "n": 13
      },
      "precision": {
        "mean": 0.18275368837608255,
        "std": 0.14837840221405557,
        "n": 13
      },
      "recall": {
        "mean": 0.2957937420862146,
        "std": 0.2635509363224545,
        "n": 13
      },
      "hd95": {
        "mean": 85.62221560176816,
        "std": 125.81563304949661,
        "n": 13
      }
    },
    "params_M": 19.220713,
    "inference_ms_mean": 12.804959949694181,
    "inference_ms_std": 1.4040191397542194,
    "variant": "UNET",
    "split": "fold3_test",
    "fold": 3,
    "n_cases": 19,
    "checkpoint": "E:\\Thesis Dataset 3\\checkpoints\\UNET_fold3_best.pth",
    "hard_myo_mask": true,
    "mi_voxel_suppression": true,
    "primary_metric": "MI_pathological",
    "protocol": "5-fold-cv"
  },
  "per_case": [
    {
      "case": "Case_N027",
      "fold": 3,
      "LV": {
        "dice": 0.9162700511193372,
        "iou": 0.8454782042940794,
        "precision": 0.9305406373075547,
        "recall": 0.9024305555555555,
        "hd95": 4.743416490252569
      },
      "MYO": {
        "dice": 0.7852703178140026,
        "iou": 0.6464568449507627,
        "precision": 0.7746413697362332,
        "recall": 0.7961950059453032,
        "hd95": 6.708203932499369
      },
      "Infarct": {
        "dice": 1.0,
        "iou": 1.0,
        "precision": 1.0,
        "recall": 1.0,
        "hd95": 0.0
      },
      "pathological": false
    },
    {
      "case": "Case_N040",
      "fold": 3,
      "LV": {
        "dice": 0.880573476702509,
        "iou": 0.7866290983606558,
        "precision": 0.9085798816568047,
        "recall": 0.8542420027816412,
        "hd95": 5.408326913195984
      },
      "MYO": {
        "dice": 0.6829962394552291,
        "iou": 0.5185985491588208,
        "precision": 0.7103594080338267,
        "recall": 0.6576629477392836,
        "hd95": 9.006207189772361
      },
      "Infarct": {
        "dice": 1.0,
        "iou": 1.0,
        "precision": 1.0,
        "recall": 1.0,
        "hd95": 0.0
      },
      "pathological": false
    },
    {
      "case": "Case_N049",
      "fold": 3,
      "LV": {
        "dice": 0.9260200269018084,
        "iou": 0.8622321180072363,
        "precision": 0.9396420988777676,
        "recall": 0.9127872716558633,
        "hd95": 4.743416490252569
      },
      "MYO": {
        "dice": 0.7671610900310452,
        "iou": 0.6222719641857862,
        "precision": 0.6481445502234311,
        "recall": 0.9397183098591549,
        "hd95": 6.747793735874365
      },
      "Infarct": {
        "dice": 1.0,
        "iou": 1.0,
        "precision": 1.0,
        "recall": 1.0,
        "hd95": 0.0
      },
      "pathological": false
    },
    {
      "case": "Case_N079",
      "fold": 3,
      "LV": {
        "dice": 0.9192765769739745,
        "iou": 0.8506122448979592,
        "precision": 0.9720149253731343,
        "recall": 0.8719665271966527,
        "hd95": 6.18465843842649
      },
      "MYO": {
        "dice": 0.8119530813628747,
        "iou": 0.6834351982447893,
        "precision": 0.7162095582197405,
        "recall": 0.9372447883086181,
        "hd95": 7.5
      },
      "Infarct": {
        "dice": 1.0,
        "iou": 1.0,
        "precision": 1.0,
        "recall": 1.0,
        "hd95": 0.0
      },
      "pathological": false
    },
    {
      "case": "Case_N084",
      "fold": 3,
      "LV": {
        "dice": 0.9176090468497576,
        "iou": 0.8477611940298507,
        "precision": 0.9697245618028681,
        "recall": 0.8708094848732625,
        "hd95": 6.009232921921316
      },
      "MYO": {
        "dice": 0.8160311284046693,
        "iou": 0.6892336006309978,
        "precision": 0.7893706714844926,
        "recall": 0.8445554123711341,
        "hd95": 8.077747210701755
      },
      "Infarct": {
        "dice": 1.0,
        "iou": 1.0,
        "precision": 1.0,
        "recall": 1.0,
        "hd95": 0.0
      },
      "pathological": false
    },
    {
      "case": "Case_N089",
      "fold": 3,
      "LV": {
        "dice": 0.9096336499321573,
        "iou": 0.834245893479343,
        "precision": 0.9955449955449955,
        "recall": 0.8373719710217337,
        "hd95": 5.408326913195984
      },
      "MYO": {
        "dice": 0.8247441688946252,
        "iou": 0.701757138374647,
        "precision": 0.7127151051625239,
        "recall": 0.9785604900459418,
        "hd95": 8.077747210701755
      },
      "Infarct": {
        "dice": 1.0,
        "iou": 1.0,
        "precision": 1.0,
        "recall": 1.0,
        "hd95": 0.0
      },
      "pathological": false
    },
    {
      "case": "Case_P008",
      "fold": 3,
      "LV": {
        "dice": 0.8414757982624393,
        "iou": 0.726334242306194,
        "precision": 0.9904382470119522,
        "recall": 0.7314633189486073,
        "hd95": 6.193623568039104
      },
      "MYO": {
        "dice": 0.6044215496887744,
        "iou": 0.4330975084589357,
        "precision": 0.5758691206543968,
        "recall": 0.6359530261969286,
        "hd95": 17.571175511521016
      },
      "Infarct": {
        "dice": 0.4751835535976505,
        "iou": 0.31163328197226503,
        "precision": 0.38178386031146766,
        "recall": 0.6290824261275272,
        "hd95": 20.22652598488251
      },
      "pathological": true
    },
    {
      "case": "Case_P011",
      "fold": 3,
      "LV": {
        "dice": 0.8364786981579839,
        "iou": 0.7189199689199689,
        "precision": 0.9658141962421712,
        "recall": 0.7376918477177596,
        "hd95": 7.5
      },
      "MYO": {
        "dice": 0.6170771094065401,
        "iou": 0.4462122317909794,
        "precision": 0.6463002114164905,
        "recall": 0.5903823870220162,
        "hd95": 12.958228325245644
      },
      "Infarct": {
        "dice": 0.1871559633027523,
        "iou": 0.10323886639676114,
        "precision": 0.2459807073954984,
        "recall": 0.1510365251727542,