{
  "summary": {
    "LV": {
      "dice": {
        "mean": 0.8826420357380207,
        "std": 0.03511671175822272,
        "n": 21
      },
      "iou": {
        "mean": 0.7916726709526325,
        "std": 0.055271012626966945,
        "n": 21
      },
      "precision": {
        "mean": 0.9061943987800557,
        "std": 0.07034762516667235,
        "n": 21
      },
      "recall": {
        "mean": 0.8697932745636008,
        "std": 0.07330933275478797,
        "n": 21
      },
      "hd95": {
        "mean": 5.4301172741372215,
        "std": 1.0848789275512576,
        "n": 21
      }
    },
    "MYO": {
      "dice": {
        "mean": 0.6786071101747353,
        "std": 0.07573453347942916,
        "n": 21
      },
      "iou": {
        "mean": 0.5184500569749542,
        "std": 0.08557888103059767,
        "n": 21
      },
      "precision": {
        "mean": 0.5965540980875396,
        "std": 0.11448578463854303,
        "n": 21
      },
      "recall": {
        "mean": 0.8106974781805018,
        "std": 0.07641809289922286,
        "n": 21
      },
      "hd95": {
        "mean": 8.916177970075914,
        "std": 2.2203628985399204,
        "n": 21
      }
    },
    "Infarct": {
      "dice": {
        "mean": 0.5290921021476294,
        "std": 0.36063095213340685,
        "n": 21
      },
      "iou": {
        "mean": 0.45577260692214583,
        "std": 0.39650356845916707,
        "n": 21
      },
      "precision": {
        "mean": 0.5325314605672874,
        "std": 0.35877657679084546,
        "n": 21
      },
      "recall": {
        "mean": 0.5754983619282837,
        "std": 0.3786391843939636,
        "n": 21
      },
      "hd95": {
        "mean": 28.18214868406919,
        "std": 65.32895465826473,
        "n": 21
      }
    },
    "Infarct_pathological": {
      "dice": {
        "mean": 0.29363815322144393,
        "std": 0.16960642458399755,
        "n": 14
      },
      "iou": {
        "mean": 0.18365891038321883,
        "std": 0.11698302513203436,
        "n": 14
      },
      "precision": {
        "mean": 0.29879719085093115,
        "std": 0.17083858335025198,
        "n": 14
      },
      "recall": {
        "mean": 0.36324754289242545,
        "std": 0.282666265043445,
        "n": 14
      },
      "hd95": {
        "mean": 42.273223026103786,
        "std": 76.19798781315802,
        "n": 14
      }
    },
    "params_M": 19.220713,
    "inference_ms_mean": 8.870999018351236,
    "inference_ms_std": 2.1290971042000755,
    "variant": "UNET",
    "split": "fold1_test",
    "fold": 1,
    "n_cases": 21,
    "checkpoint": "E:\\Thesis Dataset 3\\checkpoints\\UNET_fold1_best.pth",
    "hard_myo_mask": true,
    "mi_voxel_suppression": true,
    "primary_metric": "MI_pathological",
    "protocol": "5-fold-cv"
  },
  "per_case": [
    {
      "case": "Case_N012",
      "fold": 1,
      "LV": {
        "dice": 0.9180686636575024,
        "iou": 0.8485461441213653,
        "precision": 0.8973262032085562,
        "recall": 0.939792775133016,
        "hd95": 5.408326913195984
      },
      "MYO": {
        "dice": 0.8010867775399308,
        "iou": 0.6681774481527263,
        "precision": 0.8198517020559488,
        "recall": 0.7831616226658081,
        "hd95": 9.0
      },
      "Infarct": {
        "dice": 1.0,
        "iou": 1.0,
        "precision": 1.0,
        "recall": 1.0,
        "hd95": 0.0
      },
      "pathological": false
    },
    {
      "case": "Case_N013",
      "fold": 1,
      "LV": {
        "dice": 0.9105478331970565,
        "iou": 0.8357850495346743,
        "precision": 0.9498464687819856,
        "recall": 0.8743718592964824,
        "hd95": 4.743416490252569
      },
      "MYO": {
        "dice": 0.7205098493626882,
        "iou": 0.5631226227132766,
        "precision": 0.5817739520958084,
        "recall": 0.9461351186853317,
        "hd95": 6.381173175769934
      },
      "Infarct": {
        "dice": 1.0,
        "iou": 1.0,
        "precision": 1.0,
        "recall": 1.0,
        "hd95": 0.0
      },
      "pathological": false
    },
    {
      "case": "Case_N016",
      "fold": 1,
      "LV": {
        "dice": 0.86497461928934,
        "iou": 0.7620751341681574,
        "precision": 0.9393605292171996,
        "recall": 0.8015051740357478,
        "hd95": 4.242640687119285
      },
      "MYO": {
        "dice": 0.7313747768219445,
        "iou": 0.5765097236438076,
        "precision": 0.6191261335531739,
        "recall": 0.8933386201427439,
        "hd95": 6.18465843842649
      },
      "Infarct": {
        "dice": 1.0,
        "iou": 1.0,
        "precision": 1.0,
        "recall": 1.0,
        "hd95": 0.0
      },
      "pathological": false
    },
    {
      "case": "Case_N018",
      "fold": 1,
      "LV": {
        "dice": 0.8942694015648128,
        "iou": 0.8087588449034232,
        "precision": 0.9122088006902502,
        "recall": 0.8770219825798424,
        "hd95": 6.0
      },
      "MYO": {
        "dice": 0.7891110737691144,
        "iou": 0.6516791562586733,
        "precision": 0.7323767935121647,
        "recall": 0.8553734061930783,
        "hd95": 8.74642784226795
      },
      "Infarct": {
        "dice": 1.0,
        "iou": 1.0,
        "precision": 1.0,
        "recall": 1.0,
        "hd95": 0.0
      },
      "pathological": false
    },
    {
      "case": "Case_N048",
      "fold": 1,
      "LV": {
        "dice": 0.857916102841678,
        "iou": 0.7511848341232228,
        "precision": 0.990625,
        "recall": 0.7565632458233891,
        "hd95": 4.77666201139971
      },
      "MYO": {
        "dice": 0.7444574095682613,
        "iou": 0.5929368029739777,
        "precision": 0.7136465324384788,
        "recall": 0.7780487804878049,
        "hd95": 8.077747210701755
      },
      "Infarct": {
        "dice": 1.0,
        "iou": 1.0,
        "precision": 1.0,
        "recall": 1.0,
        "hd95": 0.0
      },
      "pathological": false
    },
    {
      "case": "Case_N052",
      "fold": 1,
      "LV": {
        "dice": 0.8396964952426834,
        "iou": 0.7236869420801328,
        "precision": 0.8196567129085351,
        "recall": 0.8607407407407407,
        "hd95": 6.18465843842649
      },
      "MYO": {
        "dice": 0.7467501203659124,
        "iou": 0.5958509412216673,
        "precision": 0.7245406415446901,
        "recall": 0.770364238410596,
        "hd95": 9.486832980505138
      },
      "Infarct": {
        "dice": 1.0,
        "iou": 1.0,
        "precision": 1.0,
        "recall": 1.0,
        "hd95": 0.0
      },
      "pathological": false
    },
    {
      "case": "Case_N065",
      "fold": 1,
      "LV": {
        "dice": 0.7961389961389962,
        "iou": 0.6613213598460551,
        "precision": 0.9942140790742526,
        "recall": 0.6638763683193818,
        "hd95": 7.5
      },
      "MYO": {
        "dice": 0.6826012726990532,
        "iou": 0.5181432610744581,
        "precision": 0.5647149460708782,
        "recall": 0.8626912514711652,
        "hd95": 6.363961030678928
      },
      "Infarct": {
        "dice": 1.0,
        "iou": 1.0,
        "precision": 1.0,
        "recall": 1.0,
        "hd95": 0.0
      },
      "pathological": false
    },
    {
      "case": "Case_P002",
      "fold": 1,
      "LV": {
        "dice": 0.872070036712793,
        "iou": 0.7731597396094141,
        "precision": 0.9517156359153482,
        "recall": 0.8047255038220987,
        "hd95": 7.5
      },
      "MYO": {
        "dice": 0.7427104042412194,
        "iou": 0.5907234154697588,
        "precision": 0.7466688874083944,
        "recall": 0.738793671720501,
        "hd95": 10.619410656468302
      },
      "Infarct": {
        "dice": 0.2294849023090586,
        "iou": 0.1296147672552167,
        "precision": 0.29497716894977166,
        "recall": 0.1877906976744186,
        "hd95": 35.00801734917491
      },
      "pathological": true
    },
    {
      "case": "Case_P005",
      "fold": 1,