{
  "summary": {
    "LV": {
      "dice": {
        "mean": 0.9003652040141028,
        "std": 0.03787559699013111,
        "n": 21
      },
      "iou": {
        "mean": 0.8208987628245412,
        "std": 0.06137972390297969,
        "n": 21
      },
      "precision": {
        "mean": 0.8901964968180045,
        "std": 0.07059817894036068,
        "n": 21
      },
      "recall": {
        "mean": 0.9173440209910126,
        "std": 0.05500042926294867,
        "n": 21
      },
      "hd95": {
        "mean": 5.2998969969215635,
        "std": 0.8132457291681163,
        "n": 21
      }
    },
    "MYO": {
      "dice": {
        "mean": 0.6842270792972718,
        "std": 0.08733115657212638,
        "n": 21
      },
      "iou": {
        "mean": 0.5266546897272869,
        "std": 0.10032260415460752,
        "n": 21
      },
      "precision": {
        "mean": 0.5863661308481419,
        "std": 0.0947153763529493,
        "n": 21
      },
      "recall": {
        "mean": 0.8364831412946132,
        "std": 0.1055666997469742,
        "n": 21
      },
      "hd95": {
        "mean": 9.12777245954173,
        "std": 3.1528657385143113,
        "n": 21
      }
    },
    "Infarct": {
      "dice": {
        "mean": 0.44736223413149423,
        "std": 0.3665351208917113,
        "n": 21
      },
      "iou": {
        "mean": 0.37544505940980794,
        "std": 0.37684208309976036,
        "n": 21
      },
      "precision": {
        "mean": 0.48074545959163456,
        "std": 0.36077948156248996,
        "n": 21
      },
      "recall": {
        "mean": 0.5117469566132912,
        "std": 0.3787001426992492,
        "n": 19
      },
      "hd95": {
        "mean": 71.78688427483837,
        "std": 118.78328579396155,
        "n": 21
      }
    },
    "Infarct_pathological": {
      "dice": {
        "mean": 0.31390049405438425,
        "std": 0.21458114491001126,
        "n": 14
      },
      "iou": {
        "mean": 0.2060247319718547,
        "std": 0.15768441590204657,
        "n": 14
      },
      "precision": {
        "mean": 0.3639753322445948,
        "std": 0.22868350886385794,
        "n": 14
      },
      "recall": {
        "mean": 0.33737086968946656,
        "std": 0.28122293088455275,
        "n": 14
      },
      "hd95": {
        "mean": 62.656976461189686,
        "std": 103.82016962939387,
        "n": 14
      }
    },
    "params_M": 19.220713,
    "inference_ms_mean": 8.892468043736049,
    "inference_ms_std": 6.868929901526487,
    "variant": "UNET",
    "split": "fold0_test",
    "fold": 0,
    "n_cases": 21,
    "checkpoint": "E:\\Thesis Dataset 3\\checkpoints\\UNET_fold0_best.pth",
    "hard_myo_mask": true,
    "mi_voxel_suppression": true,
    "primary_metric": "MI_pathological",
    "protocol": "5-fold-cv"
  },
  "per_case": [
    {
      "case": "Case_N020",
      "fold": 0,
      "LV": {
        "dice": 0.9324593234226852,
        "iou": 0.8734649122807018,
        "precision": 0.9288712686567164,
        "recall": 0.936075205640423,
        "hd95": 6.0
      },
      "MYO": {
        "dice": 0.7717883139878025,
        "iou": 0.628383789844626,
        "precision": 0.6663835569899779,
        "recall": 0.9168029913531199,
        "hd95": 8.111181242280034
      },
      "Infarct": {
        "dice": 1.0,
        "iou": 1.0,
        "precision": 1.0,
        "recall": 1.0,
        "hd95": 0.0
      },
      "pathological": false
    },
    {
      "case": "Case_N032",
      "fold": 0,
      "LV": {
        "dice": 0.9347093970668116,
        "iou": 0.8774219865388537,
        "precision": 0.9839890210430009,
        "recall": 0.8901303538175046,
        "hd95": 5.437910567536158
      },
      "MYO": {
        "dice": 0.809764136368318,
        "iou": 0.6803392177223953,
        "precision": 0.6987202275151084,
        "recall": 0.9627724712221406,
        "hd95": 9.12414379544733
      },
      "Infarct": {
        "dice": 1.0,
        "iou": 1.0,
        "precision": 1.0,
        "recall": 1.0,
        "hd95": 0.0
      },
      "pathological": false
    },
    {
      "case": "Case_N042",
      "fold": 0,
      "LV": {
        "dice": 0.8211459322570434,
        "iou": 0.69656283566058,
        "precision": 0.8319435535599743,
        "recall": 0.810625,
        "hd95": 4.267679477275927
      },
      "MYO": {
        "dice": 0.674099208272742,
        "iou": 0.5084084815988301,
        "precision": 0.6034133641886028,
        "recall": 0.7635431918008785,
        "hd95": 6.708203932499369
      },
      "Infarct": {
        "dice": 1.0,
        "iou": 1.0,
        "precision": 1.0,
        "recall": 1.0,
        "hd95": 0.0
      },
      "pathological": false
    },
    {
      "case": "Case_N046",
      "fold": 0,
      "LV": {
        "dice": 0.9296918250599742,
        "iou": 0.8686206896551724,
        "precision": 0.8938963804116394,
        "recall": 0.968473663975394,
        "hd95": 4.5
      },
      "MYO": {
        "dice": 0.8129282097110515,
        "iou": 0.6848180677540778,
        "precision": 0.7553279822861888,
        "recall": 0.8800386971944534,
        "hd95": 6.0
      },
      "Infarct": {
        "dice": 1.0,
        "iou": 1.0,
        "precision": 1.0,
        "recall": 1.0,
        "hd95": 0.0
      },
      "pathological": false
    },
    {
      "case": "Case_N054",
      "fold": 0,
      "LV": {
        "dice": 0.9195285511074984,
        "iou": 0.8510438217039684,
        "precision": 0.9662609438394192,
        "recall": 0.8771079666602055,
        "hd95": 6.363961030678928
      },
      "MYO": {
        "dice": 0.8188422779470353,
        "iou": 0.6932539682539682,
        "precision": 0.7260008311400471,
        "recall": 0.9389107846649947,
        "hd95": 8.74642784226795
      },
      "Infarct": {
        "dice": 1.0,
        "iou": 1.0,
        "precision": 1.0,
        "recall": 1.0,
        "hd95": 0.0
      },
      "pathological": false
    },
    {
      "case": "Case_N070",
      "fold": 0,
      "LV": {
        "dice": 0.863141993957704,
        "iou": 0.7592346532022323,
        "precision": 0.7788985823336968,
        "recall": 0.9678184281842819,
        "hd95": 6.18465843842649
      },
      "MYO": {
        "dice": 0.7374929735806633,
        "iou": 0.5841495992876224,
        "precision": 0.6940574854523012,
        "recall": 0.7867279632220667,
        "hd95": 9.006207189772361
      },
      "Infarct": {
        "dice": 0.0,
        "iou": 0.0,
        "precision": 0.0,
        "recall": NaN,
        "hd95": 315.1634496574753
      },
      "pathological": false
    },
    {
      "case": "Case_N083",
      "fold": 0,
      "LV": {
        "dice": 0.8232758620689655,
        "iou": 0.6996336996336996,
        "precision": 0.7060128141941844,
        "recall": 0.987250172294969,
        "hd95": 6.009232921921316
      },
      "MYO": {
        "dice": 0.7111526691601496,
        "iou": 0.5517741722727872,
        "precision": 0.6598832623442183,
        "recall": 0.7710599078341014,
        "hd95": 10.062305898749054
      },
      "Infarct": {
        "dice": 0.0,
        "iou": 0.0,
        "precision": 0.0,
        "recall": NaN,
        "hd95": 315.1634496574753
      },
      "pathological": false
    },
    {
      "case": "Case_P003",
      "fold": 0,
      "LV": {
        "dice": 0.8894348894348895,
        "iou": 0.8008849557522124,
        "precision": 0.8317426652527394,
        "recall": 0.9557270511779041,
        "hd95": 4.743416490252569
      },
      "MYO": {
        "dice": 0.6890567250522256,
        "iou": 0.5256190242706545,
        "precision": 0.5802435723951286,
        "recall": 0.8481012658227848,
        "hd95": 8.098123918878578
      },
      "Infarct": {
        "dice": 0.0,
        "iou": 0.0,
        "precision": 0.0,
        "recall": 0.0,
        "hd95": 315.1634496574753
      },
      "pathological": true
    },
    {
      "case": "Case_P029",
      "fold": 0,
      "LV": {
        "dice": 0.9333492309526649,