{
  "summary": {
    "LV": {
      "dice": {
        "mean": 0.8955387301562897,
        "std": 0.04017300457050345,
        "n": 20
      },
      "iou": {
        "mean": 0.8130127334887307,
        "std": 0.05988186637507171,
        "n": 20
      },
      "precision": {
        "mean": 0.93635730585841,
        "std": 0.04667587930466614,
        "n": 20
      },
      "recall": {
        "mean": 0.8652556686116754,
        "std": 0.07857171799061936,
        "n": 20
      },
      "hd95": {
        "mean": 5.632712758052639,
        "std": 1.015978504019234,
        "n": 20
      }
    },
    "MYO": {
      "dice": {
        "mean": 0.6803477060195718,
        "std": 0.13337884281059278,
        "n": 20
      },
      "iou": {
        "mean": 0.5293615833593621,
        "std": 0.13714051339431144,
        "n": 20
      },
      "precision": {
        "mean": 0.6318586433441276,
        "std": 0.1180384469509872,
        "n": 20
      },
      "recall": {
        "mean": 0.7591427854914156,
        "std": 0.1835149932937819,
        "n": 20
      },
      "hd95": {
        "mean": 10.091429095779073,
        "std": 4.487731935203879,
        "n": 20
      }
    },
    "Infarct": {
      "dice": {
        "mean": 0.4432453401426978,
        "std": 0.360131106879964,
        "n": 20
      },
      "iou": {
        "mean": 0.37072051848290244,
        "std": 0.3783323594684771,
        "n": 20
      },
      "precision": {
        "mean": 0.4884537246679631,
        "std": 0.3592023986929774,
        "n": 20
      },
      "recall": {
        "mean": 0.5000294566640955,
        "std": 0.3630342090617069,
        "n": 18
      },
      "hd95": {
        "mean": 66.62652756710548,
        "std": 108.53273416447017,
        "n": 20
      }
    },
    "Infarct_pathological": {
      "dice": {
        "mean": 0.297300523296458,
        "std": 0.16965532910888115,
        "n": 13
      },
      "iou": {
        "mean": 0.1857238745890806,
        "std": 0.1119642429883452,
        "n": 13
      },
      "precision": {
        "mean": 0.3668518841045587,
        "std": 0.21532160634235228,
        "n": 13
      },
      "recall": {
        "mean": 0.3077330938425939,
        "std": 0.22217868052852344,
        "n": 13
      },
      "hd95": {
        "mean": 54.01566554055068,
        "std": 82.17381840580092,
        "n": 13
      }
    },
    "params_M": 19.220713,
    "inference_ms_mean": 12.096762657165527,
    "inference_ms_std": 1.5539245305979374,
    "variant": "UNET",
    "split": "fold2_test",
    "fold": 2,
    "n_cases": 20,
    "checkpoint": "E:\\Thesis Dataset 3\\checkpoints\\UNET_fold2_best.pth",
    "hard_myo_mask": true,
    "mi_voxel_suppression": true,
    "primary_metric": "MI_pathological",
    "protocol": "5-fold-cv"
  },
  "per_case": [
    {
      "case": "Case_N006",
      "fold": 2,
      "LV": {
        "dice": 0.9036726804123711,
        "iou": 0.8242727005583309,
        "precision": 0.921484888304862,
        "recall": 0.8865360303413401,
        "hd95": 5.408326913195984
      },
      "MYO": {
        "dice": 0.7627386598565,
        "iou": 0.6164733634755258,
        "precision": 0.6838203227213258,
        "recall": 0.8622491064063789,
        "hd95": 8.077747210701755
      },
      "Infarct": {
        "dice": 1.0,
        "iou": 1.0,
        "precision": 1.0,
        "recall": 1.0,
        "hd95": 0.0
      },
      "pathological": false
    },
    {
      "case": "Case_N023",
      "fold": 2,
      "LV": {
        "dice": 0.911280487804878,
        "iou": 0.8370204424530944,
        "precision": 0.9494917407878017,
        "recall": 0.8760257913247362,
        "hd95": 4.743416490252569
      },
      "MYO": {
        "dice": 0.7760597174086911,
        "iou": 0.6340666521455021,
        "precision": 0.687529522909778,
        "recall": 0.8907588739290085,
        "hd95": 7.5
      },
      "Infarct": {
        "dice": 1.0,
        "iou": 1.0,
        "precision": 1.0,
        "recall": 1.0,
        "hd95": 0.0
      },
      "pathological": false
    },
    {
      "case": "Case_N025",
      "fold": 2,
      "LV": {
        "dice": 0.9154147615937296,
        "iou": 0.8440228846732912,
        "precision": 0.8624615384615385,
        "recall": 0.9752957550452331,
        "hd95": 4.5121708245126175
      },
      "MYO": {
        "dice": 0.725739526167849,
        "iou": 0.5695378151260504,
        "precision": 0.6371327849588719,
        "recall": 0.8429726368159204,
        "hd95": 7.507426463519452
      },
      "Infarct": {
        "dice": 1.0,
        "iou": 1.0,
        "precision": 1.0,
        "recall": 1.0,
        "hd95": 0.0
      },
      "pathological": false
    },
    {
      "case": "Case_N030",
      "fold": 2,
      "LV": {
        "dice": 0.9007328447701533,
        "iou": 0.8193939393939393,
        "precision": 0.8647265749920051,
        "recall": 0.9398679179701077,
        "hd95": 4.743416490252569
      },
      "MYO": {
        "dice": 0.8065007618080243,
        "iou": 0.6757446808510639,
        "precision": 0.7354575768803261,
        "recall": 0.8927366764110637,
        "hd95": 6.708203932499369
      },
      "Infarct": {
        "dice": 1.0,
        "iou": 1.0,
        "precision": 1.0,
        "recall": 1.0,
        "hd95": 0.0
      },
      "pathological": false
    },
    {
      "case": "Case_N037",
      "fold": 2,
      "LV": {
        "dice": 0.7393488049878767,
        "iou": 0.5864816595686221,
        "precision": 0.9881944444444445,
        "recall": 0.5906198118428334,
        "hd95": 9.006207189772361
      },
      "MYO": {
        "dice": 0.4608930176805514,
        "iou": 0.29945482866043616,
        "precision": 0.49116457313178624,
        "recall": 0.4341362438840798,
        "hd95": 11.423659658795863
      },
      "Infarct": {
        "dice": 0.0,
        "iou": 0.0,
        "precision": 0.0,
        "recall": NaN,
        "hd95": 315.1634496574753
      },
      "pathological": false
    },
    {
      "case": "Case_N041",
      "fold": 2,
      "LV": {
        "dice": 0.9043342444357673,
        "iou": 0.8253741981468282,
        "precision": 0.9578163771712159,
        "recall": 0.856508875739645,
        "hd95": 6.18465843842649
      },
      "MYO": {
        "dice": 0.8030943599892058,
        "iou": 0.6709754997745379,
        "precision": 0.8328358208955224,
        "recall": 0.7754038561750912,
        "hd95": 7.648529270389178
      },
      "Infarct": {
        "dice": 1.0,
        "iou": 1.0,
        "precision": 1.0,
        "recall": 1.0,
        "hd95": 0.0
      },
      "pathological": false
    },
    {
      "case": "Case_N075",
      "fold": 2,
      "LV": {
        "dice": 0.9182389937106918,
        "iou": 0.8488372093023255,
        "precision": 0.9373996789727127,
        "recall": 0.8998459167950693,
        "hd95": 4.743416490252569
      },
      "MYO": {
        "dice": 0.7441322314049587,
        "iou": 0.5925243485127665,
        "precision": 0.7426591883866711,
        "recall": 0.7456111295130838,
        "hd95": 8.17385985016658
      },
      "Infarct": {
        "dice": 0.0,
        "iou": 0.0,
        "precision": 0.0,
        "recall": NaN,
        "hd95": 315.1634496574753
      },
      "pathological": false
    },
    {
      "case": "Case_P001",
      "fold": 2,
      "LV": {
        "dice": 0.8749134548811447,
        "iou": 0.7776410256410257,
        "precision": 0.9595039230574538,
        "recall": 0.8040296924708378,
        "hd95": 6.193623568039104
      },
      "MYO": {
        "dice": 0.5213562307353589,
        "iou": 0.35259082787373436,
        "precision": 0.5118893212278426,
        "recall": 0.5311799013010319,
        "hd95": 19.539923618086238
      },
      "Infarct": {
        "dice": 0.4347459413873076,
        "iou": 0.2777478448275862,
        "precision": 0.4142225793491362,
        "recall": 0.45740905057675246,
        "hd95": 33.23243747807328
      },