{
  "summary": {
    "LV": {
      "dice": {
        "mean": 0.891096195678254,
        "std": 0.03513084875793082,
        "n": 15
      },
      "iou": {
        "mean": 0.8053475762568965,
        "std": 0.055786220183700934,
        "n": 15
      },
      "precision": {
        "mean": 0.9293415349415741,
        "std": 0.06461527459341045,
        "n": 15
      },
      "recall": {
        "mean": 0.8649506291836545,
        "std": 0.07710282407724849,
        "n": 15
      },
      "hd95": {
        "mean": 5.556199002039329,
        "std": 0.7024548838907735,
        "n": 15
      }
    },
    "MYO": {
      "dice": {
        "mean": 0.6842405371302286,
        "std": 0.11830642842754563,
        "n": 15
      },
      "iou": {
        "mean": 0.531579004392455,
        "std": 0.1290734175506771,
        "n": 15
      },
      "precision": {
        "mean": 0.6171479387508817,
        "std": 0.13974160227414562,
        "n": 15
      },
      "recall": {
        "mean": 0.7863566355984442,
        "std": 0.09114677731210692,
        "n": 15
      },
      "hd95": {
        "mean": 9.399813534628045,
        "std": 2.527878747319104,
        "n": 15
      }
    },
    "Infarct": {
      "dice": {
        "mean": 0.26586050696257685,
        "std": 0.24409218294844087,
        "n": 13
      },
      "iou": {
        "mean": 0.17814807056716717,
        "std": 0.17743554270366454,
        "n": 13
      },
      "precision": {
        "mean": 0.2534169671119733,
        "std": 0.20345663760123386,
        "n": 13
      },
      "recall": {
        "mean": 0.40937884993273144,
        "std": 0.30041403102276404,
        "n": 10
      },
      "hd95": {
        "mean": 79.7523296624756,
        "std": 119.56160293437313,
        "n": 15
      }
    },
    "Infarct_pathological": {
      "dice": {
        "mean": 0.34561865905134986,
        "std": 0.2233593211311323,
        "n": 10
      },
      "iou": {
        "mean": 0.23159249173731727,
        "std": 0.16897057936414092,
        "n": 10
      },
      "precision": {
        "mean": 0.3294420572455653,
        "std": 0.16960873298067433,
        "n": 10
      },
      "recall": {
        "mean": 0.40937884993273144,
        "std": 0.3004140310227641,
        "n": 10
      },
      "hd95": {
        "mean": 25.079459596470794,
        "std": 23.57407857355877,
        "n": 10
      }
    },
    "params_M": 19.220713,
    "inference_ms_mean": 18.16412607828776,
    "inference_ms_std": 40.5390739644765,
    "variant": "UNET",
    "split": "test",
    "checkpoint": "E:\\Thesis Dataset 3\\checkpoints\\UNET_best.pth",
    "hard_myo_mask": true
  },
  "per_case": [
    {
      "case": "Case_N012",
      "LV": {
        "dice": 0.9053142702994335,
        "iou": 0.827008378511582,
        "precision": 0.8732760863908405,
        "recall": 0.939792775133016,
        "hd95": 6.18465843842649
      },
      "MYO": {
        "dice": 0.7514410480349345,
        "iou": 0.601846670397314,
        "precision": 0.8213058419243986,
        "recall": 0.6925305859626529,
        "hd95": 8.74642784226795
      },
      "Infarct": {
        "dice": 0.0,
        "iou": 0.0,
        "precision": 0.0,
        "recall": NaN,
        "hd95": 315.1634496574753
      },
      "pathological": false
    },
    {
      "case": "Case_N023",
      "LV": {
        "dice": 0.9100076394194041,
        "iou": 0.8348752453041772,
        "precision": 0.950526651771465,
        "recall": 0.8728018757327081,
        "hd95": 4.743416490252569
      },
      "MYO": {
        "dice": 0.7777777777777778,
        "iou": 0.6363636363636364,
        "precision": 0.6875,
        "recall": 0.8953488372093024,
        "hd95": 6.18465843842649
      },
      "Infarct": {
        "dice": 0.0,
        "iou": 0.0,
        "precision": 0.0,
        "recall": NaN,
        "hd95": 315.1634496574753
      },
      "pathological": false
    },
    {
      "case": "Case_N024",
      "LV": {
        "dice": 0.8736752344987209,
        "iou": 0.7756867834739347,
        "precision": 0.8839043628296771,
        "recall": 0.8636801541425819,
        "hd95": 6.009232921921316
      },
      "MYO": {
        "dice": 0.5682864450127877,
        "iou": 0.3969274740978921,
        "precision": 0.47682403433476395,
        "recall": 0.7031645569620253,
        "hd95": 7.5
      },
      "Infarct": {
        "dice": 0.0,
        "iou": 0.0,
        "precision": 0.0,
        "recall": NaN,
        "hd95": 315.1634496574753
      },
      "pathological": false
    },
    {
      "case": "Case_N054",
      "LV": {
        "dice": 0.9205967758085511,
        "iou": 0.8528756957328386,
        "precision": 0.9521541010770506,
        "recall": 0.8910641597208762,
        "hd95": 6.18465843842649
      },
      "MYO": {
        "dice": 0.8229049380730256,
        "iou": 0.699098114238863,
        "precision": 0.7466433158201985,
        "recall": 0.9165173772841275,
        "hd95": 8.077747210701755
      },
      "Infarct": {
        "dice": NaN,
        "iou": NaN,
        "precision": NaN,
        "recall": NaN,
        "hd95": 0.0
      },
      "pathological": false
    },
    {
      "case": "Case_N089",
      "LV": {
        "dice": 0.9239391513210569,
        "iou": 0.8586309523809523,
        "precision": 0.9916929246634202,
        "recall": 0.8648513614788909,
        "hd95": 5.408326913195984
      },
      "MYO": {
        "dice": 0.8478387284357434,
        "iou": 0.7358681022880216,
        "precision": 0.7610927440403689,
        "recall": 0.9569022095821483,
        "hd95": 7.648529270389178
      },
      "Infarct": {
        "dice": NaN,
        "iou": NaN,
        "precision": NaN,
        "recall": NaN,
        "hd95": 0.0
      },
      "pathological": false
    },
    {
      "case": "Case_P007",
      "LV": {
        "dice": 0.8850836385232109,
        "iou": 0.7938565340909091,
        "precision": 0.9669117647058824,
        "recall": 0.8160248220478189,
        "hd95": 6.193623568039104
      },
      "MYO": {
        "dice": 0.723726977248104,
        "iou": 0.567062818336163,
        "precision": 0.6609102356538946,
        "recall": 0.7997387897257292,
        "hd95": 9.142278254700203
      },
      "Infarct": {
        "dice": 0.1291390728476821,
        "iou": 0.06902654867256637,
        "precision": 0.28888888888888886,
        "recall": 0.08315565031982942,
        "hd95": 30.08050704427523
      },
      "pathological": true
    },
    {
      "case": "Case_P008",
      "LV": {
        "dice": 0.7929932536394839,
        "iou": 0.6569915669739165,
        "precision": 0.9997015816174276,
        "recall": 0.6571204393879952,
        "hd95": 6.363961030678928
      },
      "MYO": {
        "dice": 0.516640866873065,
        "iou": 0.34829115575267416,
        "precision": 0.45192958700067704,
        "recall": 0.6029810298102981,
        "hd95": 16.73320053068151
      },
      "Infarct": {
        "dice": 0.4563706563706564,
        "iou": 0.295647823911956,
        "precision": 0.4532208588957055,
        "recall": 0.4595645412130638,
        "hd95": 20.064549984932828
      },
      "pathological": true
    },
    {
      "case": "Case_P021",
      "LV": {
        "dice": 0.9068489805884508,
        "iou": 0.8295733750279205,
        "precision": 0.9503582395087001,
        "recall": 0.8671491944898436,
        "hd95": 6.0
      },
      "MYO": {
        "dice": 0.7548248749106504,
        "iou": 0.6061997703788748,
        "precision": 0.6924590163934427,
        "recall": 0.8295365278868814,
        "hd95": 9.12414379544733
      },
      "Infarct": {
        "dice": 0.27505827505827507,
        "iou": 0.15945945945945947,
        "precision": 0.3224043715846995,
        "recall": 0.23983739837398374,
        "hd95": 90.71465979304506
      },
      "pathological": true
    },
    {
      "case": "Case_P035",
      "LV": {
        "dice": 0.8831345826235094,
        "iou": 0.7907260524710189,